book_id,B1_attraction_chemistry,C_explicit_eroticism,D_power_wealth_luxury,F1_sadness_grief,G_courtship_rituals_gifts,L_vices_addictions,M_health_recovery_growth,H_domestic_nesting,I_humor_lightness,J_social_support_kin,K_professional_intrusion,Q_miscommunication,Q_repair,R2_alpha_guarding,R_jealousy_possessiveness,S_scene_anchors,H1_love_over_sex_log,H3_luxury_saturation,H3_love_depth,H3_interaction,H4_protect_over_jealous_log,H5_dark_over_tender_log,Q_repair_over_miscomm_log,H1_chemistry_over_sex_log,H1_tender_over_sex_log,H1_vows_over_sex_log,H4_tender_over_alpha_log,H5_trauma_over_safety_log,H5_anger_over_tender_log,C_explicit_eroticism_END,G_courtship_rituals_gifts_END,H1_chemistry_over_sex_log_END,H4_protect_over_jealous_log_END,K_professional_intrusion_END,L_vices_addictions_END,M_health_recovery_growth_END,Q_repair_END,Q_repair_over_miscomm_log_END,R2_alpha_guarding_END,R_jealousy_possessiveness_END,S_scene_anchors_END,B1_attraction_chemistry_END,D_power_wealth_luxury_END,F1_sadness_grief_END,H_domestic_nesting_END,I_humor_lightness_END,J_social_support_kin_END,Q_miscommunication_END
104659050,1.0613832712380002,0.3775368005279606,-0.587953237011751,1.301213897843415,0.3265679376843643,-0.27938179107209915,0.10530169512496618,-0.5936169947922877,0.3400402615111724,-0.04193027311201209,-0.6217647410544327,0.5027086908672638,2.0684028081540853,-0.9568299407883968,-0.7051029189234952,0.03819738527997207,,-0.587953237011751,,,,,1.4145196334834012,1.0336585538764638,,,,,,-0.08707404549356719,0.17730922129732812,-0.03145118032959397,0.2597739713833864,-0.07640808143676131,1.7099018878621108,-0.6041517727002336,1.0123298340564777,0.11753102922649562,-0.8141931066593058,-0.7339796058676977,0.6837713859036962,0.03041608509935585,-0.09020434371185068,-0.25303602158019173,-0.0875433359589324,-0.4833756190432517,0.364963871620773,0.259433103032186
11266880,-0.18501495532732493,-0.19402023753339567,-0.7668501275058294,-0.09721949332755368,-0.8413834199854364,-0.7206577483218282,-0.28721769774221473,-0.8509106882378551,-0.5812850699615619,-0.3728270098909494,-0.24074990565802637,-0.06136905523837816,-0.06484255774778305,0.6164527768405732,0.3196195244157323,-0.6685039596143917,,-0.7668501275058294,,,0.6568489121516055,,,,,,,,,-0.26240564195594973,-0.6125811296236199,0.3528180534998029,0.21912710654584613,0.18428945476728564,-0.2117862847468744,0.27835099279637504,0.26227136546444063,0.680631058378862,-0.7356981040525292,-0.6866180076771233,-0.03659829345381131,0.47019332651810525,0.28974875904716274,0.2820639909234943,-0.41420438464963455,-0.39821529814050727,-0.5465118957163743,-0.6533444142435947
123257687,-0.7442666243372705,-1.1610302187263892,0.18238838682719305,-0.2646087582154424,-0.6654832855827515,-0.7506826650615058,-0.47186144065042074,-0.6335657309962147,-0.5672573216313447,-0.2927936830841332,0.15963576619169745,0.2785096412438491,-0.12454076765732411,0.8959718463279087,1.2680941903587577,-0.44875502775283066,,0.18238838682719305,,,-0.34736109636220547,,,,,,,,,-0.7804970656503223,0.10862635294556441,-0.15990728552243189,0.3067116160234293,0.24689276335763116,-1.2893848214308354,-0.762811070133374,-0.1521925204678217,-0.8517016434459098,-0.7485510038358647,-0.6990070633350803,0.13036383222372425,-1.1121146242002713,1.5173163485596366,-0.3393220340435866,0.170791390343824,0.21057285563143546,2.0786549749034835,1.6617052030217625
123446478,-0.14165808735051896,-0.24714358676413453,-0.3989879956941038,-0.3878974641160091,0.32742813938039894,-0.4243586696933615,-0.4933166612415635,0.36903295915315276,-0.14657898035783176,-0.31898106732059467,-0.48289886576322727,-0.30790981351595414,0.8035908428806137,0.7073085119783488,0.6996945583959769,-0.03497126723761134,,-0.3989879956941038,,,0.010823028382936806,,,,,,,,,-0.1961290184573487,0.023718868203934446,-0.5188959205575382,-0.32701706237111133,0.13943836559415693,-0.8174697778929919,1.2454357744336644,0.07419031129050353,1.4937889593239744,2.1118005707327323,1.5602178173229624,0.35085383921626806,-0.7660207762655582,-0.38071310979092443,-0.6152169205620244,0.47707866365052276,-0.3606837004619117,-0.6140247628569593,-0.9486511045134747
127305713,-0.6852123127414945,-1.0702261522414154,0.0739240813609399,-0.8448277126368031,-0.9805524919166311,-0.7664996517321498,-0.5186406532560821,0.0373199329405048,-0.5038548974916931,-0.1700928221705326,0.036027658667104334,-0.21775145870949,-0.6977769191807411,0.9997565201492628,0.8025644105051792,-0.5692703833330541,,0.0739240813609399,,,0.21969940962819845,,,,,,,,,-1.0360493054663948,0.24658937033158762,1.225388124860902,2.2302638462310393,-1.1305944575220201,0.4809173749140545,0.27380490858183987,0.35582942743283874,-0.0323270194382695,1.3955184413212152,-0.32348159512032654,0.3874008798167281,-0.3909399067838686,-0.6853077946760613,-0.5749908393099904,0.5831241727376101,0.032240777059001566,-0.2629583450374884,0.1298032863640531
149105520,0.7837080025504224,-0.5997120303707211,-0.3471387914564509,-0.0006101988520477137,-1.4704105196903514,-0.48546204661491066,-0.13065374396844695,0.2855338880478541,-0.10629696104275063,-0.44886131232456533,0.6193934345000455,-0.5335083737933632,-0.8397143787960785,0.06347943636846345,0.044997882991034445,-0.7644744987294301,,-0.3471387914564509,,,0.3440941027031803,,,,,,,,,-0.4530303413303277,-0.6817421224024054,0.5007307311447867,0.14005395924074115,0.19474641059665587,-0.4081084149515769,-0.4013011124335055,-1.2970291967529155,-2.00546849259378,-0.7759482312863528,-0.7062100467794068,0.34562045783053136,0.3416038740063517,-0.4210945006866872,1.243170362778471,-0.7122669383109369,-0.48333103937127125,-0.86918949645576,0.18303517607541211
15197,0.4571551516134603,0.04163592347282525,-0.19790652325668703,0.36777334844671866,0.30349701294192905,0.4086137360178798,-0.003745663018944405,-0.2391052888639839,-0.35245365521278876,-0.3636261783211986,-0.4272871637381139,-0.36682865576824475,0.3637589284764448,-0.5317470375245521,-0.43139917598641936,0.7167381003388424,,-0.19790652325668703,,,,,,2.3960376638847847,,,,,,-0.9680848855262072,-0.6736223659171281,1.0835067802370681,0.22053874437478627,-0.16937879927408747,-1.149457924839509,0.12650994842401475,-0.18583506377004566,-0.566813534163667,-0.7717170890135516,-0.7077367467714183,-0.7639488123064548,-0.27989792405109315,-0.38155247595551306,-0.2737854342169999,-0.41504003969845227,-0.47246219084508934,0.017971898631779764,0.7051130157203052
161913,-0.6741867450822273,0.327624298699505,1.7875608374552918,0.5638293112652698,0.7126856286632836,-0.45168124878490507,0.48078770109613017,1.0769230454849081,-0.19684035566227953,0.9786882068868595,-0.6627520094322353,1.6314802876976418,0.20109651735267228,-0.828033527106723,-1.2458147439424727,-0.37255293551130664,,1.7875608374552918,,,,,-2.093453695217035,,,,,,,-0.7539472213786613,1.1674165843904198,0.9893980191846796,0.12437007053540451,1.1168328553457396,1.4151113129100694,0.22729023286970335,-0.2201903709495123,0.1103726199705594,-0.7303165840499952,-0.677403637842805,0.9897698950460411,0.4333901123633192,2.147082347532227,0.054639226011167705,1.515238677769432,-0.46648971517180793,-0.7306488280460531,-0.40725230442668087
17561022,-0.7184326773675249,1.9524199172424488,-0.3275361703122272,0.739862144941247,1.3907865310267868,1.0646942806231947,0.17007112630000903,-0.372287142459487,-0.25862283125551505,1.8714331737110979,-0.2856661173181463,-0.7671185638577702,0.23051848513744874,-0.2038838125585029,-0.22695702903876183,0.9830168229088305,,-0.3275361703122272,,,,,,,,,,,,1.620099815314269,0.4471640327312849,-1.5920798207616091,0.10279047813310702,-0.37811158795091115,0.6769334314038219,0.4045172187540613,-0.7954002936781037,-0.979516541924443,-0.7358227930576111,-0.679396818439615,-0.39843144667730357,-0.8247778141931622,0.39411941484946955,0.5491440815618588,-0.8303729359925713,-0.43687044684105963,2.0343087668648705,0.5316177258329332
1756703,0.5911040576574162,-1.3397944514212354,0.17578263412088668,-1.167325682983134,-1.6983012512663387,-1.2375170595671179,-1.078331565723137,-1.2341702001014352,-0.38401598891071237,-0.37326187226754853,0.065668230556193,-0.2920511614518863,-0.8462249052575509,0.7988705501952814,0.4046170675445984,-0.9541603574466476,,0.17578263412088668,,,0.6802565905706929,,,,,,,,,-1.090395589108646,-0.5710925102197306,2.739292685586172,0.13680583716797154,1.1266181499615786,-1.1625882353307042,-0.15164846469875834,-0.7974492883531388,0.5236201401805517,-0.7083456676694388,-0.6648186048884546,1.0976694076216373,3.1067190486963407,-0.7964036204613868,-0.37849635810020166,-0.16640484111576037,-0.03473324971651321,-0.7160140404332563,-0.8756958497656582
18692741,-1.11117121011436,1.3413725799692917,-0.7555692754791206,0.09495743297791344,1.4659569331460114,2.651387541964849,0.566684186657543,2.743222486384806,-0.3562046930281875,-0.4220553550420197,-0.9565538124249792,-0.6224046018226684,-1.385286446728018,-0.4490936695046197,-0.8557218484869235,0.26728473286326687,,-0.7555692754791206,,,,,,,,,,,,0.0062242081357333666,-0.03593586275356767,-0.6779674955085321,0.044003921047623504,-0.509071359056833,1.154882238734676,0.74008932158326,-1.053495364203928,-0.5830402150032126,-0.7578954415484284,-0.6896643377472131,-0.33461418449990993,-0.7505933372669646,-0.49889192107180796,0.05593864598341187,3.2573428842069303,-0.5014612229506854,-0.7415861329921711,-0.5378225479915222
201413413,-1.1628712443257612,0.912816213237505,-1.2367860239598734,0.36001419540837803,-0.7218713626852905,-1.1343403871655513,0.3118152877767915,-1.2158909446736068,-0.2019864767617576,-0.6899718229865609,2.372159626477675,-0.729633395105701,-0.13669805946798433,0.03925961621362989,-0.02083655418061099,-0.8404735579101698,,-1.2367860239598734,,,,,,,,,,,,-0.044187529781324085,-0.09125368569068128,-0.7986911399591943,-0.0029371767235091256,-0.3804513652466801,-0.289445880996662,0.6354604894725605,-0.20180198229358035,0.8112237970937125,-0.63759827465658,-0.6079749631431933,-0.3842434010510041,-0.9057266821815356,-0.09941882533365502,-0.23345069364415424,-0.375843261350669,-0.4033050809983361,-0.7686800864807323,-0.8172921051476341
20346544,-1.6643401085654304,1.6650827574960236,4.820009765242865,0.024989089369936136,0.7465623323136553,4.746646100615912,0.07246753819163593,0.3145838231294868,-0.6405401573526959,5.597243201638563,-1.5366158585500982,-1.010626770266815,-0.16381640367779107,-1.7234207656252718,-1.2217108082667512,-0.22340287120423338,,4.820009765242865,,,,,,,,,,,,0.1648131806321981,-0.5654943450921124,-1.3238406948302925,-0.8061979418978832,-0.5899728774419865,1.4607851798880176,-0.6523294397017566,-0.18654966739257187,0.8625497357990122,0.41422720263062335,0.5390050398371778,0.46663855545602667,-1.1807137790793472,1.3263780031550285,-0.03115376401172542,0.784531861278507,-0.29578524596122613,2.8640232134180086,-0.8317046805935147
208153130,1.096822556135896,0.3518942108004372,-0.6758610003695402,0.6527710651883083,-0.022528642582139845,-0.20742480989426182,-0.5518552413721762,-0.3790653945455277,-0.1560930652125132,-0.8216968359467407,-0.776580563525002,-0.694775807955364,-0.819043989750733,4.7085339705699685,5.259266849799821,-0.09319812762340891,,-0.6758610003695402,,,-0.11061501195305401,,,1.1368401704774422,,,,,,0.05251563290501855,0.3951111177035165,9.42486932656274e-05,0.4961135236303284,-0.2669674843800707,0.5373573939521064,-0.24449278406317304,0.6883935361804477,0.3039041620289042,0.7419815218706367,0.04570492631308281,0.3924086544947611,0.30439106531185617,-0.09385407713512792,0.3622877549670647,-0.3798922918036786,-0.4555560051216586,-0.6777084795589232,-0.18431504287050965
21787,-0.9646578767903791,2.588587419585945,-0.6759861762246456,1.8511814331892984,1.233764794387233,-0.16026250860518962,1.9001925672849476,-0.8660834752222372,-0.24790867886094806,-0.2542390308521628,-0.6647372351591632,-0.8431453337559986,1.2004074287845945,-0.011210393264310142,-0.5102354271982091,0.010814378311133882,,-0.6759861762246456,,,,,,,,,,,,1.536715771665923,-0.6873721657218055,-1.1015486334358642,0.2453848530668028,-1.2006583135946816,0.35053477874539785,-0.8238780317155774,0.2518367462635221,1.921765387118047,-0.8138016790644741,-0.7332294349301793,1.1499693076858237,-0.26859340938972726,-0.7858085571606981,-0.4911949700130519,-0.5261648306471676,-0.5972446681235006,-1.1294992037306133,-0.9933294957043378
22609391,-0.6262991562926855,-1.0699736460821696,0.14302084570704804,-0.70421360748056,0.10107397032232049,-0.06507116988526575,-0.35568472421553543,1.1723131085889982,1.228205431024717,0.7084441677784671,-0.23057932447965795,-0.4039071533732562,-0.9594516131267975,0.1779930493079477,0.274931441444248,-0.6100378197973729,,0.14302084570704804,,,-0.4347752811308767,,,,,,,,,-0.9156661630252048,0.5312693485179999,0.7848803542647969,0.27790789257438475,-0.1214202618439225,-0.24689671222627912,-0.2002533120783677,-0.5779852864317107,-0.2512564127347126,-0.7687451117632571,-0.7088737735838435,-0.22114827331434084,-0.4939847641701173,0.41022189378830765,-0.0542943946611436,0.7920456739702711,2.5604850972061133,-0.5265747906514686,-0.29642232634470556
22707536,0.7219381468795945,0.7342507846829792,-0.4546871165575213,-1.273033630373035,-1.1216276671381737,0.3945285074564124,-0.900452819502874,-0.7854052279617756,0.18824256787774574,-1.0055003951264085,0.2889409339589173,-0.6144959915590295,-1.74107594358831,-0.9093072422962789,-0.8892742063744132,-1.1422451288813624,,-0.4546871165575213,,,,,,-0.016911149455670904,,,,,,1.5628197433004514,-0.32271938498419234,-0.9819411789919155,0.21596775794036147,0.04863460289814673,-1.031593045459405,-0.8436347946101069,-0.10488470544559392,-0.6267482462581341,-0.8233017025593861,-0.7377019592859335,-0.21424421622956077,-0.063883109967394,-1.1788657291047315,-0.46886335582642974,-1.1362437840072532,-0.598679025495912,-0.6559147841434066,0.9899898136868296
23518136,-1.5419708317610574,1.4797970897660657,-0.5952564622524031,0.561480398398147,1.2047786039669308,-1.0240358608924114,0.9679951278846335,-1.3214081010163272,-0.7241976885918321,-0.4803172155981057,0.7415732887531918,-0.3462199035856461,0.49723928773869425,-0.8649022041187483,-0.3586965309311453,0.20119604384345233,,-0.5952564622524031,,,,,,,,,,,,0.006549811753581478,-0.027523820537290508,-0.32830848048431965,-0.9227221952702186,-0.32863398812213007,0.134945343220739,-0.6151024218935945,-0.04616755506638629,-0.40637197723632246,1.7266024996568898,2.0086157124439934,0.05062265279711805,-0.32136268632321036,0.45336606183462314,0.30073908416025263,0.03405414428165797,0.00799767346572521,0.5430248724132969,0.5050617742864631
27394781,-1.3130651851485147,1.6215297950215564,-0.20592023169128038,1.1620012718142116,2.8870389630156548,-0.46137662217312303,1.081007137640474,-1.415899662037802,-0.75004567074928,-0.777532113513079,-0.26444770244748383,-0.8069735855713007,1.7455747660937961,0.5335993072412049,0.9482330834807099,0.20948753104226905,,-0.20592023169128038,,,-0.5749543248866771,,,,,,,,,1.161695035833643,-0.623088291859019,-1.0675385193993352,0.28198917706822235,1.6095498533247452,1.9023887553791892,-0.6953380726858176,-1.2015452022463036,-2.371405307655902,-0.7139935803245123,-0.6781056155976843,-1.1487238252720255,-0.4305696561263307,-0.32059804244641815,0.20070297229724957,-1.1497643674237228,-0.4443312769079232,1.6997152122286447,2.8337888217977865
28675670,-0.026916010731200073,-0.4575340312848483,-0.19397461157171794,-0.37214533346538137,-0.24250715884327537,-0.36933709510155227,-0.9475646215829888,-0.23402618485139778,-0.10591568414645348,-0.5747127725827844,0.21868359758538589,-0.3990979978034457,0.31039634974623226,0.5946438274111705,0.3816216327430294,0.6606783005630098,,-0.19397461157171794,,,0.44353205065342916,,,,,,,,,-0.7621042650125934,0.07300494759267194,0.7333452540078046,0.3734767883458857,1.1171683338946068,-0.28247573809855014,0.0196499139780843,2.3847824291641393,0.155657734427491,-0.7612988001476898,-0.7094564490089783,-0.4693239034624236,-0.08132801421161445,0.5381049725444054,0.2614692199236487,-0.8678441103936062,-0.013630472034274128,0.025513982773869945,0.8998026247184971
28869598,-1.0346062278335453,0.27458250473462287,0.056718056643211945,0.09061431817228924,0.638652539805517,0.2059384157443833,0.6766590887424995,0.4534849420972638,-0.3488933679815335,-0.49704699147231246,-0.24595972874376576,0.6886239981893815,-0.5523900510491081,-0.06637531528256693,0.1455278901049112,2.4642248213592874,,0.056718056643211945,,,,,,,,,,,,-0.20243714384183667,-0.6594900648602368,-0.8735384209853119,0.21534804307978264,3.321315669010362,-0.44802844217275756,-0.23385023123547308,0.06564724912173527,-0.2607648912133586,-0.8224599694178375,-0.7371878011074973,-0.33099789085458337,-1.0781419124648812,0.9186530292369403,-0.6951943779454782,1.07313869076693,-0.5311026366280648,-0.9025804243359813,0.3163099668770414
28963772,-0.46594045763878805,-0.5426008864756222,-0.26891145525167715,-1.605368271701055,-0.6532659287952537,-0.7644098323405547,-0.16285480770676597,-1.1696593047403578,-0.1840482242450119,-0.540042787862098,-0.5421057353795156,0.11848694268591756,-0.38405015134178005,0.24133379977000016,0.18113316729858808,-1.1569878202555681,,-0.26891145525167715,,,0.28694716762943107,,,,,,,,,-0.36160402936677793,-0.6657628925028185,-0.7720796821221767,-0.8700472980536977,-0.07405561320800852,-1.3366474571751754,-0.40329699053050105,1.0588308836436164,0.4795782388620245,0.16016068256159904,0.32310055289419726,-0.36598573227393877,-1.120424871912913,-0.28989339242617645,-0.5328229610142557,-0.8457131816277484,-0.5099298259780334,0.20920623045949002,-0.2577151873297477
29424551,-0.3374618292644457,-0.4553195967484704,-0.0067414990091117745,-1.0208150133029343,-0.1500445617157839,-0.14458319027893884,0.13498615923519516,0.09563057212055392,0.25243279220131754,-0.6394435004256761,-0.549966853257157,-0.25330406216898893,0.2060622334716766,0.26640159002951425,0.4814841415855102,0.32105345020964166,,-0.0067414990091117745,,,-0.5918667112129888,,,,,,,,,-0.5564865552027921,-0.2632117659132583,0.060898593719720305,-0.9282940738999155,0.34340302668914324,-0.6277889531992775,-0.7419936810316676,0.03270775188969328,0.8104713094468396,0.3844499598186263,0.595203686651641,-0.3630681949435874,-0.5723360698736758,-0.19065093732365423,0.22701737719906467,-0.441046712611358,-0.2745825674643175,-0.17153376626865363,-0.7692264571484425
29939161,0.22526980375067748,-1.0164474361549962,0.5174284956816151,-1.2769299546149637,-1.897006667743555,-0.6792710823889767,-0.6329949236883893,0.6777987732799167,-0.16170173964784906,0.20536339727129888,1.3431909795383017,0.9026835278094429,-1.039597737090589,1.1795353758315072,0.8872797435985379,-1.108350519034705,,0.5174284956816151,,,0.28471529705446574,,,,,,,,,-0.8492584663061108,-0.6773425159201119,1.1190279333178743,0.3513215814005837,2.5363583266839287,-1.207594169926717,-0.5427098685213381,3.631866649280358,2.5031724407542093,-0.7798509329399664,-0.7184872849841256,-1.4833103040482012,0.3042675600954369,0.5442742166188419,-0.3835637524694984,0.07308352734607981,-0.17550869624306245,-0.8063411401062088,-0.9705176215829774
30291077,-0.8465154608853341,1.1154273756323767,-0.5906622626392007,0.5368767535822407,1.6875205850323984,0.7470113680427598,0.5668554974062053,0.11609001004637426,-0.2899132162768155,-0.4719516983856181,-1.0244839327805193,3.1058510183714994,-0.491477467153012,-1.5575404671995934,-1.14803585045904,0.8669524269586892,,-0.5906622626392007,,,,,,,,,,,,0.42759723326775206,0.4580140832087552,-1.988944415029454,4.5105677917009865,1.019356551508252,-0.26299831857026645,-0.09892330841099715,-0.9315431407950054,-1.1069989747942115,0.4029090900764483,-0.7193898908892675,-0.6371964249780148,-1.4294206508075646,0.10778988224021656,-0.18271563707487254,0.9564875402630232,-0.5176801760984889,0.13413004613883373,0.4240669748897179
30618705,-0.805378135676204,1.004827815118702,-0.3652786303702348,0.7002396131230915,2.4103468616760497,0.7438964482228196,0.931504443045657,-0.24245886984254872,-0.4724625116921666,1.4611790050334765,-0.30968615065435257,-0.26070336145009376,0.8085736233112304,-0.8305644184012686,-0.766850453728046,1.3209542012854891,,-0.3652786303702348,,,,,,,,,,,,-0.32110662233229625,-0.07103851645071742,0.4768228707880884,0.24605821612280723,-0.25213530184812083,0.5266246292161401,-0.018967702082203993,0.5732431551442425,-0.48233264594213304,-0.6994825671614906,-0.667376007714032,-0.4788563353382352,0.6145408932812105,-0.6126804967232586,0.6033441716816249,-0.7356853607347325,0.3283880162284851,2.0327345455257535,1.4784249007572106
30627346,-1.3078181706865444,0.1192565471720003,0.35551600579815507,-0.22837637758839116,1.1477314430656342,0.4140677607774387,0.5525004794699838,-0.35496445382926045,-0.6170578388676076,-0.04439456186992916,-0.7978170801500515,-0.19391036615040766,0.643884144070838,-0.8621279111864897,-0.567098060608968,3.344368237597323,,0.35551600579815507,,,,,,,,,,,,0.04164771175570548,-0.6353328037748688,-0.5616831935148875,3.384801714341463,-0.38965113851465555,-1.092861306850714,0.1559365640717937,0.857818841568513,1.5390779398693657,0.059884255915591496,-0.6911716190417733,0.46728256150918707,-0.5908567623590523,-0.08590529627742159,-0.24043200504464174,-0.20595399465537795,0.22794787344049114,-0.3717641749510936,-0.8991314945188787
306364,0.5888127330677467,-1.421460815992748,1.4388808380916651,-0.8430742399660374,-0.9926638173016942,-0.4601251844919274,-0.6889651759039537,0.5456744248645524,-0.41621352588429134,-0.05897951059769886,-0.2759089681899313,-0.37507466369478515,-0.44040471273883475,0.3847950675163908,0.4578858222832025,0.08061295305579656,,1.4388808380916651,,,-0.1739085414706525,,,,,,,,,-1.0191700216008448,-0.6724458168759634,1.919594819296898,-0.8799079101287897,-0.06417466680117008,-1.0197197089178205,0.37754805019333776,-1.3044903253310058,-1.9054969447803887,0.8948083753052005,1.0877101093850252,0.12884620174214356,1.116282263755808,0.5841660678517724,-0.5222329142760687,1.8904901581618914,-0.4472396676265846,-0.367283958222874,-0.05463129287198205
31276376,-0.617985955449324,-0.6087358335502342,1.1647030242649283,-0.042628876272324895,-0.504832287725812,-0.6474369888562014,-0.16002497343668598,-0.3966435100199392,0.05162810707115695,-0.08575576594402308,-0.2948042687236937,-0.33303277244895085,0.8788195159170236,1.019405490297058,0.9974267777657831,-0.15269685140082062,,1.1647030242649283,,,0.021796121766715693,,,,,,,,,-1.0584797828217254,-0.15059834226974825,0.9642722184176254,-0.9287222621250852,0.08996410971365801,-0.7709343062703435,1.0074887636792818,0.21390768486431952,0.2161662041946466,2.6672889002907763,3.0139291110530193,0.1443776851906771,-0.7956749353152276,-0.2890266037144289,-0.17867846243692573,1.2211884549016034,0.9621287716813991,-0.33612319749868075,-0.2927755853652045
31424202,0.7560823149737409,0.7329159467897164,-0.3424319907299626,-0.6354951213979327,-0.09131703087117862,0.18578331885301935,-0.5991212415843448,0.7236804314172973,-0.31793353458894186,-0.41919251198443946,0.40396683150623053,-0.22331042802338222,-0.2094653984050579,0.043621289211992556,0.13891083389701242,0.4608284086819043,,-0.3424319907299626,,,-1.1582712031890563,,,0.031119185512406777,,,,,,0.7300910402635218,-0.3382687693259484,-0.1789697485847508,0.26673396413378136,-0.3839770454185715,-0.09052192246985216,-0.6825197743433843,0.6906197512161276,1.6818995745806427,-0.7500412970402561,-0.6976574969612752,-0.346699440883523,0.8608338268344553,-0.0900727808401642,0.8531323627420573,-0.699375317901711,-0.4199231885421986,0.04581030119487589,-0.9391209337850959
31625455,-0.40959039306080874,-0.4786155845771991,0.09959086852602231,-1.3871855914111801,0.8609826656934717,1.0200973638624178,1.702219018153825,0.09072234996128736,-0.40090661122497506,0.19316647335724887,-0.1925464845978767,-0.2961425083098537,0.39507641473227695,0.22502787836872543,0.1643178897857994,0.889135419347245,,0.09959086852602231,,,0.31441975253203847,,,,,,,,,0.08965710895655386,-0.5148290224089735,-0.15362462484851458,-0.9220497426650038,-1.1415874029891446,-0.03700916314472494,0.5043795352318756,-0.6873751806571348,-0.46903170018741586,0.7895880656832804,1.0183996584514508,-0.883038859298239,0.06396609445641671,0.05225532969008207,-0.7949717650816451,-0.5155404073432891,0.6162583169646608,-0.6454688351721515,-0.1556910714396269
32195234,0.7064432149742254,1.370623818068999,-0.6438957327992766,-0.33062368486463534,-0.15325245589222766,-0.29101182782781126,-0.5764335111796057,1.1331319271146691,-0.21230465535054732,-0.3977905210318488,-0.12396530303376217,-0.5271789087622726,-0.45394405927689585,-0.3024493596001501,0.05438591479965406,0.19232766591420947,,-0.6438957327992766,,,,,,-0.6627777471260254,,,,,,1.8160506142143358,0.2915316469273879,-1.076124738471657,0.22807575785377512,0.3462217164126378,0.07821486034190991,-0.4031922492602435,-0.9182574939493677,-0.774654818752785,-0.7334046281667952,-0.6858273742648007,-0.32513940481768466,-0.07254713920770457,-1.1230265102642452,1.3065546113958753,-0.7031204194670247,-0.5393833794015859,-0.46616279225237833,-0.11035721941597641
33743772,0.073783254716211,-0.14484842931439584,-0.5296239865361606,0.5535021293865269,-0.06757325500707145,0.18340235761341248,3.274788542735114,-0.220639883662514,-0.34082285051632827,0.5217820098467589,-0.24085692556827767,1.3576345862853483,0.7135254507734137,1.291429466564339,0.40393386791234553,-0.1697176782787908,,-0.5296239865361606,,,1.1622521248768423,,-0.6432804181287897,,,,,,,-0.5582869446584781,-0.6732242982866018,-0.1942414778471767,0.0875058399310004,0.48014395928531967,-0.64991350519553,6.3439293598401605,-1.2919956817206186,-2.6466033234520716,-0.8507810618466186,-0.7503257001703162,-1.3455321214697114,-0.8476109325949964,-0.9704382311597843,-0.6335939918286342,-0.8788910729975276,0.11660382818321509,1.3804061354835282,2.1794438910855756
34272677,2.8912762396279326,1.4515995088085054,-0.5169747000966817,-1.3031442656913004,-1.680694885023883,-0.09586920037050173,-0.1719989921729432,-0.7843354991710598,0.4446328523518513,-0.6573570018497739,0.03290206261723819,-0.35464273764959003,-3.0985937075067156,-0.3071897729850865,-0.07923541476213496,-0.9447965868448345,,-0.5169747000966817,,,,,,0.6890316090485649,,,,,,4.901016270044618,-0.7031836444460282,-1.1394367130260334,0.2581940950584529,-1.3832827681287823,0.42656108785577995,-0.8765443609979835,-0.2706260458549704,1.4783037181142031,-0.6633110293504977,-0.6475192787018624,-0.0527176003230423,1.4654877265663449,-1.1188296281429606,0.40383445795956885,-1.2053352704824263,2.2054865537876123,-1.2015228983505244,-0.9732847109588881
34322023,-0.9785131854516493,-1.0053903065192342,-0.09415304079052653,-0.17408423117831032,-0.5982760651900086,-0.4468841787135353,-0.14558715461495475,1.7130308615319925,1.0255337876372779,0.13688516105552154,-0.3137018008251254,-0.20529322960052285,-0.1799023498771228,1.1002234895590464,1.0133323559062295,-0.9808399629947897,,-0.09415304079052653,,,0.08226899137395538,,,,,,,,,-1.1454877425549395,-0.620734891534969,1.4307740687107264,2.477653309880315,0.23096526681823445,0.06949690249873941,-0.006141674212975521,0.7800143770312822,-0.07896047454958352,-0.31167642525922495,-0.6907648543120759,-0.5705650148143189,-0.735185255845199,0.20978114208854182,-0.3142185932344589,0.6195996059524298,0.9477016279800043,0.32393573061960274,0.5180953493612035
34438741,1.0153724033665905,0.26109561943423654,-0.9247222392091252,1.857774594393914,-0.7789939476250326,-0.601098287573442,-0.4198093388152322,-0.40541120578757817,-0.22873647931371124,-0.7845561771443424,-0.9678048917114679,-0.6357701260839449,-0.6470460861425922,2.699672523719818,2.8055067824691413,-0.9578894594247973,,-0.9247222392091252,,,-0.038453701650961514,,,1.3581211806902898,,,,,,-0.22533862726109005,0.0049443922291124,0.08454146835927624,-0.8595755232484539,-0.33603139789025743,-0.2220098234801658,-0.3167296156575087,0.5050847150192355,0.181680534636579,0.6285025472567565,0.795689377082054,0.15036384973620354,0.014517313096878825,-0.9220653842065295,0.38825013618269644,-0.09506600695191011,-0.4413967138393013,-0.4320649839871941,-0.10885014808468745
34812836,-0.4104122131042619,-0.25151335672591985,-0.26884216620213913,-0.25678524202584835,-0.5064186341388267,-0.28349111937470317,-0.0035095488257004715,0.15488571913350277,-0.25755220109137045,-0.3217006712436025,0.2663536785603529,-0.22223685906007298,1.8127808091212223,0.002206171229972942,-0.01831207393044818,-0.3947262808240588,,-0.26884216620213913,,,,,,,,,,,,0.05088121765167614,-0.03511591025797433,-0.5676507109132904,-0.8908732400603017,-0.7524896927184832,0.9283684730749175,1.077229178982962,-0.9356780289745268,-0.907193964010728,0.9572557921990758,1.1633630470282885,1.0842632836566053,-0.5894973206381728,-0.06871541324276192,-0.22564044147633547,0.13917640741887846,0.19369522710974854,0.7236907293567811,0.046427172581247664
35008850,0.02193649460257466,-0.9280425345674417,-0.18133804453551972,-0.5016948896758093,-0.47280535232275644,-0.05829427973851966,-0.5741565043875437,0.016476517939723986,-0.3900751403609734,-0.5449692956184151,-0.015331355423164982,-0.38308811054646974,0.4147113142834662,0.07216248627124876,0.35081853445392114,-0.471020479769425,,-0.18133804453551972,,,-1.5813377567331657,,,,,,,,,-1.075760327600499,-0.3122355916207003,2.0105255399372215,-0.8486969937059138,1.1396629390901227,0.36397569453897327,-0.4537464689662433,-0.457229623093644,0.2758629801030794,0.1557937632251362,0.3062582860327399,-0.1070043753919869,0.7961300245266844,-0.8917070122537986,-0.13122893210921655,-0.5786354320131075,-0.5206797732695885,-0.3284840950099846,-0.6481827514576417
35053870,-0.24544597753059227,-1.0889252431398504,-0.08680984255114331,-1.3528414171857872,-0.30599613757935573,0.03514275686466388,0.3895648980727191,0.12764156711435282,-0.504535813585375,-0.3626377425175077,-0.05172022181238248,0.17928941856723374,0.5671530608169372,-0.19613435176262686,-0.3073500870232002,4.836944909353038,,-0.08680984255114331,,,,,1.1516240378331002,,,,,,,-0.1828954214599973,-0.6460741607885415,-0.4320861064918191,-0.8207311467051857,-0.361161545705322,-0.09528523621699934,0.7128149628867492,-0.4293485468589244,1.0086565188188978,0.01365167930539818,0.1478940097450557,0.45192711677797864,-0.6599538487262574,0.39676084266866285,-0.572762184894736,0.3163567404517158,-0.26239253879579083,-0.7780070420643248,-0.9124396749890433
35109856,-0.7574169903967749,-1.0033324637962453,0.3917065296326228,0.22396133313116431,-0.9224793448856814,0.32033431639305276,-0.33936357892734553,1.9902286220334107,0.11690791133708128,0.2752615112602946,-0.8482719810452768,-0.3020952761827418,0.7688781138628318,0.18724530911698556,0.4136482707426043,-1.009481426467238,,0.3917065296326228,,,-0.792593531440567,,,,,,,,,-0.1388270910401086,-0.6233012731691676,0.038175716969132766,-0.9413141282762865,-0.9617995588463037,-1.0689345785450144,0.617250210041146,-0.6670950092696231,1.0177099412488175,2.2005277934597838,2.541208412612048,0.6299127639641329,0.07439775763919051,-0.6768575329004373,-0.5673996222365913,0.6390583238871067,-0.46009970790238436,-0.821307745809949,-0.9504536031654053
36429604,0.07622153681963416,-0.2597815131701144,-0.4433087898324384,-1.218274098159781,-0.4168967294679095,5.600328269958268,0.19299244688184164,2.166353599339342,-0.21230971113135533,2.0875125632527416,3.3276894031368736,5.3840315855862295,-0.951851748161642,-2.4704999373848042,-2.1918217975277305,-1.513244939074029,,-0.4433087898324384,,,,,,,,,,,,-0.35887910664326667,-0.6430332820200768,0.8431756765546947,0.08315220848516923,3.1149970023160773,0.9336769991499172,0.8620150632979086,-1.2151875938275132,-2.5859235770489577,-0.7367107262706752,-0.6786783334669766,-1.3519758303454747,1.500273091307936,-1.045664834034267,0.07185258532558136,-0.03040415934268852,-0.493941295769295,1.8128023865422622,3.87558938956301
36437212,0.5359448409797499,-0.17011339768273495,-0.5567160060480907,-1.072543429149294,-1.2283748267911354,-0.08978958072873618,-0.17199645580977743,1.058285544716581,0.540192293376239,-1.0375083525319717,0.12579223164857772,-0.13539466237849987,-2.113473068453054,-0.16520007717800683,0.39800325335735887,-0.49271613673732617,,-0.5567160060480907,,,,,,,,,,,,0.9061238869270875,-0.7017456712664211,-0.4173291334717174,0.06668288532137853,-1.458741088395803,-1.1718382528496993,-0.874193628059545,1.1978397697512528,-0.12145735361454851,-0.9041282098465043,-0.7834799811593665,3.5178977248553127,0.5005112972438301,-1.3457515768498307,-1.0115763373454658,1.9311516969032527,-0.6424439065397722,-0.09407158874730144,0.9373285159495083
36512901,-1.6445424864145473,0.45573152876848866,-0.42673009170464005,1.8469313160055023,0.1578020562313963,-0.3795526024284672,0.6245573708767521,4.44926206869186,0.11839726392548748,-0.23643767688133788,5.476777538275825,-0.391154416764727,-0.40769823185791026,-1.1857042031706848,-1.020567812504248,-0.9996946931446619,,-0.42673009170464005,,,,,,,,,,,,-0.2498257392658297,-0.6360419583940241,0.029182058828878765,-0.8979817023029893,-1.2169030612641287,0.301532402706069,0.16267395020297634,0.5716992282095202,1.5676019524943015,0.8321066923404967,1.040138909147893,-1.302881762868538,-0.11939526820121486,-1.1124200910706459,-0.2816158656350082,3.12511934416496,0.036365706785388086,-0.971284442337437,-0.9255091485399629
36564103,0.36650730218236877,-1.4041526902609098,0.08148227163291645,-1.3699033031464618,-0.9063364552253805,-0.21057378392781928,-0.18978743903827278,0.4178873582687098,0.008255895276439027,-0.672321186131284,0.32521024779409674,-0.43089218491078735,-0.3938286872955071,-0.33577760751312474,-0.48132983957125347,0.055474991304896235,,0.08148227163291645,,,,,,,,,,,,-0.02331880566944447,-0.04008997772017644,0.3309374597555974,0.3632404522126179,0.3384291381818683,1.1542533234709842,-0.12546789535554956,0.829514180582181,-0.0658118578950421,-0.7828566785406081,-0.7206442579668353,0.8641014362582804,0.9310767007855837,-0.33823703563095836,-0.02513303909179259,-0.20889394858149166,-0.1822782686168341,0.12889154556922422,0.5238953412545823
36600859,-1.276440268652598,-0.13124794618135882,-0.8143939138404549,-0.7815173410863006,0.5708505910951319,0.15178290982125411,-0.2657467059541094,-1.1618265044045815,0.41951811315076953,-0.6844654304209324,-0.3137645350689842,-0.6240777851761609,0.9385299431724721,-1.5170221140223978,-1.6958180742806093,-0.3926148771618038,,-0.8143939138404549,,,,,,,,,,,,-1.2094413888839617,-0.6620487109518165,2.2606123993653395,0.22847792460069785,-1.3254934462771442,-0.7960329717819713,-0.8185123610300696,-1.291178624114606,0.10399732429870663,-0.8288704533372997,-0.7413692182746996,-1.4622482323293449,-0.2513438299966956,-0.5220018568094624,-0.5115896332229358,-1.6992541390040241,-0.5671594513994059,-0.9293946107680906,-0.9977364310282694
36662463,-0.2907170657030437,1.3690792148705535,-0.8187478242772808,1.9213653816418192,1.960385961758009,0.5935107713842772,0.5400138849000605,-0.08542905652391176,-0.04977863811050018,-0.26985092460965143,-0.2830584186925993,-0.33454475725290633,0.790638239095968,-0.9399290158151606,-0.6120951443323799,1.1783646620151766,,-0.8187478242772808,,,,,,,,,,,,-0.1441683983208296,-0.3685788464573681,-0.8982272001185938,0.1619368387822174,-0.11466988958308655,-0.8880109442921601,2.0174122952136453,-0.12202350326387684,1.9647503745687507,-0.8747482560544818,-0.7667857307632072,-0.40672276714243294,-1.056979475611369,0.023478420851702774,0.16038999984071994,-0.5793957868811266,-0.5248098188629206,1.1007288636051813,-1.0122107426643923
40131614,0.5250158248354171,-0.7308351282193732,-0.5653568233410796,-0.3990888395104369,-0.956957466522973,-0.3753590005918225,-0.4111719051397325,-0.46733587971759266,-0.12751678340907965,-0.6467430964372956,0.23390098534097156,-0.22312531517559253,-0.29734990578489057,0.25415929373993573,0.5441516729920055,-0.4828715699147398,,-0.5653568233410796,,,-0.7612647106747603,,,,,,,,,-0.6023027989363499,-0.23829837981176274,0.7448839662868322,-0.9436579830455076,-0.15634312608737538,0.78098778034909,-0.306285770557696,0.717772598998614,-0.3786081874009289,0.9797450385746588,1.2419404252355224,0.1606082797665721,0.4397154563573631,0.29917497744431737,-0.698234121710794,0.34933691044067144,0.4969969276824742,-0.8828106563705249,1.2896901778405774
4066312,-0.5099952405369456,-1.4561795512556108,-0.060944001034322716,-1.9298988578466918,-1.6039915970732712,-0.872566420224012,-0.6375539268743294,-0.926756547990667,-0.33592344326566653,-0.5633883837481546,-0.12027080611463455,-0.2763425844007942,-1.2422624200077879,-0.06110659325304862,-0.06982871564036278,-1.2843195544898032,,-0.060944001034322716,,,,,,,,,,,,-0.9846136417504664,-0.6498518415759187,1.4985623602559857,-0.8060969538830304,-0.8468378228752718,0.3448883476570013,-0.7693964674697381,1.5620625503814118,0.19785720932222245,0.04561431517967441,0.1724768042152593,-0.3224007916346644,0.3657526949255661,0.1755924917886844,-0.5935432244239303,-1.0943908362506314,-0.44385255351833525,0.17640524802012728,0.384515195438665
40727118,-0.798094152852168,-0.9114886735255118,0.7422694846664321,-0.3433476584603525,-0.3073250938318608,-0.35747432208662855,-0.010738227533733342,-0.8714770546733054,-0.6812944607264848,0.9944650307729994,-0.16037596226936107,1.830767486771197,-0.3036421392036524,2.048075466581451,1.7290547666148706,-0.5530289129308129,,0.7422694846664321,,,0.1693255838159613,,,,,,,,,-0.28456069693904257,1.380168217702654,-0.4145121906870456,-0.8664338819513502,-0.40499308022779873,1.71522268922209,-0.2295442975508603,-1.1814191672712628,-2.128609556520255,0.33203137313422143,0.4972852844657594,1.595807981416949,-0.7471542698545454,0.32968677677745806,1.1936939328478013,0.23859337526761284,0.034637157973891046,0.4962467358066427,1.9641680289805152
42427664,-0.1111469675759087,-1.0761524986700501,0.21299213107727594,1.3051079118261293,-1.2232428847086116,-0.3185549168851029,-0.4386584485272698,0.020004457391384785,-0.412431638714239,-0.30084322419685733,-0.014182350310757957,0.36743302988417925,-0.5073331990944091,0.5480336484587662,0.23715009988747326,-1.180340246912095,,0.21299213107727594,,,0.8376410218109576,,,,,,,,,-0.9123283534284378,-0.665458100789799,0.7580525319447132,0.2939689046581433,-1.0116153149868587,-0.02879247716960014,0.14162988040629662,0.8428267289413357,-0.780049111821989,-0.8204596411521933,-0.7387331489552152,-0.08928481456300262,-0.5172127481388656,-0.06881021117401047,-0.5852245747181469,-0.036087802135526606,-0.02536505585376201,0.19337754680950262,3.346807730610213
43728457,-1.0829751812222972,1.2407679170295156,2.66775888702045,1.093670141917776,1.8959608718925338,1.195793582171918,0.45129616247224924,-0.10885622397257955,-0.3710929350544925,3.417092861191226,-0.6503452704078053,-0.8503513034346573,0.21445510566321477,-1.5298679379041458,-1.5571663683872998,0.5207897943835856,,2.66775888702045,,,,,,,,,,,,0.6232166142694123,0.34049294460683155,-1.9477438789167671,0.05587273910344787,-0.32153783852312207,4.1080435995549855,-0.7777329848920211,0.5886092884078843,0.36741917409046626,-0.7795038685014383,-0.7041079787479559,-0.4368047375868127,-1.3641997963969585,4.752910789384711,-0.5891280799936106,-1.5761419252941944,-0.521297957719152,4.558832163654233,-0.29843272117811687
44099084,-0.1334128941770843,-0.7067329972217354,0.50329417349348,1.0442887119464348,1.0290214079404238,0.6154986705177043,-0.5461048227232593,0.05429590608369851,-0.008760900298783177,-0.10709256663914346,-0.22992543177352623,-0.24025410461949825,1.6430637276726203,1.213052300034791,1.3477666515604305,0.9186187354303624,,0.50329417349348,,,-0.10530906265398887,,,,,,,,,-0.41814084519464506,-0.4951921180771825,-0.5895752239445072,-0.9178084919091014,-1.2713367315278998,-0.5284744236737244,-0.7852881483472008,-0.22877371114809228,-0.1770731122534267,0.7189015656682481,0.9399358124193635,-1.2924938297189623,-1.0340849809625425,0.627774469205814,3.6812236575380175,-0.4789464556467948,-0.5233709219812309,1.0603662004900305,-0.08309964821374245
44168447,-0.12207133030936043,1.2831549186207774,-0.9459513740211709,1.7507752747463725,1.0572006619300185,-0.11618144228548467,0.9077073633217166,-0.7332605681814635,-0.011415739044412428,0.65898301192646,-0.49889239416393877,1.6516595620980254,1.6532969255426853,-0.6454791741749575,-0.4293322157339645,0.1936411091568306,,-0.9459513740211709,,,,,0.0009908527352128216,,,,,,,-0.2955560488976319,-0.7105689783199641,0.8357251953111229,-0.09396999863038528,1.4629136025719995,2.871195632379282,0.14209167471614992,0.15380958100349573,-0.7636726770899092,-0.9343570326462118,-0.8024707629813993,-0.14862270729140936,1.693414483618221,-1.319460099175637,-1.0945024315744407,-0.9340752664892911,-0.6600542740379272,0.5342781490008371,1.9266067509294018
45156972,0.5926370814221301,-1.2593280677239937,-0.2743633091682213,-0.1961326641437177,-1.2451078500582609,0.13299887502738753,-0.4496678946049844,1.4393621607277969,2.383286984629189,-0.8814412884175181,0.16793310608782433,0.14843713923550275,-0.8902544469100049,-0.3650501979160477,-0.35537457787655624,-0.42105898754144516,,-0.2743633091682213,,,,,,,,,,,,-0.6211116854222931,-0.6759125948817716,0.4925228918545885,0.18072996129424554,1.2102014149307805,-0.37610237603379576,-0.24630391855262826,-0.16361072862507225,1.0358298762231377,-0.7603594455214792,-0.6989584837060205,-0.05457285387926141,-0.09131454278464131,-0.6148680869189485,1.7724963509027698,0.4417792338008457,1.834733317828873,-0.4999375069482357,-0.878837741308305
45857023,-0.7219955348742041,1.2153081657115752,-0.5611077812092508,0.4144071202350547,1.0449862630588413,0.7163884495502818,0.6009571015685823,1.877245129347342,-0.2045826747773245,-0.7886952469398721,-0.9196341135883999,-0.02439183656839976,0.02186349807722224,-1.0330810988110832,-1.242181979419409,0.9353074492732852,,-0.5611077812092508,,,,,,,,,,,,-0.53631186132682,-0.22683101933628602,-1.1048318673784694,0.0581154267100975,-1.2655208671921245,-0.7365386771566925,-0.08089787056147243,-1.233877854785962,-1.1300972780769243,-0.803984001486192,-0.7197744456521223,-0.44289202927822835,-1.412698367175406,-0.5450457314543055,-0.23636303341799994,2.9839559816905457,-0.3988366383582084,-0.6271123863234032,-0.5007681947630802
46142566,-0.41005087263989887,2.172432781431235,-0.6264261185227621,1.3658826167798395,1.3796788011334715,-0.20630903403712625,1.1097967501003332,0.0829008964856325,0.03494220877179938,-0.15241052575932754,-1.1243415863814217,-0.7788399154587754,1.8039061495884823,0.05409882294397198,0.1174484307383255,0.28636204927560566,,-0.6264261185227621,,,-0.7751769511580777,,,,,,,,,0.6232927997950239,-0.08828772037716347,-1.5363652734064561,-0.9391219279534595,-0.7260559780569363,-0.8307168273797636,0.05463576921271467,-1.1992793623120308,-0.045401652061244586,1.2894452557964045,1.5670022210536072,-0.9749383787134268,-1.1343257205656812,-0.4948651626449716,-0.22805349341001152,1.0456469560123087,0.5123641723879575,-0.4679054955436851,-0.918987947772825
48572514,-0.8605279998564216,-1.2017457465298451,2.5922862352102216,-1.3159121952297583,-0.16897442815631977,-0.7681521270052829,-0.34354718798227707,-0.3304603055500882,-0.11005061862051789,2.4531716898170903,-0.3888192265591204,-0.6455676985369132,-1.20142988087284,-0.20387970216744639,-0.7823395265105171,-0.3987648860845355,,2.5922862352102216,,,,,,,,,,,,0.010913533946503292,0.8748576074148461,-1.2136396068588398,-0.9560685628026495,0.30993944899366654,-0.31373578164083915,-0.7998789002459025,-0.049281525533262746,0.7165164811016848,2.321821269972238,2.697219233432145,-0.009822337559811323,-1.1838543210698231,3.142731493111847,-0.5554478752673635,-1.042814462409048,-0.5956360431422486,1.9598949329591058,-0.7463213458843596
49571946,1.1462842210205357,0.10917515493312281,-0.5337800645094625,0.23117257433806968,-0.8699684278286707,0.04118834285985523,-0.545507262529864,-0.1598165803392609,-0.0897719009903987,-0.5046081361271222,0.5656789983873287,-0.5156358077786304,-0.1262898281587288,-0.42186439427544353,-0.2985053674127614,-0.4501054927294391,,-0.5337800645094625,,,,,,2.3513190722220925,,,,,,-0.01644726921224678,2.5114012816500226,0.3805002915482722,-0.9346681293940736,-0.9583953365967711,1.541820977567981,0.4916838929488844,-0.3945719532737324,-0.8576053454757708,1.07548756400899,1.334171217482528,1.419754238366062,1.0793148914620472,-0.15872489305522666,-0.5659434928099176,-0.859568565723675,-0.22554509963521982,-0.6188705030115836,1.1544956192009905
51208558,-0.7940029133918165,1.2784181969969353,-0.5983020674389542,2.5341876027976826,2.1486955759087216,0.30862588346989717,0.7707641960601191,0.183733130450554,-0.10818792603601354,0.6368225660391226,-1.0759060975171446,-0.06020911346289767,1.59464158705667,-0.1716319805681996,0.09925966620815216,0.816741453460422,,-0.5983020674389542,,,,,,,,,,,,-0.41446501689438797,1.8501099015408387,-0.3667501440088799,-0.9299066112861953,-1.1642368994393464,1.241167375741275,-0.2220917375828743,-0.7356070297271035,-0.4527117437663971,0.7158172293903803,0.9476360742244714,0.4440851081066028,-0.8395055368252753,-0.7419410622859556,-0.12366679078358199,0.4546594246626715,-0.6056582543070033,0.565686545115843,-0.23581983191037093
51778361,0.5274461458636983,-0.12518550968005993,-0.4571119505255376,0.3109303631467332,0.28194908572268224,0.38491285322018154,-0.4222796216338132,0.49208976250274034,1.4068029918432279,-0.5749563923469266,0.26401167877513854,-0.49994926721379407,0.8381527904594246,-0.5084555130832877,-0.3059352340089542,0.6699460978271925,,-0.4571119505255376,,,,,,,,,,,,-0.757952294198593,1.16076373286725,1.1374903104156697,0.3302251096448571,1.0618855827029814,1.708161161300614,-0.6709239837820753,-1.1896376702918372,-0.9887838811046112,-0.7826116236788099,-0.7190695742023658,1.716005440437695,0.7570393769536147,-0.34445186592063237,0.9955738506275504,0.10160592989502863,1.4483295102392022,0.0226288064813797,-0.48652868396043086
53490997,-0.693280410608779,2.015933926335271,-0.4220101447543696,1.3475050429945745,1.1063840256600732,0.12829499221655472,1.2916147689414204,-0.4042396015878299,-0.6638971915254174,-0.02148271302036895,-0.5121782270079599,0.375151986982301,0.9501199676554545,-0.7220598035249672,-0.5511382732487311,0.4395268245740329,,-0.4220101447543696,,,,,0.92925540280108,,,,,,,0.13350510237350602,-0.12030375479749797,-0.7152874941636057,0.07873871279107857,-0.9375983794032977,-0.40227119817212553,0.9050468292360199,-0.7728134403984769,-0.13942311748741687,-0.7803135951470129,-0.7057943214754807,-0.8043372560648762,-0.6876056588683047,-0.5424034512724214,-0.2176361915278081,-0.4825776961179787,-0.5081747985058858,-0.728380193064365,-0.5625821746607145
53491020,0.1177936673291675,1.4433763063272733,1.6794748723502753,1.2779868486559491,0.7582753103541844,-0.2546766407189338,0.8081082299923484,1.1644666267492791,-0.637396173675189,1.1894578716493158,-1.5657560683947462,3.0232701309509467,0.26384215071228445,-1.0875448255631548,-0.9501631038844532,0.07142478274669653,,1.6794748723502753,,,,,-2.438739879629148,-2.5057979968016415,,,,,,0.5478722270424404,-0.6332384857209269,-0.06709988024514393,0.04958690193295001,-0.2627936707786369,-0.7886330635660097,0.2555508923623529,-0.3530600060452724,-0.5604690763498488,-0.7122989695970309,-0.6609025704128529,-0.741359247798095,0.8959200998761229,0.1570168546120241,-0.4914282533205905,0.37801230047596457,-0.469145961674414,-0.29918991158140223,0.4495373367339575
53491063,2.924913856568163,2.279338865753447,-1.1673940829201404,2.2117362422178766,0.5143432602555609,-0.741218439112849,-0.2130175551800288,-1.152187586969282,-0.1735004929451309,-1.0098447835831157,-0.6347536438237137,0.01445419848155836,-0.9763410124220827,-1.1518608517265168,-1.0776598216426874,0.3555615755867291,,-1.1673940829201404,,,,,,0.24937950291513677,,,,,,3.7898615411757546,-0.6467131586070922,-0.8237291270558323,-0.05817967409212679,-1.0853460704877467,-1.3292906698791633,-0.7554342557990824,-1.2235600961668338,-0.08155332443175103,-0.7545169265776447,-0.6811635990425043,-1.3643498587331409,1.818156022686328,-1.0864464466562715,-0.356200358597009,-0.44765905451771404,-0.5011093976811061,-0.9704770649243425,-0.9289970488930083
54474410,0.6013290056204087,0.1659792304291982,-0.8176104783779973,0.9580477703599661,-0.936810301136877,-0.6698489131037139,-0.8272358646572066,-0.49005677474116305,-0.591550465083727,-0.6771213946869427,-0.060214930218494694,-0.7013770361110393,-1.2485832982505352,1.758033945602373,1.286443245603267,-0.04709523378409357,,-0.8176104783779973,,,0.3123146633558894,,,1.2872751905841717,,,,,,0.9102051438202711,0.4202084347374907,-0.7486768931492049,-0.8341284799807431,-0.8968923922381508,0.035175625512792456,-0.7784652901036507,0.05549006219173404,-0.09557850805511793,0.10563582085845102,0.24731173367941098,0.3806931147813318,-0.12657431922373502,-0.05780470888720975,0.03878059841431496,-0.8568595367090224,-0.326243796133892,-0.11342093131515775,0.019927051578148773
55538972,-0.04189208842039094,-0.8893887268682121,-0.884787210125952,-0.5678221294603321,0.048417643631748705,-0.3762160319717905,-0.25453183366451904,-0.2547686358707029,-0.22321769665243124,-0.6583026314915874,0.8074962174808756,-0.38901980640372685,-0.16355222508556097,0.7506625035967752,0.32304612432939106,0.37785742906445285,,-0.884787210125952,,,0.8431592785640317,,,,,,,,,-0.925511349958804,2.0348536633726835,1.1182892761627858,-0.9136179274095578,0.46772359920461937,0.2650901339914913,0.06494179389111215,1.5157511075338121,0.3059442920481523,0.22573457036647876,0.4177703751252959,0.7755788368769949,-0.037578496492724385,0.045248812909635165,-0.7659140954524134,-0.314524871451671,0.45383231395776724,-0.656204577103869,0.15884905551649567
55583305,0.024925582823045002,-0.8121079701452271,-0.13573296586487918,-0.664450745206765,-0.08517234362985854,0.5355127037036856,-0.2404907405255342,0.3908796707059988,-0.24429599382796394,-0.09552173711649371,-0.01551970980345248,-0.141347347573151,-0.44246365586988656,-0.4623466826544833,-0.2604371082535888,1.3165768615302724,,-0.13573296586487918,,,,,,,,,,,,-0.3309777313626394,-0.06293402548658483,0.55226841511951,0.26014381927530994,0.07293400753875678,-0.7045466310992812,-0.6946468908445431,0.2424593779250141,-0.00885504301163766,-0.6739468235954651,-0.6537618353187156,0.7752227462715237,0.7702343035077519,-0.14653235089087008,0.2785446521611962,0.7563692014173025,0.6593329304561002,-0.5068899720344244,0.016496004294976597
55590890,1.2165787378116653,-0.5361558597218219,-0.6533942697517819,-0.2013729691373167,-0.6471610022442513,-0.7888060999577033,-0.29020835333949757,-1.0222162454574126,-0.3879072975956032,-0.6751304191213288,0.26987629437487803,-0.3825802706708647,-0.3727479214644511,-0.3148967527811914,-0.47206770897338834,-0.6704018446755108,,-0.6533942697517819,,,,,,,,,,,,-0.0260975182228828,-0.30337130183748084,0.4593728112917154,-0.9642767661934412,0.03596416973094222,-0.38875295265432086,-0.2721910727743884,-0.41558211619897917,-0.3350776090802324,1.9343549724724225,2.2940343807422408,-1.0445004235500173,1.282114831890828,0.0025946218020690133,-0.9594643753294335,-0.06838243967440524,-0.17224614478063963,-0.08573681598900108,-0.03041867201884848
55738401,0.7612665447682274,-0.06176643214626783,2.1065953601172307,0.43038961945584026,1.6471571743349764,0.9509478116106296,-0.7017032332696751,-0.37305394627316846,-0.005115910541030393,-0.5282158352762008,-0.006964930681878298,-0.21352990489601392,0.9291918725043049,-0.33541139383451296,0.09748615333490149,1.0154819188838553,,2.1065953601172307,,,,,,,,,,,,-0.6648929249224108,0.18326954185033367,0.33826029936463814,-0.9494910684571823,1.479456575875992,0.596372684758632,-0.6640070930005995,-0.7226272896378435,-0.836836197961602,2.3313101874001347,2.6954647509807557,-0.8026717159112509,-0.42288654382742397,0.616313584806542,1.0329226886638343,-0.012946339496140224,0.3783921340921141,0.46327076911978043,0.39322451049197316
55817097,-0.7061034957446181,-1.1138066372589923,-0.1637291770247367,1.8660553227123202,-1.1228357088960612,-0.8235861559805607,-0.6025771194148254,-1.2763953112765802,-0.3799935839666047,0.9110986690279269,0.049795477140154386,2.209428366372235,-0.4141431321512979,1.3614822935156448,1.0437472511667567,-0.7423663664754105,,-0.1637291770247367,,,0.2657564407578512,,,,,,,,,5.927027336043311e-05,1.481970960072752,-0.8400032677992713,0.008436105231886901,-0.42684718936040605,-0.6732347672944268,-0.7639476141344743,-0.2671272898393253,-0.777931250973803,2.0749034176417998,1.1588602033608948,0.652107329349987,-0.910556430648548,0.2796645309472964,7.1146885896276,-0.3873519698297966,-0.14648875646787246,0.28847684711408367,1.1657692604252414
55849103,0.15498160751982076,-0.5804406447967174,-0.3659685354782588,-0.7369312527544646,-0.2163652442151077,-0.561469322457947,-0.5115736672687033,-0.8674837131128504,0.5082672552125982,-0.2975156794252194,0.6452724103091517,-0.2434130615311992,0.6220521466165474,0.6788012941118107,0.6054468827476921,-0.7315911120574305,,-0.3659685354782588,,,0.11436142680756589,,,,,,,,,-0.21090908062114738,-0.002694773298665399,0.19205551375798097,0.7413188305300944,0.9894014570748472,-0.08530040434787678,-0.7071592326488114,0.21228224981552132,1.1712504651311255,-0.6896445583040934,-0.6939321748113039,0.08754509613109833,0.24016315179604455,-0.3834282797401744,-0.03142118699202697,0.10549228423719151,1.37226912048562,-0.5026842477396676,-0.8652423919224129
56916467,-0.3934744682227053,-1.0192826861804183,0.6847298210624883,-0.28212214855402507,0.7127716740789107,1.4494907872196239,-0.7313695363818798,0.7245056050232036,-0.20680571518564203,-0.1662729065184811,-0.22115317522898392,-0.28915111389635856,0.4074479224509156,0.8668556917643387,1.357476177142835,-0.18526473531515308,,0.6847298210624883,,,-0.4485095682133132,,,,,,,,,-0.9693300592609072,0.16167738798027237,1.0638667456548276,0.13606749817590127,-0.4145913435879984,-0.10980111216524065,-0.7803907944332972,1.803359973207188,1.160102701701466,-0.8251349594731299,-0.7360150859974117,-0.526014895629266,-0.3139588751212711,1.0098311303039484,-0.3794472369925794,-0.08153471949664645,-0.3178432113737405,-0.11229567752993891,-0.6648592943628598
57200226,0.6925122551414824,-0.944792429490833,-0.524100914929724,0.5519098136517675,-0.793889838275464,-0.45758570542735305,3.983874207844147,1.4994990344079504,0.7326164257880328,-0.8615964009114913,-0.1963052862238774,-0.0011443082534239191,-1.8188547829760007,-0.9048940325505921,-0.870142056632807,0.3149285032683792,,-0.524100914929724,,,,,,,,,,,,-0.5353825402599351,-0.4891430060126499,-0.0498026994855077,-0.8516268408508809,-1.2028738741712788,-0.9332039688556694,3.5571628851705475,1.994761323014485,1.158997149545155,0.71384153843395,0.8759783592637174,-0.8932911435190881,-0.6675145521594044,-0.09612746806865267,-0.1013398730082044,1.6945772953428786,-0.09403709247585337,-0.7103640243026778,-0.6404701108164544
57216633,-0.4529848037815571,0.036516609229627545,-0.006429099267753092,-1.1892324528613405,0.030299714914257966,-0.3424553114505026,-0.5047186523832353,-0.5867365773774248,-0.11112399216814793,-0.19196384659162652,0.14674651136718656,-0.8264145550561993,-1.3159270535011482,0.8771951164095236,0.745530808608604,0.1963387266129153,,-0.006429099267753092,,,0.16263278849860896,,,,,,,,,1.6009807155745588,1.1513250439138651,-0.3784205050063562,-0.936506874116628,-0.31396986646005154,0.7000303754908487,-0.7336067188283146,-1.1789148740542457,-1.566118878346631,1.5115972458060178,1.8000876431932253,2.049663029334725,1.3453314824459939,-0.03044821630964407,-0.062701195193475,-0.955136967654398,-0.5028652365073177,-0.6927115887912297,0.3118885640215861
58013278,2.1570061446149507,0.26533088213502964,-0.31343528652343217,-0.25897078422366765,0.1336153216234899,0.1514670053060759,-1.2573103516863253,0.9732559675184506,0.29611991434708435,-0.7595362311096664,1.4421154702892867,-0.61050825314446,-0.08728384425354367,-1.6902851435206654,-1.6047760842484724,2.7980313428773074,,-0.31343528652343217,,,,,,2.0954955308552083,,,,,,0.5389958193024535,-0.6598911381795154,0.6804095057652548,0.14111912358642625,-0.34989656884234266,1.9917017165111237,-0.7954512789815446,-1.2815021772242399,-0.1428726930895225,-0.8163618835299515,-0.7308547793939222,-1.1092126454813076,3.6768217627340105,-1.1843499932572688,-0.6446319176967646,-1.7257720335004556,-0.5379349154209123,-1.058062863016839,-0.9626335694246617
58995736,-0.6432177359723625,-0.3758666103237639,0.45441383976629773,-1.3676579345444968,-0.21289268183775462,-0.6617438900471244,-0.6334200923471751,-0.15845926816316455,-0.36701214264702275,0.16071145316504332,0.22618611010064638,-0.3862562160351341,-0.24940976013378283,-0.5686518465046386,-0.6909655887197359,-0.5188069880240788,,0.45441383976629773,,,,,,,,,,,,0.7578771115504492,-0.2719775738380351,-0.16753319216555174,0.16145432569174578,-0.26650773883856665,-0.5493317147109948,-0.79744800164225,0.6754348668639016,-0.1860647999913761,-0.8463899044187235,-0.7497019463287791,-0.16710810461225242,0.9271265163050325,-0.5661824410583258,-0.4191740758947729,-0.5709881911062645,-0.01566213084301855,-0.833070670781469,0.6903382695659556
60217302,-0.7993110981735928,-0.978821261259735,-0.14295142386586795,0.35709179020624426,-0.6787326922493395,-0.4964180569347063,-0.7510416346827512,-0.8133891174796698,-0.3874916087190025,1.2522353979073095,-0.1194696975653506,3.3825890907814014,1.1491167342627602,1.048031985380711,1.0334795912012065,-0.30845320015124217,,-0.14295142386586795,,,0.013982739719634422,,-1.079647254746921,,,,,,,-0.6164723731885063,0.14736119876537923,-0.2640383659951402,0.18569442746523634,1.025843464500618,0.09868591847500588,0.2888222245264104,2.2136174640741464,-0.16200624951473186,-0.6887901567467556,-0.6566749180393991,-0.312890053732191,-0.9819972061040251,0.7117450994404942,0.06284311519160062,0.12777978123355435,0.3847793635973517,0.3263901964805745,1.8820554496243507
60416566,2.355447884262942,-0.0662193071657647,0.2853865591111426,-0.6119587461569009,-0.33722632510557143,-0.46848387971891536,0.7326083790322264,0.10734667903698134,-0.048198418181209145,-0.6015903590846927,-0.00034930029279520787,-0.33724264491010003,0.5168586534096108,-0.07453057504221845,-0.3621618128213655,-0.14722015608720743,,0.2853865591111426,,,,,,,,,,,,0.04788643523498427,0.19876650187265002,0.2824642037933079,0.20814728927132564,-0.6983076503148156,0.3945000719943917,0.22133162419508934,0.08016600047320002,0.23764222774870283,-0.8196981151689432,-0.7353146543441234,-0.6644580664765187,0.9515356351624936,0.5658607854221577,-0.629431598152687,-0.05274161048347298,-0.5369500089516743,-0.5944278145682261,-0.3775385114685119
60576722,-0.044446470478598545,-1.0016397497431189,0.614198782779885,1.1796601975009748,0.6401697961579395,0.7282374818875074,-0.25373185395655873,-0.14881704946630597,-0.08506843256865868,-0.16777639392105412,-0.042167816652975455,-0.026704640512058297,0.023109457872415137,0.3323436534002167,0.3410685183283866,-0.16112210689991308,,0.614198782779885,,,-0.025913779469871834,,,,,,,,,-0.8080251812823002,-0.6727673696924376,-0.07678031545062822,0.3229641218616755,0.6395874228463178,-0.699227418970009,0.632310551322073,1.650291964921701,0.49882446130783176,-0.8493066732493821,-0.7556813652799885,-1.3226114962093272,-1.0918759079416542,0.6239124035259086,-0.6318160501092704,0.8492679775202163,-0.19334493946274547,0.9262367309735171,-0.0916318435612764
60686882,-0.6250445841847785,-1.1123276106541473,0.14604849019539418,-0.9117151899466326,-0.48720365563124507,-0.6131295752345716,-0.4127669743140189,1.6863741388203715,-0.3121058584494076,-0.23124379119204796,0.12829444026375758,-0.22522503044451217,0.49542850978229985,-0.19604875741592404,-0.07291920486884325,-0.510138290599714,,0.14604849019539418,,,,,,,,,,,,-0.9787462328696694,-0.6538657472981583,1.5569150579970377,-0.7944876180285307,1.8665803154493672,-1.0926598643350178,0.007756983472092592,-0.32291126201337217,-0.09400121278527558,-0.027955415605415215,0.09391778049410425,0.251394907207315,0.5305558711249625,-0.7090836483775765,-0.08507100621892599,0.05082778601486219,-0.06773008305587526,-0.4755599405844413,-0.26180899460331186
60797616,0.3250846289654146,0.3743469649849178,-0.4209449428686799,0.11778658492542067,0.23509687018484965,0.19191801524176122,5.160350163551533,1.0440280083697813,0.01205794628968116,-0.5396612856172704,-0.364384813940266,-0.09183989119550337,1.0368570832588733,0.16673236643495348,-0.007497331397971951,0.35299983648703664,,-0.4209449428686799,,,,,,-0.14109713116604372,,,,,,1.7448640647063924,-0.3046267426896563,-1.7475576367693617,1.1644216663950573,-1.0708698486724473,-0.9397424717698033,0.27909816482835614,1.0685046879018496,0.7596049113856415,2.3146743845525033,0.35998906286673793,-0.40419594325100494,-0.9270168325190659,-0.40947968431678206,0.5802518651889058,0.5108196003739658,-0.4718957334757896,0.24639625103699195,-0.5201989651901878
60809640,-0.3259971743914853,-0.5874332245402875,0.9987601012760984,-0.7127356676047435,-0.9242492457259482,-0.04267921678953623,-0.7603921064697623,0.035086132448007595,-0.4193680391874849,0.7406178632911239,-0.12596931851986506,-0.4185114464301137,-0.651804958964597,-0.03156756769568293,0.3602416255616769,-0.5628888606734304,,0.9987601012760984,,,,,,,,,,,,1.3659851840649069,-0.4892882177459568,-1.5199114368486335,-0.8529216377441536,0.05227593356135933,0.339242478864963,0.3489631956264607,0.4114558399460851,0.34343253905583654,0.2070934641721712,0.3609447283364552,-0.342794174264617,-0.8471115492524649,-0.30061712789351264,-0.36146040927101714,0.033937856480002415,-0.513885950641399,-0.15076518430695093,-0.3420714535724665
61229235,-0.5879369525285951,-1.1243372734376347,4.125934631320739,-0.9351970242205467,-0.4037272211960425,-0.8498060617681937,-0.9772119408393318,-1.5833918913689942,0.10434971629197343,2.1950879315569645,0.23694462358694232,-0.3229918375139673,-0.2108730533850223,0.4841805603088096,0.5983808896012801,-1.033378126658908,,4.125934631320739,,,-0.21176920051857273,,,,,,,,,-0.9055653888282894,-0.6443012171470152,1.0110886407378306,0.14324591365073255,0.3773370477644729,-1.1473173097130474,0.03602360084286635,1.0688930773337009,0.602053957028047,-0.770021889360579,-0.7027697133738127,-0.525035216362526,-0.13119210881650994,3.7278446072598364,-0.41663271149728465,-0.9554715182984642,1.3167152018220236,2.7678941242453217,-0.38372183518741687
61273778,2.9088363628058405,-0.7440725279085856,-0.18844768566626932,-1.1664463611285911,-0.022482115070790308,0.308455543131144,-0.7104909702527321,-0.6018548562430146,4.737851509588972,-0.3289522611724377,-0.6568146321388393,-0.38810531466104853,0.45066080847328777,-0.062489171027639005,0.10587291826641941,-0.43855646175832613,,-0.18844768566626932,,,,,,,,,,,,-1.0141314167437034,-0.6121592912087833,1.9549168938962875,0.986563256985503,1.098401787527283,-0.5465168724341964,2.183187230407966,0.10517835844758426,0.6981784084314285,1.3341250797618887,0.08743909848324252,-0.0977105239874353,1.2661162658810994,0.6149071930417125,0.15599664241733677,-0.16394871649382242,2.1177386567109004,0.744675453383119,-0.7010125467154606
62316382,1.6713847271261293,-0.04757359694180924,-0.4960455974166584,-0.13552642272126966,0.2609629441986414,-0.6972888175783524,-0.9334306067034166,-1.5261996263227289,0.3816811173302343,0.04069067705078267,-0.9646972259163861,0.4042448157127296,2.398194204224142,-0.283801912591059,-0.18511689092465894,-0.8450784003486487,,-0.4960455974166584,,,,,1.7804485875414882,,,,,,,0.12303920871616468,1.158746909407453,-0.5620636006477165,0.002349551883626805,0.1841530111141263,0.4228873191909668,0.1796763396127425,0.22870252907822125,0.45664937567446795,-0.7507500976081485,-0.682495994120482,-0.1308413649489351,-0.5167190573252938,-0.06934263270626106,-0.5975808720530031,-0.8890372204364054,-0.4896013413756558,-0.4122561222700825,-0.5109443912873751
62322599,0.5652799566856189,0.4242647878535878,0.9433912352239378,1.4968865223551016,0.6808222918540262,0.8770524229006519,-0.6481173207475486,-0.4909883490767088,0.13248660225903852,1.0328352855824308,-0.4769325681206095,0.07986123692310769,0.1583834293086844,-0.7453375605252446,-0.7715887502606514,0.29197680492605665,,0.9433912352239378,,,,,0.6847220629295614,0.2869627590358551,,,,,,0.268373597127582,0.9616985254487612,-0.45907272928153864,0.1534644363103827,0.16574367649460325,-0.12121268034880688,0.1010654066944063,-1.1476901737848602,-0.8394212168424591,-0.7151480553902239,-0.6701282512140001,0.32363905629948736,-0.23413018641996874,-0.8374627738444492,1.0435623357847845,-0.4924443115645456,0.0388206077855011,-0.44172246750442934,-0.5074645697448852
62626163,-0.6649275906039706,-0.4778086030436416,-0.5582398127526608,-0.5104823382495872,-0.6504280159695859,-0.577054618587073,-0.8256767041336208,-1.1814573816749256,-0.3903693286753406,0.5454898569134341,-1.1403702713739454,-0.6045020781232026,-0.5676792094116742,-0.8344000734214616,-0.7903880715071292,-1.029236851329863,,-0.5582398127526608,,,,,,,,,,,,1.5044654499459735,0.9662085279807674,-1.1411472381900045,-0.839519183172454,-0.011494740370115676,-0.23373653428127975,-0.0432452096458975,-0.8791437319040717,-0.37640270531881026,-0.06129179662391839,0.08140182367046564,0.37262480619926036,-0.34362256584090706,-0.36679414452365317,-0.3346739896150283,-0.05654863372065007,-0.5351692742555906,-0.6144880968776156,-0.4792512279397797
63046139,-0.36233289468951674,-0.2005027765458116,-0.8766072763730862,-1.0684893802238733,-1.69234449885155,-0.8444699035494129,-0.7990810825091663,-0.2743434062255413,-0.5496333448148641,-0.7927557735135742,2.1562416574651255,-0.6970611036413058,-2.5217785040054785,0.34373365547359375,-0.02770154313454266,-0.8573801624930097,,-0.8766072763730862,,,,,,,,,,,,-0.1684953310678669,-0.6573564601243191,0.6831994821626222,0.2154034236701502,-1.1603069655287734,-0.9762735438891579,1.2322976565397212,-1.2601244464773065,-0.4520628405155917,-0.6342141929889832,-0.6269729055772706,-0.27181496783174247,1.5955382794163655,-0.700340809882875,0.040964612739134966,-0.8258248526240849,-0.49436360185817546,-0.8519764361291556,-0.8809387935996236
63095160,2.63648216044416,0.07920582831592894,-0.7726080620033879,-0.7293569045776849,-0.4182827099419256,-0.8943195219119653,-0.1327297114420814,-0.04548974155633476,6.8888165043241125,-0.1474019746938573,0.031167648211488465,0.3136035716607368,1.093464529307941,0.14321584738193774,0.3594257669865926,-1.1494745900480292,,-0.7726080620033879,,,-0.9201505515232289,,1.2489744499835314,3.505138660648562,,,,,,-0.0222159065137042,-0.6267861978570687,0.8258622870408087,-0.9257541123054217,-0.3307253761885072,-0.24920108743493247,-0.7145173824713601,-0.2699881116243759,1.283066574172424,1.377542495447521,1.6438171116565734,-0.8444163043356049,2.586861103027903,0.3511806691555179,-0.17857635894568746,0.5392785997355498,7.096488364341548,-0.0381568186319473,-0.9445067613907019
63130875,-0.445822302383864,-0.14817911650367932,0.21875589301536735,0.22827541171364202,0.07930297897875754,-0.49106117588921483,-0.12634922987918007,-0.676894563512986,-0.5980060593883373,0.16960820271340962,0.0025821758976024177,-0.03162946341147024,1.042595647643379,-0.28580860804782277,-0.21485006092457634,-0.13897938561088968,,0.21875589301536735,,,,,,,,,,,,-0.7810297085747478,1.5097203938188581,1.0169470500866415,4.278186216908428,-0.7489643514610258,1.616741598947856,-0.7607782879531436,-0.7207039113661856,-0.8920219812960105,0.21693872424373137,-0.7218114840654363,1.0613458645552951,0.3835537364980403,0.19597673739840166,0.07526156237895222,-0.25763801259737895,-0.5143827965353052,0.5694916550569497,0.5165789444894902
63830782,-0.41847708828303637,-0.7020550770854767,-0.3869493898590775,-0.8152284954537455,-1.0497197909188218,-0.4372872555190316,-0.6373736782282426,-0.2816296973186953,-0.6529246168562195,-0.5877028160325539,3.4094335089542813,-0.3697005806571309,0.6097592802443875,1.2606706040449416,0.4467108489047886,-0.611686721763449,,-0.3869493898590775,,,1.0374861235990456,,,,,,,,,0.13866701904072673,-0.6524065670033653,-0.9428633948726431,-0.8404315633904895,2.4782247708539793,-0.7895126598997706,-0.6175270326482352,-0.05408615044020642,1.2637582269767398,0.5860624079114296,0.7369454068914909,-0.9784364984199527,-0.908570484807653,-0.5976621784227055,-0.34083890392252497,-0.3578534641654227,-0.12921102793918046,-0.3888434706890802,-0.9181149914051153
75599070,0.8734258448764215,0.84411851071665,-0.7522207507256833,-0.1827918187712774,0.418340806290036,-0.002402258582704293,-0.776525641729874,-0.8757031214053277,-0.4818225865006314,-0.45893250782904205,0.82138084727749,-0.6632102922721507,-1.263108196246313,-1.076663315913816,-2.215922725577128,0.9842421570241175,,-0.7522207507256833,,,,,,0.034130291694221465,,,,,,0.8661751884244089,-0.6674082292675927,-0.24308812196384463,0.0971090132848087,-1.3187835299478088,-1.169820412428246,-0.7867549819106213,2.5036539458229004,1.0342431982116003,-0.8384849977397267,-0.7429379558519886,3.9519890585450823,0.870367023432678,-0.7963769751503058,-0.31061229234879023,3.175352889923909,-0.5666163386118889,-1.0781819124373266,-0.48296850334494335
8686068,0.9899765239467533,1.2648319671651014,-0.29135658258406516,0.2609436980932446,0.9091192907588014,0.613134944762133,-0.9000605824854637,-0.057744892822852834,-0.2900882472251905,0.018175431486173024,-0.5799408808791408,0.025597670585809956,-0.2607725892988481,-0.054329788490176334,-0.5560000033568844,0.9714239971892917,,-0.29135658258406516,,,,,,-0.24501311088979158,,,,,,1.16118223388887,6.709487681917441,-1.8050482064518243,0.1373857415042569,1.2679089614376733,0.040906240962363144,-0.7674170267750304,-1.145062088551852,0.22784426262405386,-0.7786417254108932,-0.707716748584301,3.40297264430357,-1.1414952337797364,2.4522432943982926,-0.2860001227804626,-0.9751875371458649,-0.5300768981410339,-0.1458517707412084,-0.940043284548774
