book_id,B1_attraction_chemistry,C_explicit_eroticism,D_power_wealth_luxury,F1_sadness_grief,G_courtship_rituals_gifts,L_vices_addictions,M_health_recovery_growth,H_domestic_nesting,I_humor_lightness,J_social_support_kin,K_professional_intrusion,Q_miscommunication,Q_repair,R2_alpha_guarding,R_jealousy_possessiveness,S_scene_anchors
104659050,0.008097796699722413,0.021018786665255498,0.0037571903497976527,0.003947611760827581,0.010560198118411971,0.010560198118411971,0.005405537492853446,0.007662255878626783,0.008097796699722413,0.009792736005790555,0.009989623342980555,0.009792736005790555,0.007662255878626783,0.003269278808616234,0.003269278808616234,0.010560198118411971
11266880,0.006213665873635877,0.011527759826118386,0.0040307995416802795,0.0025852027408675665,0.005290031048552074,0.006213665873635877,0.00402871436181507,0.005961730208239899,0.0028729231199395014,0.006364746596928051,0.008676724806417613,0.006364746596928051,0.006280280374337961,0.00424664549150156,0.00424664549150156,0.005961730208239899
123257687,0.003916865505538386,0.00398824205245631,0.011803921001038293,0.0018624699759547027,0.006027679881697445,0.006027679881697445,0.0033114364991097245,0.007000003401842867,0.0024965865990174176,0.0049368803094193385,0.010833323876725072,0.0049368803094193385,0.007878724635810491,0.006028801079485959,0.006028801079485959,0.007000003401842867
123446478,0.0057552922901493485,0.010844353378330212,0.0037973001858420986,0.0026690328702460063,0.009749783839940048,0.009749783839940048,0.0035526989874057977,0.014093912116384399,0.0033494059409246283,0.0037341279076973776,0.00955126003669495,0.004162814346374935,0.006570230352842609,0.00437404699217416,0.00437404699217416,0.009749783839940048
127305713,0.0046312284600557455,0.005036516806502148,0.009058051754395302,0.0021469054387016147,0.00556900295117107,0.00556900295117107,0.003043662636627221,0.017704180195668513,0.00287123312755038,0.00414706251136001,0.008496192077908391,0.00414706251136001,0.007618738155886177,0.0040982697101473765,0.0040982697101473765,0.006601400418477884
149105520,0.010993989302100798,0.008866077508452254,0.007105558812156383,0.0025953551349533724,0.003003724315724966,0.0078111434056782865,0.003391852141943078,0.008514170789430371,0.006684336639452895,0.003933142986473848,0.010499743595916879,0.003933142986473848,0.006453477505994321,0.003493170753664844,0.003493170753664844,0.008514170789430371
15197,0.005928167370139798,0.0157248284812848,0.0059588240809006435,0.0029340691833086674,0.010577249073407118,0.010577249073407118,0.0031447301735532513,0.006334226201482649,0.004571353848040906,0.004500464372969004,0.008546661232013468,0.003817058884075639,0.006559874838707219,0.004595280452639797,0.004595280452639797,0.010577249073407118
161913,0.007721664873963401,0.029346256844597574,0.03573204388321342,0.005026142289573956,0.012047478724629534,0.012047478724629534,0.008238328288761698,0.03573204388321342,0.0053203226077636724,0.01435342770444926,0.0074487652892953286,0.01435342770444926,0.006575736930745057,0.0021420087250587127,0.0021420087250587127,0.012047478724629534
17561022,0.006943263036418185,0.06217628448195854,0.007420129311755583,0.005192980998878821,0.014843339944582696,0.014843339944582696,0.007409042481839769,0.007409042481839769,0.006943263036418185,0.025988058652780616,0.00864356302726994,0.0033773274693583767,0.0070052102959448715,0.004586456105851521,0.004586456105851521,0.014843339944582696
1756703,0.021755793616287145,0.0062741357241406556,0.006066373347105885,0.002036602575095383,0.0020182612835596097,0.006066373347105885,0.0021860648646511,0.006298830825223712,0.0038480810300422635,0.0053183165688683995,0.009502085514055967,0.0053183165688683995,0.007481486992553599,0.004121309572512127,0.004121309572512127,0.006298830825223712
18692741,0.006185864482648773,0.04820825563073783,0.007680942199789995,0.004949356024459232,0.015459891292829797,0.023714847831033628,0.008980349966245508,0.040944850434911695,0.006185864482648773,0.004284455529736987,0.007291661126171241,0.004284455529736987,0.004803327168765816,0.003007812345058464,0.003007812345058464,0.015459891292829797
201413413,0.006022671538137454,0.04115948407370182,0.004353553744150666,0.0048221895909948635,0.00639113943728149,0.00639113943728149,0.007005391462261855,0.007005391462261855,0.005780507436460986,0.004388212728754944,0.024985584461321837,0.0033586030558449796,0.005892916882719101,0.003942995870974157,0.003942995870974157,0.00639113943728149
20346544,0.005215322880814889,0.05757100967704653,0.0482514115753435,0.004818659401532084,0.01259351059938061,0.0482514115753435,0.007823849588560527,0.03184603347378945,0.0042568210734712265,0.0482514115753435,0.007411119651023982,0.0029889685506396565,0.005873250030536147,0.0031703396038608783,0.0031703396038608783,0.01259351059938061
208153130,0.006488250029583161,0.01712563595001656,0.004289245458805639,0.0027028125499847762,0.006588011808487822,0.006588011808487822,0.0027139491707844883,0.00786158898911004,0.004228955722839579,0.00283205976704722,0.007997400067668484,0.00283205976704722,0.00549509375041919,0.006896884415171874,0.006896884415171874,0.006588011808487822
21787,0.006849065176445073,0.06351616196565374,0.004740128925532208,0.00658532832594335,0.014650893826261276,0.014650893826261276,0.012410842945251273,0.012410842945251273,0.006135115548234856,0.004160144645517567,0.00876234113510316,0.0031649632922750386,0.006441099830785666,0.003947474578463057,0.003947474578463057,0.014650893826261276
22609391,0.005818943957774885,0.0050732630611257405,0.010291127812072493,0.0028037238627461178,0.008189174210743756,0.010291127812072493,0.00305828984764958,0.014920940775369868,0.014920940775369868,0.015685519247196498,0.011225367551927639,0.004345281473748658,0.006983659411480138,0.0039395507361585265,0.0039395507361585265,0.008189174210743756
22707536,0.010672093173365219,0.027639997040273746,0.009782626618911992,0.0018140183938629034,0.004184334538223932,0.009782626618911992,0.002294093816609362,0.009782626618911992,0.008157945248227777,0.004068313323484705,0.0070956656942830635,0.004068313323484705,0.006017268088816508,0.0033259915217454744,0.0033259915217454744,0.005295003033987628
23518136,0.006199342627481354,0.048334324985703565,0.005000290470822667,0.005460065057807109,0.009883203220412954,0.009883203220412954,0.009622469112583578,0.009622469112583578,0.0039013730340579076,0.006496908230302669,0.009206808746498235,0.006496908230302669,0.006136003072116978,0.004705774674000277,0.004705774674000277,0.009883203220412954
27394781,0.006803831109431349,0.05354618407105358,0.006539129174948252,0.005420761072698371,0.01552938387484457,0.01552938387484457,0.008685815539916044,0.008685815539916044,0.003192455851198548,0.003743773291352717,0.008746057246563962,0.003743773291352717,0.008972363774257799,0.006681567690517816,0.006681567690517816,0.01552938387484457
28675670,0.007371901695182955,0.007536630490229886,0.006305410489409416,0.0024028405152989527,0.007697108698263214,0.007697108698263214,0.0020826594867147754,0.007237303702262793,0.004427911983742822,0.003735692555561554,0.008864991488588365,0.003735692555561554,0.007237303702262793,0.004783172965470225,0.004783172965470225,0.007697108698263214
28869598,0.004899971538444262,0.03421850924300382,0.007106782075663282,0.004451952419889841,0.011465613918833427,0.011465613918833427,0.005999042223227557,0.007106782075663282,0.004899971538444262,0.004311993475725061,0.009227960405927634,0.01106266973425859,0.006304028452222854,0.004310934384769854,0.004310934384769854,0.011465613918833427
28963772,0.004212377176658846,0.009453755545500547,0.005251076993186079,0.0017257412141790766,0.006032058830479371,0.006032058830479371,0.0029703260537297703,0.004740179451736246,0.004070869508745625,0.0029693767517137834,0.009733493652221276,0.00950742334791563,0.008411992483311051,0.004453093947782109,0.004453093947782109,0.006032058830479371
29424551,0.005845038404797765,0.010224040947647617,0.007105814694694216,0.002348751381725559,0.00855817718720441,0.00855817718720441,0.0036907824452222008,0.008527700411054938,0.005845038404797765,0.00452211664045098,0.009102884728558804,0.00452211664045098,0.00699663664529889,0.004669151318131555,0.004669151318131555,0.00855817718720441
29939161,0.010169807630486801,0.008471957453778288,0.010114934099107747,0.0017307212024358953,0.0014637179967368315,0.010114934099107747,0.0028758350556776103,0.010114934099107747,0.007474144117497085,0.006847017222321038,0.00940376872151811,0.006847017222321038,0.007021863384164468,0.004727644623223146,0.004727644623223146,0.006508712105415512
30291077,0.0067857741087907165,0.0408215747771465,0.005595242614368751,0.00547016710034275,0.015430151111555358,0.015430151111555358,0.007436487190761841,0.012425618823619342,0.0067857741087907165,0.005211655812846252,0.00815247519334459,0.028435108702105732,0.005333671215387879,0.0033796829445694007,0.0033796829445694007,0.015430151111555358
30618705,0.007887048017626073,0.043255885306317646,0.006905241947927924,0.005054629143836856,0.018286775202409032,0.018286775202409032,0.008595880255582817,0.008595880255582817,0.004859468019052697,0.02662535485001713,0.009628852427973913,0.0064879789143531385,0.0074633797286178995,0.003819084198534123,0.003819084198534123,0.018286775202409032
30627346,0.004171446159613576,0.03331926115659056,0.006929787164350191,0.004423790864879984,0.013492719806182907,0.013492719806182907,0.006000124226261146,0.006929787164350191,0.0035623976316857984,0.003785325396658923,0.00834233691326082,0.004337153105965189,0.0058590863891812015,0.003370547170968856,0.003370547170968856,0.021418891369755222
306364,0.014672835375072307,0.004904436220209499,0.013960778257190692,0.002053217719598293,0.004715908743083208,0.005438447119224584,0.003036958229277618,0.016633352755946032,0.004226352986602912,0.004993469535168672,0.009127199476329152,0.004498720105396658,0.007683763531070239,0.004176313513810835,0.004176313513810835,0.009756248722913495
31276376,0.005356338741258836,0.007943498780450649,0.01666935699638942,0.0024400670785821982,0.007044730833640852,0.007044730833640852,0.003281221549679527,0.0062059290950986015,0.005356338741258836,0.005003127865226555,0.009816732502365871,0.004334675785742698,0.009241166673278876,0.005889226023937945,0.005889226023937945,0.007044730833640852
31424202,0.01085152106684261,0.014350592930575064,0.006467584880917595,0.001820656610537191,0.008520730338695453,0.008520730338695453,0.003034857852920025,0.009002611858706414,0.004192726389125987,0.005152426043586124,0.009453660199934967,0.005152426043586124,0.006876797873281913,0.004093497573794356,0.004093497573794356,0.009002611858706414
31625455,0.0053319034257950015,0.01250403051970049,0.006990975690989517,0.0020826042584344215,0.012122511019015481,0.012122511019015481,0.01063418988089117,0.0070159571555882365,0.003927712151485083,0.006990975690989517,0.010045005664866135,0.0060963728193566035,0.0065054927498896,0.0037526192855792486,0.0037526192855792486,0.012122511019015481
32195234,0.011654305414339938,0.02020659920306086,0.004582518076675713,0.002371665154749664,0.009207160818056562,0.009207160818056562,0.0039767841634874256,0.02398904799103908,0.005509184413163192,0.0051999486879513715,0.010378070532348535,0.0051999486879513715,0.0057887131280558385,0.004681318463529696,0.004681318463529696,0.009207160818056562
33743772,0.004802088567013158,0.013965483005786487,0.0072924186083000875,0.003364589425524991,0.009255388700345124,0.009255388700345124,0.015179144273348778,0.0072924186083000875,0.004382759311372887,0.012372871729052165,0.00867845686471507,0.012372871729052165,0.008006290129036716,0.005099766878823977,0.005099766878823977,0.009255388700345124
34272677,0.018034823929987412,0.04115296775740232,0.0037031278059100627,0.00210108418217442,0.0021879629213879762,0.015702991673654503,0.005880184687807786,0.009232133619297615,0.008190274214941994,0.003724483096071126,0.009016640709121894,0.0049180614919600955,0.00505780462487384,0.004433810026376579,0.004433810026376579,0.009232133619297615
34322023,0.0046197397012917385,0.006237256629164225,0.0074031833249484326,0.002855007793343062,0.0066760396139397835,0.0074031833249484326,0.00300858631749881,0.019078594905463608,0.014270742174176608,0.007934472453174269,0.008976791977376228,0.004258208409636797,0.007199219547256023,0.0037169769479601985,0.0037169769479601985,0.0066760396139397835
34438741,0.008023734659278062,0.014696434783345586,0.0043243390358045815,0.0028573886109741885,0.006002063068893684,0.006002063068893684,0.0024201977102391724,0.010608620529976413,0.0037116665717010088,0.0034016512440008272,0.006666547780842568,0.0030916829967365172,0.0060058545482066005,0.0042046628696033135,0.0042046628696033135,0.006002063068893684
34812836,0.004839534145405951,0.013659053660801643,0.005362946810948131,0.0030631734293433215,0.006429568395856708,0.006429568395856708,0.0036388423670609244,0.006579922149001668,0.00385888548881137,0.004494095545859822,0.00985091618189229,0.004494095545859822,0.00827544052110677,0.0039584176073589215,0.0039584176073589215,0.006429568395856708
35008850,0.005286321188329297,0.006074613133403944,0.00861630481738812,0.0018416277169999882,0.007113422423182549,0.00861630481738812,0.0025895144940375195,0.016886683120750243,0.0038956409956696194,0.0044142874589556255,0.008821126853585808,0.005193571283254081,0.005979362623178654,0.004659453441790038,0.004659453441790038,0.007113422423182549
35053870,0.007215222306823823,0.007056320265424706,0.007999241383900893,0.0016161909031135917,0.007782199821465556,0.007999241383900893,0.003286088645101768,0.011196419280244597,0.003621517327074828,0.003913965741104744,0.007372149774467609,0.003913965741104744,0.006305068781524257,0.0042492084879565345,0.0042492084879565345,0.023175277611004116
35109856,0.004554395396112049,0.005118084629961028,0.013138657490328177,0.002961059212695014,0.005379236384712109,0.013138657490328177,0.003029332179947626,0.017297486292566548,0.006067438331565149,0.008807580126973549,0.009405383631671259,0.004369449381252168,0.00883108534940454,0.004235247503525426,0.004235247503525426,0.005379236384712109
36429604,0.026944645702468347,0.029394471311091644,0.010921668802226232,0.00336500594073824,0.006952076864622485,0.05458976048519969,0.006858276606974766,0.05458976048519969,0.004523160170272656,0.04222232245276833,0.03127850846720588,0.04222232245276833,0.004839609640378718,0.0020982916755814558,0.0020982916755814558,0.006952076864622485
36437212,0.011690976506816761,0.017548537026205607,0.00923459068771951,0.0024154327490524445,0.004718026586521474,0.00923459068771951,0.0037654475945311777,0.00923459068771951,0.007316181175842579,0.0058387611069117,0.008496008683981222,0.0058387611069117,0.006047629969875826,0.005751161169200448,0.005751161169200448,0.0089057397535876
36512901,0.005748914037146499,0.037840657677270885,0.007291979451603249,0.007172863569330107,0.009895216916851019,0.009895216916851019,0.009151881727052846,0.09562963811114707,0.005748914037146499,0.006759366240304995,0.05078703458901027,0.006759366240304995,0.005628260910071514,0.003608432473627805,0.003608432473627805,0.009895216916851019
36564103,0.007362390790902477,0.005899293977220758,0.00943769280553849,0.0017762040096077152,0.003023349905330304,0.00943769280553849,0.0036253171393710575,0.009646036794238557,0.006221235203350381,0.002833088039413751,0.010015393007323105,0.003656451483159515,0.006946956305977738,0.0033382018009529223,0.0033382018009529223,0.009646036794238557
36600859,0.006647876475442196,0.030163463159554052,0.0047060841681457605,0.0039502666517352595,0.011317764879933752,0.011317764879933752,0.005072450458740594,0.009470078918467418,0.009470078918467418,0.004813594096968732,0.006453530683644302,0.003258080910653155,0.008896103362864899,0.0031565706681876927,0.0031565706681876927,0.011317764879933752
36662463,0.00913651840886997,0.051605627682497796,0.006879546987090471,0.0064580716166383854,0.01741257933520388,0.01741257933520388,0.0076364894670999444,0.0076364894670999444,0.008074388112898841,0.004927665641959799,0.010831103230909892,0.004209268371064845,0.005760946133467448,0.002990910303750824,0.002990910303750824,0.01741257933520388
40131614,0.009976443680774655,0.0094974851115883,0.0061176543843042335,0.002366660340255099,0.005469953100891997,0.00614931921817856,0.0037910003253014864,0.006633362009734495,0.006276968369983316,0.00422023238824985,0.009465708421942137,0.00474232438275466,0.006633362009734495,0.004772945556661192,0.004772945556661192,0.006386477200400044
4066312,0.005247489465427956,0.004904926681354131,0.004913677960858987,0.0014902940237504776,0.0030133703099326707,0.005247489465427956,0.002809306805120269,0.005635934285413296,0.0037530331284407067,0.004187111547378528,0.00733650418289064,0.004225591366245723,0.007560651406810838,0.004147386911616379,0.004147386911616379,0.005635934285413296
40727118,0.0051392289797228844,0.004827269662916494,0.013630782176951628,0.0017992906449186663,0.006872781599195126,0.006872781599195126,0.002912784667466263,0.004847902962083203,0.002183462956200491,0.01413611565366519,0.009881625204423502,0.01413611565366519,0.00788753371692885,0.006303083715433491,0.006303083715433491,0.006872781599195126
42427664,0.007956253458301131,0.005914499142413176,0.008974877130683878,0.0025450180780188696,0.003865233484641182,0.006988359807339743,0.0032747501774219264,0.008974877130683878,0.004179678097221157,0.004772592774706901,0.008102605321703963,0.0059248261545688866,0.006086103970258835,0.004272579557655774,0.004272579557655774,0.005029800160340194
43728457,0.007044415518710979,0.04739241289881985,0.03947704476472896,0.005719700029082004,0.016474548216927946,0.016474548216927946,0.009556726738956012,0.013090938553537261,0.006824693925066238,0.03947704476472896,0.007492914891480163,0.003917674012615684,0.006864023163506264,0.002817303497268638,0.002817303497268638,0.016474548216927946
44099084,0.007457985588536956,0.009011168861686831,0.006957932371853115,0.0035988885846410176,0.01338739633279542,0.01338739633279542,0.002652143343792371,0.008585550612275387,0.007457985588536956,0.004051134625640032,0.010856066764468968,0.0038971123467973264,0.007687057150851825,0.005256591095347061,0.005256591095347061,0.01338739633279542
44168447,0.008637459028835235,0.04327491041365681,0.004607259776421354,0.006398325773238967,0.014221305399228957,0.014221305399228957,0.00902486912442215,0.00902486912442215,0.007012799944744298,0.014341965069201084,0.008475101841713292,0.014341965069201084,0.007284809345547801,0.003645272712490258,0.003645272712490258,0.014221305399228957
45156972,0.010049676841904349,0.00687726817170247,0.011796533227675486,0.002457945537327498,0.00363729282837037,0.011796533227675486,0.002677181081455944,0.01656191524349088,0.01656191524349088,0.0033335604636548066,0.007651052820297477,0.005430294980953843,0.005711021368287871,0.003978419622231931,0.003978419622231931,0.0097173769666789
45857023,0.00796608266620274,0.043428827958519954,0.008306472107399095,0.005118259690917747,0.013277562418965352,0.013277562418965352,0.00809354570210747,0.021268303482439965,0.006294641754325083,0.003828169488652699,0.008499220641935904,0.00827796261847315,0.005383880947493016,0.0032309702340555767,0.0032309702340555767,0.013277562418965352
46142566,0.009633602863261388,0.0554758293725161,0.005918193180717316,0.005916363001677796,0.013698059375688304,0.013698059375688304,0.010692222686663594,0.011841377879865953,0.009633602863261388,0.006497120607557616,0.008082515037170657,0.005160992647573434,0.006948416455615154,0.0048403464304588644,0.0048403464304588644,0.013698059375688304
48572514,0.0049427700025436415,0.006927443139375098,0.02050191308789172,0.0015024552685419185,0.007866929142931831,0.007866929142931831,0.0030967104681641467,0.006222725885062471,0.0049427700025436415,0.02050191308789172,0.007241793876776769,0.0030508227062742916,0.006042071887872523,0.0035971394451038926,0.0035971394451038926,0.007866929142931831
49571946,0.0100513135828505,0.011503932294873592,0.007926960558562499,0.00211236844645266,0.006247080854828961,0.008069189179460902,0.003796157352919842,0.007926960558562499,0.006264809748578168,0.0037671280337817146,0.009830609111650294,0.0037671280337817146,0.0063134128804231615,0.0029301485379210476,0.0029301485379210476,0.006423769572171975
51208558,0.007546277658330716,0.04167061503307993,0.002954637791253723,0.007777085889648512,0.017634399084380484,0.017634399084380484,0.010249112668352687,0.015488337715884676,0.007546277658330716,0.009792654772961824,0.008646630817836292,0.00769338926618402,0.008008159697340957,0.005035325130210064,0.005035325130210064,0.017634399084380484
51778361,0.007061849585377375,0.010950550023023115,0.007730460984714161,0.002320709956348971,0.01031966776016413,0.01031966776016413,0.0029614613703229696,0.013265830506447475,0.013265830506447475,0.0040298558257362265,0.009459970452803576,0.0040298558257362265,0.007217239689708678,0.00484109869382139,0.00484109869382139,0.01031966776016413
53490997,0.006627782263986605,0.057361234613222,0.008854988700417885,0.0054745017336946125,0.013482994216677223,0.013482994216677223,0.010160871784517678,0.010160871784517678,0.004386983249699168,0.006526138002058691,0.008062552588334744,0.006526138002058691,0.007003439075057449,0.0037125104988166603,0.0037125104988166603,0.013482994216677223
53491020,0.018915476401021557,0.049074807904321345,0.03968719045396341,0.0052784714861256205,0.012388914251912525,0.012388914251912525,0.008062024308171876,0.03968719045396341,0.00390723235566925,0.02305931013689619,0.00677008687086249,0.02305931013689619,0.007272280298758731,0.0028162321970533824,0.0028162321970533824,0.012388914251912525
53491063,0.022586445143939298,0.049930216747790745,0.005023465262727151,0.004523069568555353,0.011312564678826747,0.011312564678826747,0.004165380454381895,0.006646237553025261,0.007743424388190641,0.006703763578316786,0.00556291801348353,0.006703763578316786,0.006646237553025261,0.004139712054609888,0.004139712054609888,0.011312564678826747
54474410,0.007937826305159787,0.011789518303437599,0.005516309601381873,0.0029158388094339895,0.0055178625801123714,0.0055178625801123714,0.0025340925679430627,0.007327448331399283,0.00258346809674852,0.0027041860732028777,0.008726765856842449,0.0030215684918725077,0.005290501325380167,0.004016178119208488,0.004016178119208488,0.007327448331399283
55538972,0.0055532789197978985,0.005787177517991604,0.004450744756646055,0.0017137686603141524,0.00870387821453535,0.00870387821453535,0.0031605196684553636,0.0075360250281063116,0.004680300878145954,0.0036752863009574216,0.00932559740451935,0.0038907302213645636,0.006398380202915798,0.004687586401137944,0.004687586401137944,0.00870387821453535
55583305,0.008096844898982084,0.006233919668256505,0.007265360276516578,0.0019410547485764452,0.007749774397413254,0.012295830821792086,0.0034383054221490176,0.012295830821792086,0.004340589619005722,0.007265360276516578,0.008376460344219886,0.004458769744461545,0.007258463679639657,0.003978081706243511,0.003978081706243511,0.012295830821792086
55590890,0.01763996296406061,0.007189074767122195,0.004402753803524862,0.002395473335374241,0.00654248177841598,0.00654248177841598,0.0034724225538523756,0.0060509741688934485,0.003475141204204931,0.003452505696450322,0.009527696683674649,0.003997702586702958,0.007304226316772572,0.00429511411509367,0.00429511411509367,0.00654248177841598
55738401,0.0078886878164738,0.017052988489883836,0.04098074132248234,0.0025786146215034315,0.016163274469910928,0.016163274469910928,0.0027961431181628307,0.006356156653467111,0.006894677574488673,0.0029958249378852085,0.009390239531214022,0.0055378650073051915,0.007666958147744989,0.005632270929189595,0.005632270929189595,0.016163274469910928
55817097,0.003908015048759482,0.005741292694907822,0.004845492813013585,0.003035218339888395,0.0036789627315540535,0.004651571141390261,0.0030447342199832962,0.00565000714256077,0.002557830490081331,0.012994708918980927,0.009662054191719656,0.012994708918980927,0.0075500734972206674,0.0048485032141568594,0.0048485032141568594,0.004597706016671124
55849103,0.005641033739964035,0.007843597249454961,0.004052286398232358,0.0026097209447991177,0.007202045408421973,0.007202045408421973,0.002934624017577598,0.0058806806385238945,0.005641033739964035,0.0035602594153953345,0.0103778543726852,0.004247624631291216,0.009558432676220344,0.005131839614969831,0.005131839614969831,0.007202045408421973
56916467,0.005402194873131673,0.0084792699410693,0.01681737920163919,0.0022187325977465213,0.011817414522470556,0.01681737920163919,0.0025828552806046283,0.01681737920163919,0.005237552450207371,0.0040478896818271146,0.008995779479632555,0.003932822235314985,0.006422532860232844,0.004330006311476522,0.004330006311476522,0.011817414522470556
57200226,0.010167382570322415,0.006792311698923417,0.007090204226407647,0.002854534670652309,0.004447588937343053,0.007090204226407647,0.01842022749374958,0.01842022749374958,0.006114502032075455,0.0027499556268153163,0.006862951378413553,0.006049672944384728,0.004975510318951609,0.0030281039001055342,0.0030281039001055342,0.009927488577352792
57216633,0.005930152521802476,0.018983968147669655,0.005551747603639153,0.0020357068520624696,0.008482324050929194,0.008482324050929194,0.0027456001818806784,0.007887596587188007,0.005930152521802476,0.0039355287479985795,0.008562124065509895,0.0029440646902252027,0.0053397472053100204,0.005206047994753508,0.005206047994753508,0.008482324050929194
58013278,0.011536780277896513,0.011647452326784118,0.008008777501929703,0.0029996814677434864,0.009309999068681551,0.00971951458212512,0.0030090505917117543,0.012880650063306374,0.007959792927512947,0.005055950440065673,0.009513170642487277,0.005055950440065673,0.007586696215251309,0.00227486681486261,0.00227486681486261,0.012880650063306374
58995736,0.004495389994774794,0.01303858007239675,0.007355848715435504,0.0019077996304443386,0.008786036098655187,0.008786036098655187,0.0027613889156397073,0.007942121127683537,0.0033330747931924727,0.007355848715435504,0.007805811884279511,0.0034671710072650035,0.005788617615347337,0.003024240865659937,0.003024240865659937,0.008786036098655187
60217302,0.003676471631351246,0.006003826547408258,0.006173548894606361,0.0021037766871360233,0.005817921954913798,0.006173548894606361,0.0026968750897520257,0.006173548894606361,0.002675884784179177,0.024365444309049467,0.009916867712041746,0.024365444309049467,0.011006791408329561,0.0055591427547307575,0.0055591427547307575,0.005886125637795679
60416566,0.024205137631549505,0.011861529305071934,0.01338069934165712,0.0017608697207641044,0.005950819682706158,0.007089357141205735,0.007560859321679563,0.01338069934165712,0.005863214730236858,0.004103135599934631,0.008960731442347611,0.004103135599934631,0.007747513141361838,0.003463584330285058,0.003463584330285058,0.008312237776351978
60576722,0.0060344599377684495,0.007851669832397302,0.010194835496798858,0.003169516330607563,0.011488878561153697,0.011488878561153697,0.0025814996540997046,0.010194835496798858,0.0060344599377684495,0.004430820526174797,0.010081748995150458,0.004430820526174797,0.007319830309847109,0.004442197511200054,0.004442197511200054,0.011488878561153697
60686882,0.004526364044855497,0.005782152334166563,0.006180000963533965,0.0017420939667901016,0.00750641994744281,0.00750641994744281,0.003297632204826292,0.03813381155968279,0.004093973672076849,0.004379537975829032,0.009524383365270919,0.003589424043406276,0.007970027497711883,0.004648098008861961,0.004648098008861961,0.00750641994744281
60797616,0.006694912346936589,0.023654668657747117,0.006264946992255613,0.002544303101399013,0.00796777567075273,0.00796777567075273,0.025373144437304315,0.025373144437304315,0.006694912346936589,0.005493876260378419,0.009358613170300662,0.005493876260378419,0.007125488939335851,0.0045856927948467185,0.0045856927948467185,0.00796777567075273
60809640,0.005246607949255836,0.008744549880731398,0.017344824413647496,0.001842610234755712,0.005406731957015229,0.008253018404597797,0.0025618209163339335,0.008253018404597797,0.0030558257387821187,0.017344824413647496,0.009290646490773678,0.0043962438909680365,0.006303429639606857,0.004542552189724147,0.004542552189724147,0.005406731957015229
61229235,0.005193498459416099,0.007604763739091734,0.0348242398725811,0.0016960555817799549,0.006171488536870932,0.006171488536870932,0.002959289937448122,0.005808262810902584,0.005193498459416099,0.0348242398725811,0.012153933386978354,0.004628131915830169,0.006332042228916429,0.005175201704609115,0.005175201704609115,0.006171488536870932
61273778,0.04392246679654852,0.0071189351559706165,0.007962931925263707,0.0019765820528561337,0.008500596362194746,0.008500596362194746,0.0026415195979295272,0.007962931925263707,0.04392246679654852,0.004632842055569075,0.007931731870471375,0.00495414599312858,0.007665183600654659,0.004520453301198935,0.004520453301198935,0.008500596362194746
62316382,0.032360168330171406,0.02419145549627749,0.004702435662623198,0.0035326790729971655,0.010875020003488603,0.010875020003488603,0.0031242265324031683,0.007251461100126155,0.007989192031856725,0.010113551485311296,0.008414406122696049,0.010113551485311296,0.008109134161270938,0.00446541133225461,0.00446541133225461,0.010875020003488603
62322599,0.006790043780220952,0.020400361095968978,0.018398655284035267,0.003403704532106172,0.010342650472507165,0.010342650472507165,0.0030805808521928196,0.007609776512953091,0.005806437817420653,0.018398655284035267,0.008461612238238632,0.004128662935298756,0.007310375047538811,0.0035438866560192064,0.0035438866560192064,0.010342650472507165
62626163,0.004799044395755301,0.013830891860830426,0.005213504779562242,0.0021219374188163765,0.0066245346145140565,0.0066245346145140565,0.0022330765715750044,0.0058774930106323935,0.004044649155400848,0.01640849882857269,0.006961638335901688,0.004227344811168034,0.0058774930106323935,0.0032976178358250763,0.0032976178358250763,0.0066245346145140565
63046139,0.00771948055224762,0.01802782298195626,0.004520988377339148,0.0017390836335486452,0.0017941629604867318,0.0067363135856195735,0.003819736316702494,0.009751529626520077,0.0033708065958021572,0.00299059310893172,0.011502106250585075,0.00299059310893172,0.00482345784954864,0.002935294328454141,0.002935294328454141,0.009751529626520077
63095160,0.03277011411947769,0.016697027917143406,0.003208591315423098,0.002529937111562638,0.007251753526626973,0.007251753526626973,0.004062938952045735,0.02742121717997298,0.03277011411947769,0.008223747041120735,0.010335265985799558,0.008223747041120735,0.007176878897865273,0.005316402820864338,0.005316402820864338,0.007251753526626973
63130875,0.005146331547430055,0.01671358927302871,0.004309811281598086,0.003209746466902987,0.009064285504635755,0.009064285504635755,0.0038766498612948018,0.0065457312893794535,0.0033026836782691,0.004618013654235518,0.010204601267806647,0.004655787408815015,0.007029970029030351,0.004012276505447448,0.004012276505447448,0.009064285504635755
63830782,0.004697834929831233,0.0080753955567876,0.005235045115148823,0.0018741539149066716,0.004828024450463746,0.005235045115148823,0.002870184477331722,0.006668679063675671,0.0026954078153654686,0.003142671920986927,0.02466491844925483,0.004001076086154089,0.008272862575126706,0.00532041580315837,0.00532041580315837,0.006668679063675671
75599070,0.007464305015322405,0.01652918554471399,0.004529001220958424,0.004271639017475992,0.011812941408472331,0.011812941408472331,0.00527244694569569,0.0066373111247159415,0.0033396021517760302,0.007569969904052043,0.00905642505615927,0.007569969904052043,0.00619556707577742,0.002309690679100918,0.0018993949810695956,0.011812941408472331
8686068,0.007128689649179968,0.04088267880516438,0.007212348819979023,0.0026247335355989152,0.010436800333385695,0.010436800333385695,0.0032273559089577115,0.00783568954193864,0.006174456085070449,0.007554646230119845,0.009043490897329112,0.007554646230119845,0.005706359937704842,0.003812722334223343,0.003812722334223343,0.010436800333385695
