topic_id,label,top_n,top_mean,top_median,top_q1,top_q3,top_std,middle_n,middle_mean,middle_median,middle_q1,middle_q3,middle_std,trash_n,trash_mean,trash_median,trash_q1,trash_q3,trash_std,cliffs_top_trash,cliffs_top_middle,cliffs_middle_trash,kruskal_stat,kruskal_p,mw_top_trash_stat,mw_top_trash_p,mw_top_middle_stat,mw_top_middle_p,mw_middle_trash_stat,mw_middle_trash_p,kruskal_p_adj,mw_top_trash_p_adj,mw_top_middle_p_adj,mw_middle_trash_p_adj,prevalence,mass,concentration_ratio,scene_summary,keywords,label_is_noise,primary_categories,secondary_categories,taxonomy_main_name,taxonomy_main_group,taxonomy_confidence,taxonomy_is_noise,taxonomy_secondary_name,taxonomy_secondary_group,radway_main_name,radway_phase_name,radway_phase,radway_confidence,radway_is_none,middle_relative,abs_cliffs_top_trash,mean_diff_top_trash,direction,tier
-1,OTHER (Missing/Noise Mass),30,0.3290587029438368,0.33316978759914534,0.31154553258374357,0.34198019490177045,0.021286378361037705,32,0.3168589487373863,0.3185004560324197,0.31021411679462807,0.32671031588636135,0.01546782496822374,30,0.31374967646749247,0.3089203215289421,0.30009019067402815,0.3301200185449561,0.018721500625030946,0.4222222222222222,0.3729166666666667,0.16041666666666668,10.154453015427748,0.006237183830327388,640.0,0.005084221723644086,659.0,0.011925746178120485,557.0,0.2812249485360865,0.5136982473512676,0.3067812314196911,0.7958969899656057,0.8824361808307414,1.0,0.3198232363253939,1.1876820305638274,Represents probability mass not captured by the 368 BERTopic topics,,,,,,,,,,,,,,,,0.9559704024544622,0.4222222222222222,0.015309026476344356,Top ↑,Tier 1
250,Protective Conversations By Firelight,30,0.0030480073948300126,0.0023704001033793935,0.001965230163804384,0.0028623000861551524,0.0023887672271675577,32,0.003862349353185628,0.003018959248723218,0.0019782005039805112,0.005155722217268807,0.0025076294129580397,30,0.004969589082062164,0.0036287712051225546,0.002380900654149177,0.00808786858334626,0.0032142824855004534,-0.3622222222222222,-0.22708333333333333,-0.16875,6.27653108929411,0.043357935124720005,287.0,0.0162848089481173,371.0,0.12643295506807567,399.0,0.25683008206319546,0.5136982473512676,0.3067812314196911,0.7958969899656057,0.8824361808307414,0.9782608695652174,0.003957859495746798,3.1357462180222,"She loved him, their conversations bolder and headstrong, as he protectively pampered her by the firelight.","loved, loves, adored, clearly, humbled, protector, cared, soul, madly, conversations",False,"romance_core, relationship_conflict","setting:fireplace, activity:conversation","Bonding, Everyday Intimacy & Growth",Relationship Trajectory (Main Couple),high,False,Body Parts & Physical Reactions,Embodied & Sensory Experience,Heroine responds warmly to hero's tenderness,Turning Point & Recognition,II,low,False,0.8319508160962099,0.3622222222222222,0.0019215816872321517,Trash ↑,Tier 1
55,Dominatrix Session,30,0.005133327436220287,0.004008409379597068,0.003406125745877875,0.004784520267966987,0.004051814759910841,32,0.006049821768959745,0.0050313631022426905,0.0034973835345221676,0.007720226528730434,0.0035605370589576113,30,0.007728456113510121,0.005743392782548063,0.003836489838258712,0.01178750746187421,0.004651878600382915,-0.35555555555555557,-0.20208333333333334,-0.18333333333333332,5.966757246376801,0.05062151359488617,290.0,0.0183679594713855,383.0,0.17405478770762306,392.0,0.21775616156549682,0.5136982473512676,0.3067812314196911,0.7958969899656057,0.8824361808307414,0.9891304347826086,0.0062983456858546095,3.207053789805143,"A dominatrix guides her client through a BDSM session, focusing on her desires and means of gratification.","wants, want, knows, needs, need, hera, needed, teach, ita, likes",False,"sexual_content, domestic_life","setting:bedroom, activity:BDSM, sexual:dominatrix",Explicit Sexual Acts,"Sexuality, Attraction & Intimacy",high,False,Domestic Spaces & Routines,"Spaces, Time, Activities & Objects",Heroine responds sexually and emotionally,Commitment & Restoration,III,high,False,0.876026280133307,0.35555555555555557,0.002595128677289834,Trash ↑,Tier 1
66,Bluffing About Feelings,30,0.0006382529184175003,0.0006211216781549774,0.0005303698475846502,0.000695508698579613,0.00018322190533665868,32,0.0005854780284754544,0.0005832044389886387,0.0004933424537839792,0.0006524070941641442,0.00010616078498395468,30,0.0023417139899301795,0.0005412188083024261,0.00047184651685727567,0.0005840632696006967,0.009886464872289221,0.34444444444444444,0.17291666666666666,0.23958333333333334,6.101168770453455,0.047331256620478636,605.0,0.022360148062659704,563.0,0.2452000867324996,595.0,0.10678013474771023,0.5136982473512676,0.3067812314196911,0.8495316136287612,0.8824361808307414,0.03260869565217391,0.0011753728713222277,46.525234722522384,Abbey struggles to understand and express her feelings while interacting with someone.,"didn, couldn, swallowed, glanced, nodded, hadn, giggled, wasn, despite, friend",False,"relationship_conflict, romance_core","setting:conversation, activity:arguing",Negative Emotions & Distress,"Emotions, Cognition & Inner Life",medium,False,,,Heroine responds with anger or coldness,Initial Conflict & Isolation,I,medium,False,0.938953454056995,0.34444444444444444,0.0017034610715126793,Top ↑,Tier 2
36,Kneeling For Intimacy,30,0.0025988350785548274,0.002249664473563365,0.0017335172111047554,0.0030774797043436886,0.0014922811670316817,32,0.0019392912203006806,0.001992866376857665,0.0013877288344098006,0.0024179620221983084,0.0008322638172947389,30,0.0020010560642775305,0.001557315000220404,0.0009955098690724454,0.002594587300039998,0.0014412520198757786,0.33111111111111113,0.24791666666666667,0.0375,5.108762856474982,0.07774030515501995,599.0,0.02812866989728732,599.0,0.09508178122538397,498.0,0.8052926314065638,0.5605279198717233,0.30855314613569895,0.7958969899656057,0.948748986476913,0.8152173913043478,0.0021745005797238317,3.689920680682045,"She kneels in front of him, her hands on his knees, looking up at him.","knees, feet, fists, arms, foot, fold, shuffle, fist, shoe, sides",False,"physical_affection, romance_core","setting:bedroom, activity:kneeling",Kissing & Non-Explicit Affection,"Sexuality, Attraction & Intimacy",high,False,,,Hero treats heroine tenderly,Turning Point & Recognition,II,medium,False,0.8858504508968005,0.33111111111111113,0.0005977790142772969,Top ↑,Tier 2
139,Awkward Questions At Door,30,0.0025780830010705036,0.0024182332801837127,0.0019473746334353558,0.0027964982858563743,0.0011628035681539917,32,0.00306749608123782,0.002955538385667569,0.0021995748066857665,0.003924074124570458,0.0012009955156701757,30,0.003591421287138211,0.004090348407709957,0.0019571570964272084,0.004982440628198317,0.0015764767155593035,-0.3244444444444444,-0.25,-0.20208333333333334,6.091675432445015,0.047556456480979795,304.0,0.03146563257725609,360.0,0.09232369485335574,383.0,0.17405478770762306,0.5136982473512676,0.30855314613569895,0.7958969899656057,0.8824361808307414,0.9565217391304348,0.0030787500352812136,1.9146142465497062,"She hesitates at the door, asking him 'What is it?' with a stammer.","asked, asks, doing, replied, whata, demanded, prompted, says, suspiciously, uh",False,"relationship_conflict, domestic_life","setting:doorway, activity:asking_questions","Conflict, Distance & Breakup Threats",Relationship Trajectory (Main Couple),medium,False,,,Hero and heroine are physically or emotionally separated,Initial Conflict & Isolation,I,medium,False,0.7225639527039401,0.3244444444444444,0.0010133382860677072,Trash ↑,Tier 2
27,Exiting Through Doorways,30,0.0025444435948924773,0.002323373366033391,0.0016689335351025058,0.002848363649481964,0.0013134631900162722,32,0.0030073483277152906,0.002383786230520988,0.0019925026362236573,0.004034949760094168,0.0016310752610242322,30,0.0034238951338218843,0.0033924878247967643,0.002031648063613587,0.0047970645072795805,0.001601978613919448,-0.32,-0.15208333333333332,-0.14166666666666666,4.3037137681159265,0.11626806089344002,306.0,0.03387428012952025,407.0,0.30714640203164334,412.0,0.3417066556295937,0.5605279198717233,0.30855314613569895,0.8716791045562524,0.8824361808307414,0.9891304347826086,0.002992231612481741,2.369601187743508,"She opened the door and stepped out into the hallway, leaving him behind in the car.","door, doors, opened, car, stairs, shut, stepped, purse, headed, walked",False,"domestic_life, social_setting","setting:doorway, activity:exiting",Domestic Spaces & Routines,"Spaces, Time, Activities & Objects",high,False,,,None of the above,Not a narrative function,NA,high,True,0.7026660914832276,0.32,0.000879451538929407,Trash ↑,Tier 2
226,Disco Night Adventure,30,0.0027824559567630903,0.0015194963393711314,0.0012885199671026377,0.0018807850623374868,0.006692277059156957,32,0.0013453650735560387,0.001307271254717184,0.0011169320817136473,0.0015231494243740016,0.0004012601876724835,30,0.0013293106196661895,0.001297129581893736,0.0011019953389399559,0.0015361789293426378,0.0003421852453459049,0.32,0.30833333333333335,0.025,5.934548854604941,0.05144333196674306,594.0,0.03387428012952025,628.0,0.03773968323945342,492.0,0.871315383351688,0.5136982473512676,0.30855314613569895,0.7958969899656057,0.9517871862727038,0.8586956521739131,0.0018087465178986046,21.083004822580953,She and her girlfriend dance the night away at a lively disco in Maine.,"hayesa, doesna, wants, copying, imperial, disco, infinity, pottery, scandalous, doga",False,"romance_core, social_setting","setting:disco, activity:dancing","Bonding, Everyday Intimacy & Growth",Relationship Trajectory (Main Couple),high,False,Friends & Social Circles,Social World Outside Couple,Hero treats heroine tenderly,Turning Point & Recognition,II,medium,False,0.8603318973608255,0.32,0.0014531453370969008,Top ↑,Tier 2
54,Phone Ringing And Answering,30,0.0037004410819417937,0.003641069482812059,0.0028160011456463004,0.003966740651881569,0.0015291746005041968,32,0.004367272760457626,0.0044409839915353485,0.0028467140752086954,0.005751276881250455,0.0017719294053941336,30,0.005048861762650224,0.0051139357580521575,0.0030318537021497877,0.006747104297868865,0.0024011104864898754,-0.30666666666666664,-0.25,-0.16458333333333333,5.387047101449298,0.06764217832899713,312.0,0.04206682132383563,360.0,0.09232369485335574,401.0,0.2688375633590584,0.5524111230201433,0.32695841250741015,0.7958969899656057,0.8824361808307414,0.9782608695652174,0.00437208493122179,2.194563663068463,"The phone rings, and someone picks it up.","rang, dialed, message, texted, screen, picked, pocket, texting, checked, rings",False,"domestic_life, social_setting","setting:phone, activity:answering",Public & Leisure Spaces,"Spaces, Time, Activities & Objects",high,False,,,None of the above,Not a narrative function,NA,high,True,0.8684082309211582,0.30666666666666664,0.0013484206807084305,Trash ↑,Tier 2
1,Intimate Breast And Nipple Kissing,30,0.008037940552667112,0.0031262891610535906,0.002582265530540216,0.00418110940951845,0.015186278348435594,32,0.013307917593782016,0.003379560636559923,0.002785059684222457,0.016186685659477302,0.017930785277915088,30,0.020073048915010102,0.00412240498117305,0.0031429183763712343,0.04285956773800822,0.02202381142862518,-0.29777777777777775,-0.18541666666666667,-0.17083333333333334,4.508225222066358,0.10496664866594387,316.0,0.048413499464813624,391.0,0.2125432751706885,398.0,0.25096807009750655,0.5605279198717233,0.32695841250741015,0.8011246525664412,0.8824361808307414,0.9891304347826086,0.013795467902514574,4.604132488617969,He gently kisses her breasts and nipples while she responds with soft moans.,"kissed, hips, tongue, breasts, mouth, body, arms, slid, neck, thighs",False,"physical_affection, sexual_content","setting:bedroom, activity:kissing",Explicit Sexual Acts,"Sexuality, Attraction & Intimacy",high,False,,,Heroine responds sexually and emotionally,Commitment & Restoration,III,high,False,0.8198031416161202,0.29777777777777775,0.01203510836234299,Trash ↑,Tier 2
202,Hatred-fueled Argument,30,0.004194048921468728,0.004092852196087874,0.0036373338012062,0.004511945083101453,0.0008268457840343757,32,0.004577992562092318,0.004542874524277105,0.004175397562771201,0.005196432476160806,0.0007872102606233922,30,0.004506710835078984,0.004513819987095438,0.0041175682312238095,0.004870791097400131,0.0007326087901504383,-0.2911111111111111,-0.30625,0.06041666666666667,5.457129499766268,0.06531296286740063,319.0,0.05368525328679823,333.0,0.03905708366962146,509.0,0.6880901161436235,0.5524111230201433,0.32695841250741015,0.7958969899656057,0.91125447813615,1.0,0.004429549507428104,1.461340625809809,"She and he argue heatedly in the kitchen, fueled by long-standing hatred.","hated, hate, hates, despised, disliked, hating, represented, despise, history, hatred",False,"relationship_conflict, domestic_life","setting:kitchen, activity:arguing","Conflict, Distance & Breakup Threats",Relationship Trajectory (Main Couple),high,False,,,Hero and heroine are physically or emotionally separated,Initial Conflict & Isolation,I,medium,False,1.0064367734249602,0.2911111111111111,0.0003126619136102557,Trash ↑,Tier 2
75,Bedroom Encounter,30,0.00251291618905713,0.002424161624552003,0.0020023336171795005,0.0029125439518816413,0.0008992334539632221,32,0.0023500917778765265,0.0021334532261920855,0.0018102882581898351,0.0029652635956430268,0.0007731743079635516,30,0.002089564037706615,0.0018398953810021138,0.0014182724220457128,0.0026041186936260428,0.0008245709570095576,0.2911111111111111,0.125,0.23125,4.557430458158024,0.102415702943179,581.0,0.05368525328679823,540.0,0.4019681956154475,591.0,0.11959104393961408,0.5605279198717233,0.32695841250741015,0.8849716568130367,0.8824361808307414,0.9891304347826086,0.002318231996684361,2.418321188374706,"The couple finds themselves in the bedroom, surrounded by pillows and sheets, as they share an intimate moment.","bed, bedroom, couch, sheets, sofa, covers, pillows, mattress, flop, edge",False,"romance_core, physical_affection","setting:bedroom, activity:kissing",Kissing & Non-Explicit Affection,"Sexuality, Attraction & Intimacy",high,False,Domestic Spaces & Routines,"Spaces, Time, Activities & Objects",Hero treats heroine tenderly,Turning Point & Recognition,II,low,False,0.8800787524134174,0.2911111111111111,0.0004233521513505151,Top ↑,Tier 2
9,Marriage Ceremony Planning,30,0.004863123317793016,0.003759611174178495,0.0022935037946545693,0.005951106004822189,0.0036963815286838535,32,0.004081665357751994,0.003216795785682889,0.001864596679949902,0.004283995677991217,0.003147959454818574,30,0.00406538757659823,0.002216880701441856,0.0017740276696053983,0.004047309820012442,0.004268680377761723,0.2866666666666667,0.16041666666666668,0.175,4.107103202431006,0.12827849951013437,579.0,0.05745954602854528,557.0,0.2812249485360865,564.0,0.23952574967209073,0.5640964786150781,0.32695841250741015,0.8682050114794277,0.8824361808307414,0.9891304347826086,0.0043311806334761,4.472238740390678,"The couple plans their wedding ceremony, discussing details and arrangements.","married, wedding, marriage, marry, divorce, marrying, divorced, engaged, getting, ceremony",False,"romance_core, domestic_life","setting:wedding_planning, activity:planning","Reconciliation, Commitments & HEA",Relationship Trajectory (Main Couple),high,False,Public & Leisure Spaces,"Spaces, Time, Activities & Objects",Heroine's identity is restored,Commitment & Restoration,III,high,False,0.85561925185624,0.2866666666666667,0.000797735741194786,Top ↑,Tier 2
33,Business Discussion,30,0.0023105002926826304,0.0021845509735314104,0.0015881221362913766,0.002653045574488608,0.00101916469657322,32,0.002434784752448383,0.0021366685590091094,0.001889559310469744,0.0030429361391582773,0.0009464934237137844,30,0.0027978889391733646,0.0024959840822200026,0.0019456350083276338,0.0031864195702349424,0.001291334094812912,-0.28444444444444444,-0.10833333333333334,-0.17083333333333334,3.615883590462829,0.16399131740179806,322.0,0.0594279151689524,428.0,0.4681919118125999,398.0,0.25096807009750655,0.5836525173541298,0.32695841250741015,0.9021900323130436,0.8824361808307414,0.9891304347826086,0.0025126607503698707,2.8239648719941846,The couple discusses business matters at the dinner table.,"business, company, dollars, pay, job, million, thousand, paid, investment, cost",False,"domestic_life, work_or_school","setting:dinner_table, activity:discussion",Hero's Elite Work & Business World,"Work, Wealth, Status & Institutions",high,False,,,None of the above,Not a narrative function,NA,high,True,0.856042507893096,0.28444444444444444,0.00048738864649073427,Trash ↑,Tier 2
233,Admiring Intelligence,30,0.002226140082044345,0.001951163379065187,0.0015784158503964417,0.002489397096133274,0.0010175389010706319,32,0.0024613405839819594,0.002459432817907673,0.0018287030680697455,0.0032746194476171615,0.0009392301454312273,30,0.002873647747125063,0.0028342916095474256,0.0018235909374706807,0.004061407434306941,0.0012828297293907746,-0.2777777777777778,-0.19375,-0.16458333333333333,4.175958391771815,0.12393733600801815,325.0,0.06567125768912659,387.0,0.19259314917535064,401.0,0.2688375633590584,0.5605279198717233,0.32695841250741015,0.7958969899656057,0.8824361808307414,0.9456521739130435,0.0025190927561141844,2.0824731264464327,He admired her intelligence as they discussed their shared interests over dinner.,"loved, liked, adored, attractive, proud, intelligent, looked, excellent, pieces, stunning",False,"romance_core, social_setting","setting:restaurant, activity:discussing","Bonding, Everyday Intimacy & Growth",Relationship Trajectory (Main Couple),high,False,,,Hero treats heroine tenderly,Turning Point & Recognition,II,medium,False,0.8677415982352751,0.2777777777777778,0.0006475076650807182,Trash ↑,Tier 2
160,Emotional Panic Attack,30,0.0024706666583471618,0.002181172631003923,0.0015849266656570225,0.0028439724239171706,0.001351429170687824,32,0.0029148533436420985,0.002561458861451222,0.0018048104694566415,0.0039482754835545005,0.0015297463585522122,30,0.0035016313212429336,0.003287167946213989,0.001831109951891569,0.005158393035118329,0.00198690972858796,-0.2777777777777778,-0.1625,-0.15833333333333333,3.815509583917674,0.14841323138326074,325.0,0.06567125768912659,402.0,0.27498363751687716,404.0,0.2875617147663595,0.5798095289349909,0.32695841250741015,0.8682050114794277,0.8824361808307414,0.9347826086956522,0.0029613505041766307,2.6261956761551404,"She gasps repeatedly, tears streaming down her cheeks, as panic surges through her body.","gasped, tears, panic, cheeks, stomach, tear, hips, winced, wiped, belly",False,"romance_core, relationship_conflict","setting:bedroom, activity:gasping",Negative Emotions & Distress,"Emotions, Cognition & Inner Life",high,False,,,None of the above,Not a narrative function,NA,high,True,0.7792296668256417,0.2777777777777778,0.0010309646628957718,Trash ↑,Tier 2
44,Mother-player Relationship Struggles,30,0.002235291873460281,0.0019043529414152316,0.00150439126985557,0.0025343829478072823,0.0010439363227677776,32,0.0020180854607392356,0.0018660316457968801,0.0015116454873685902,0.002198371769030134,0.0008770929891273757,30,0.0017562240648916392,0.001608516450551504,0.001336604274139148,0.0020304468565302373,0.0006305562929820874,0.2777777777777778,0.13541666666666666,0.15625,3.562120149602606,0.1684594729389471,575.0,0.06567125768912659,545.0,0.3635925552629117,555.0,0.293994119732533,0.5836525173541298,0.32695841250741015,0.8716791045562524,0.8824361808307414,0.9456521739130435,0.002003524053197969,2.492343192585203,the player struggles with his mother's expectations and emotional state in their home.,"mothera, moma, stepmother, died, mamaa, moms, motherhood, telling, tell, traumatizing",False,"romance_core, relationship_conflict","setting:home, activity:arguing",Family & Kinship,Social World Outside Couple,high,False,"Conflict, Distance & Breakup Threats",Relationship Trajectory (Main Couple),Hero and heroine are physically or emotionally separated,Initial Conflict & Isolation,I,medium,False,0.9798769478216746,0.2777777777777778,0.00047906780856864185,Top ↑,Tier 2
85,Pride In Accomplishments,30,0.00586880322178113,0.005835478663314267,0.005044567129412744,0.006424187826006036,0.001217677923711921,32,0.006234157594706339,0.0062136067663730275,0.005722566439651409,0.006796876137800897,0.0009552521230673337,30,0.006430065563893333,0.006244451102817593,0.005734627223244748,0.006765215859741409,0.0012242410355161974,-0.2777777777777778,-0.22708333333333333,-0.0625,3.9566123188405413,0.1383033027666829,325.0,0.06567125768912659,371.0,0.12643295506807567,450.0,0.6777509024772345,0.5785125957191736,0.32695841250741015,0.7958969899656057,0.91125447813615,1.0,0.006178903332617791,1.8229383977115425,She proudly reflects on her achievements.,"did, tried, thought, try, trya, course, dida, really, wona, hoped",False,"romance_core, domestic_life","setting:home, activity:reflecting",Positive Emotions & Security,"Emotions, Cognition & Inner Life",high,False,,,Heroine's identity is restored,Commitment & Restoration,III,high,False,0.9950605048477843,0.2777777777777778,0.000561262342112203,Trash ↑,Tier 2
37,Insane Arguments,30,0.0028477273654072656,0.002602901521297406,0.002287208796062871,0.003206510938378458,0.0009784751672559271,32,0.0023662485507426937,0.0023823051930130868,0.0018602548314129068,0.0028208713122973646,0.000749282517073922,30,0.00245216281025751,0.002231103882597343,0.0018961530900420747,0.0027265233281906377,0.00084333412959679,0.27555555555555555,0.25833333333333336,-0.0125,4.267028985507238,0.11842037410416018,574.0,0.06786886081944325,604.0,0.08192766721389186,474.0,0.9382476885285457,0.5605279198717233,0.32695841250741015,0.7958969899656057,0.9752089611069429,0.9891304347826086,0.0025512680314533636,2.4175051209725744,"The couple, exasperated, argues ridiculously in the kitchen.","ridiculous, insane, bullshit, fool, dumbass, outrageous, assholes, insanity, idiots, stupidest",False,"relationship_conflict, domestic_life","setting:kitchen, activity:arguing","Conflict, Distance & Breakup Threats",Relationship Trajectory (Main Couple),high,False,Domestic Spaces & Routines,"Spaces, Time, Activities & Objects",Hero and heroine are physically or emotionally separated,Initial Conflict & Isolation,I,medium,False,0.915249801806046,0.27555555555555555,0.00039556455514975575,Top ↑,Tier 2
19,Adrenaline-fueled game,30,0.0033082702437427546,0.0027537800542741997,0.0022718211760052636,0.004222283057104415,0.0017718122602057111,32,0.0027815594876949503,0.002485878052753848,0.0014777405000598784,0.0040034831747843905,0.0017501899790937719,30,0.002595247511147917,0.0022765319114891143,0.0008622714717987993,0.003817731495698121,0.0019506761782572823,0.27555555555555555,0.20416666666666666,0.07708333333333334,3.6789825853202274,0.15889823825040567,574.0,0.06786886081944325,578.0,0.1696355912946409,517.0,0.6071572556153206,0.5798095289349909,0.32695841250741015,0.7958969899656057,0.8824361808307414,0.8152173913043478,0.0028925590897060714,3.0200100399401415,She feels her heart race and stomach flutter as he traces her veins with his fingers during intense foreplay.,"stomach, chest, blood, veins, temples, spine, belly, adrenaline, heartbeat, beating",False,"sexual_content, romance_core","setting:bedroom, activity:foreplay, sexual:touching",Explicit Sexual Acts,"Sexuality, Attraction & Intimacy",high,False,,,Heroine responds sexually and emotionally,Commitment & Restoration,III,high,False,0.902714782403913,0.27555555555555555,0.0007130227325948374,Top ↑,Tier 2
229,Fascinated Gaze,30,0.0037893007053993425,0.003571095661892327,0.002747971888670849,0.004761241620268337,0.0019145963772379078,32,0.003929849140806623,0.004057660000674151,0.0028383466489473245,0.004718299825109018,0.001537073367164506,30,0.0047817722957034774,0.004770131360051338,0.002920999810229863,0.006652708988943851,0.0021548650218543995,-0.2733333333333333,-0.08958333333333333,-0.24166666666666667,4.192283193080868,0.12292982725426974,327.0,0.07012659407128821,437.0,0.549405685546141,364.0,0.10375367752098567,0.5605279198717233,0.32695841250741015,0.9422307507116318,0.8824361808307414,0.9565217391304348,0.0041618191580314835,2.195318456170376,"She looks at him, her gaze widening with fascination.","widens, narrowed, gaze, widened, widen, tilts, narrows, brows, tilted, furrowed",False,"romance_core, physical_affection","setting:face_to_face, activity:staring",Attraction & Sexual Tension,"Sexuality, Attraction & Intimacy",high,False,,,Heroine interprets hero's behaviour as purely sexual interest,Initial Conflict & Isolation,I,medium,False,0.8506390305290414,0.2733333333333333,0.000992471590304135,Trash ↑,Tier 2
264,Schoolyard Argument,30,0.004251234371344876,0.004169925415136437,0.003785218393117979,0.005066248939938111,0.000922812144730445,32,0.005020827168876934,0.0037993111580583907,0.003411619199079532,0.004135262160106038,0.006636488966925303,30,0.0038155122043964412,0.0035996925986873244,0.003106855368780504,0.0044020814031303515,0.0008926917543859676,0.27111111111111114,0.29791666666666666,0.00625,4.87260402057035,0.0874837680974276,572.0,0.07244559577423665,623.0,0.044723970184021127,483.0,0.971908492263774,0.5605279198717233,0.32695841250741015,0.7958969899656057,0.9947433717699922,1.0,0.004376835507351102,9.363098351229615,The daughter and her friends argue loudly in the schoolyard.,"lilliea, rubya, daughtera, holds, daughter, squeeze, starts, dumpling, eleanora, school",False,"relationship_conflict, social_setting","setting:school, activity:arguing",Family & Kinship,Social World Outside Couple,high,False,"Conflict, Distance & Breakup Threats",Relationship Trajectory (Main Couple),Hero and heroine are physically or emotionally separated,Initial Conflict & Isolation,I,medium,False,0.9111220678324466,0.27111111111111114,0.00043572216694843504,Top ↑,Tier 2
209,Clan Heir's Obsession,30,0.002665695101718654,0.0020821901450695833,0.0017011732142292863,0.0024682198022485968,0.002489733777905414,32,0.002041518702395926,0.0019980358822511736,0.0017497944080885422,0.0023586817845100048,0.0005637681742683936,30,0.0021003981164622403,0.001887625670018437,0.0014289078931544615,0.002214571103756566,0.0019021894405775624,0.26666666666666666,0.09791666666666667,0.19583333333333333,3.5416520570360035,0.17019234701415356,570.0,0.0772719759293395,527.0,0.5124712646622136,574.0,0.18782788273669704,0.5837597502585467,0.33549731321219556,0.9155085613496836,0.8824361808307414,0.9565217391304348,0.0022642542937184396,6.019987337449924,"The eldest son of a powerful clan is consumed by an unwarranted obsession with his adoptive sister, leading to intense, often inappropriate interactions.","fitzpatricka, brennana, eldest, clan, ireland, unwarranted, obsession, wing, adoptive, squash",False,,,Family & Kinship,Social World Outside Couple,medium,False,"Secrets, Misunderstandings & Hidden Information",Relationship Trajectory (Main Couple),None of the above,Not a narrative function,NA,high,True,0.9595837301525743,0.26666666666666666,0.0005652969852564136,Top ↑,Tier 2
156,Trust Assurance Conversation,30,0.0025436856314136804,0.0025713715033760876,0.002204491924776938,0.0027244778312691224,0.0005847168300507086,32,0.0023874067678217115,0.002406839167360018,0.0020587804201725635,0.0026281992798369634,0.00046558445909377705,30,0.0022414767812104276,0.0024007920323080483,0.0018708958720685715,0.002655409938818177,0.0005798556370177623,0.2577777777777778,0.2125,0.07708333333333334,3.501352851799936,0.17365643800070085,566.0,0.08771037748098136,582.0,0.1527976041779375,517.0,0.6071572556153206,0.5860670895635861,0.3624657768189952,0.7958969899656057,0.8824361808307414,0.9782608695652174,0.0023907814016197607,1.8077223165284868,"The couple, sitting at a table, reassures each other about their trust and commitment.","trust, trusted, trustworthy, issues, forgave, able, instincts, circle, gut, cana",False,"romance_core, relationship_conflict","setting:table, activity:conversation","Bonding, Everyday Intimacy & Growth",Relationship Trajectory (Main Couple),high,False,,,Hero treats heroine tenderly,Turning Point & Recognition,II,low,False,0.9360137462045367,0.2577777777777778,0.00030220885020325284,Top ↑,Tier 2
350,Sisters Reflecting On Childhood,30,0.00435868742911725,0.0040900577350829245,0.003167579650498906,0.004474885577698403,0.002838684956019942,32,0.003541304665257033,0.0036528132847395414,0.003046105359626952,0.004001881629610996,0.0006540777588879722,30,0.0035654462211838086,0.0033427482706425895,0.002777493611649335,0.003918469620721531,0.001088077479539114,0.24444444444444444,0.24583333333333332,0.11041666666666666,3.857594086021493,0.14532291058797178,560.0,0.10546994652177778,598.0,0.09790548272224751,533.0,0.4595973861839423,0.5798095289349909,0.3848531027337211,0.7958969899656057,0.8824361808307414,1.0,0.0038157147695354,4.831730730700012,"The sisters sit together, reflecting on their shared childhood experiences and its lasting impact on their lives.","didn, wasn, won, sell, childhood, months, guarded, defensive, sister, problemsa",False,"romance_core, domestic_life","setting:home, activity:reflecting_on_past","Beliefs, Values & Moral Reflection","Emotions, Cognition & Inner Life",high,False,,,Heroine's social identity is destroyed,Initial Conflict & Isolation,I,high,False,0.8930957536607749,0.24444444444444444,0.0007932412079334418,Top ↑,Tier 2
10,Knocking On Door,30,0.0054192468841480265,0.005003179770471362,0.004133389951382783,0.006372757915521104,0.002044660992276996,32,0.004791243737074507,0.00469228809263262,0.003334177551561438,0.00573406454649583,0.0018680085436054675,30,0.004813392181969781,0.0040651765275327885,0.0030134446021922146,0.005859816883891422,0.002623952205513994,0.24444444444444444,0.19375,0.06666666666666667,3.0323252688172033,0.2195527767906332,560.0,0.10546994652177778,573.0,0.19259314917535064,512.0,0.65725516871927,0.638348204198026,0.3848531027337211,0.7958969899656057,0.8981614457000383,1.0,0.005003249690977375,2.5744567748706872,Someone hesitates before knocking on a door in a hallway.,"door, doors, opens, opened, knock, hallway, stairs, elevators, floor, doorbell",False,"domestic_life, social_setting","setting:hallway, activity:knocking",Domestic Spaces & Routines,"Spaces, Time, Activities & Objects",high,False,,,None of the above,Not a narrative function,NA,high,True,0.9378611631227537,0.24444444444444444,0.0006058547021782455,Top ↑,Tier 2
280,Growling During Intimacy,30,0.002923965177184297,0.0023411449120732137,0.002064821001790667,0.003397701766944482,0.0013460671414813714,32,0.0025790727556512663,0.0025308451776082457,0.0019116288034467127,0.002972796539234774,0.0008927580241683599,30,0.0026368492070871765,0.0020448341681965103,0.0015440123086148739,0.0035714406323981785,0.0016435231902981317,0.24222222222222223,0.06875,0.12083333333333333,2.273910121552092,0.320794335432177,559.0,0.10868977321444741,513.0,0.6471019643535434,538.0,0.4179749516143205,0.6971490543418669,0.39242728644795216,0.955284819810491,0.8824361808307414,0.9782608695652174,0.0027103778229237473,3.088708356995309,He growls deeply as they make out in the bedroom.,"growls, groans, growl, rumbles, growling, rips, low, snarls, grunts, rumble",False,"sexual_content, domestic_life","setting:bedroom, activity:kissing",Attraction & Sexual Tension,"Sexuality, Attraction & Intimacy",high,False,,,Heroine interprets hero's behaviour as purely sexual interest,Initial Conflict & Isolation,I,medium,False,1.0810287976852155,0.24222222222222223,0.00028711597009712037,Top ↑,Tier 2
16,Intergenerational Family Bonding,30,0.002162684383442573,0.0020868728552165036,0.0012509438327463324,0.002896312934159461,0.0011455127533376865,32,0.002070832206320786,0.0020934269149870646,0.0016252307686910987,0.002475646452028599,0.0008157889738073646,30,0.0017637549587952136,0.0014376587060850785,0.001008294043477291,0.0020461045368990734,0.001301897454156133,0.24,0.0125,0.30416666666666664,4.482795698924747,0.10630979537675538,558.0,0.11198687208268976,486.0,0.9382476885285457,626.0,0.0404133389117554,0.5605279198717233,0.3959948157150782,0.9722627104691576,0.8663609529207564,0.8260869565217391,0.0020006501181456383,3.4943519746817646,"The youngest grandson sits with his older uncles, reminiscing about their fathers' shared history.","fathera, parents, died, dada, older, fathers, children, kids, grandson, hea",False,"domestic_life, relationship_conflict","setting:home, activity:reminiscing",Family & Kinship,Social World Outside Couple,high,False,,,None of the above,Not a narrative function,NA,high,True,1.0031405648121408,0.24,0.0003989294246473595,Top ↑,Tier 2
74,Confused About Relationship Feelings,30,0.00015255228681425523,0.00014766257353609772,0.00013111329226854685,0.00016340921737874678,3.231865563188904e-05,32,0.0006258667925896346,0.00014169053660221934,0.0001283732780495818,0.00015688021844439346,0.0020055538555167327,30,0.0016196713062815256,0.0001367498102241795,0.00012490362509443224,0.00015237613603553312,0.008110172473430816,0.23555555555555555,0.12291666666666666,0.08333333333333333,2.285153693314612,0.3189959581488618,556.0,0.11881734448329707,539.0,0.4099251267284276,520.0,0.5779420743689889,0.6971490543418669,0.40350840750268213,0.8849716568130367,0.8824361808307414,0.03260869565217391,0.0007955917951711058,56.00867038556023,"The couple sits in a stadium, stunned and amazed, trying to understand their complex feelings for each other.","emmetta, britta, fact, grin, smirked, second, snorted, fuckina, laughed, amazed",False,"romance_core, relationship_conflict","setting:stadium, activity:discussion",Ambivalence & Internal Conflict,"Emotions, Cognition & Inner Life",medium,False,,,Hero responds ambiguously to heroine,Initial Conflict & Isolation,I,low,False,0.9595555410797948,0.23555555555555555,0.0014671190194672703,Top ↑,Tier 2
96,Whispered Love Confessions,30,0.0030247513565111674,0.002780245678054928,0.0022047197734966174,0.0036472046604798347,0.0013980027416013242,32,0.003510251670802978,0.0031920116685617158,0.002561465909672397,0.0045929692134444354,0.001427967164163617,30,0.0037146024842079047,0.0039165208357601995,0.0020240987040136527,0.004835211473949252,0.0016969083178284409,-0.23555555555555555,-0.18541666666666667,-0.07708333333333334,2.8522206638616012,0.24024156718102477,344.0,0.11881734448329707,391.0,0.2125432751706885,443.0,0.6071572556153206,0.6669207841755834,0.40350840750268213,0.8011246525664412,0.8824361808307414,0.967391304347826,0.003418572485731168,2.2413612437964647,She whispers her love in his ear.,"whispers, whispered, whisper, softly, breaking, ear, plea, murmured, soft, someday",False,"romance_core, relationship_conflict","setting:bedroom, activity:whispering","Bonding, Everyday Intimacy & Growth",Relationship Trajectory (Main Couple),high,False,,,Heroine responds warmly to hero's tenderness,Turning Point & Recognition,II,medium,False,0.8150120274901951,0.23555555555555555,0.0006898511276967373,Trash ↑,Tier 2
11,Wine Tasting At Dinner,30,0.007550722817174085,0.006958756216417989,0.005851146386861888,0.009967144546840374,0.003288451303966936,32,0.009063106209312041,0.008744957156595269,0.006549901844672571,0.01135472713965867,0.0036523937308651972,30,0.009594775558990623,0.00915983710249044,0.006028774618892927,0.013304172286520099,0.00477606203010233,-0.2311111111111111,-0.23958333333333334,-0.041666666666666664,3.3566123188405754,0.18668993135645434,346.0,0.12597019317097233,365.0,0.10678013474771023,460.0,0.7835658377298897,0.5971443323183091,0.41150263102517626,0.7958969899656057,0.939731057137595,1.0,0.008743308151988332,2.091516721648476,"The couple sits at a dinner table, sipping wine and waiting for their food.","wine, kitchen, plate, sip, waitress, bottle, cup, mug, dinner, food",False,"social_setting, romance_core","setting:restaurant, activity:dinner, activity:wine_tasting",Public & Leisure Spaces,"Spaces, Time, Activities & Objects",high,False,,,None of the above,Not a narrative function,NA,high,True,0.9547066135867164,0.2311111111111111,0.002044052741816538,Trash ↑,Tier 2
102,Hair Tugging During game,30,0.003320943197800803,0.003274713695036357,0.00237871936248332,0.004177392163773751,0.0012426575744573414,32,0.002871889640428384,0.0028447711391007694,0.002079744282776458,0.003801693857655003,0.001216896705205502,30,0.0030382726615286655,0.0025371657569947977,0.0012992160401229295,0.0038494371856650483,0.002142861624723468,0.2311111111111111,0.1875,0.0625,2.7567554932210783,0.2519870084396577,554.0,0.12597019317097233,570.0,0.20742112411236435,510.0,0.6777509024772345,0.6700119681767643,0.41150263102517626,0.8011246525664412,0.91125447813615,0.9456521739130435,0.003072575481234699,3.1554540719038524,"He grips her hair, tugging gently as they kiss passionately.","hair, strands, brushes, grip, strand, handful, hand, runs, threads, gently",False,"sexual_content, romance_core","setting:bedroom, activity:kissing, sexual:hair_pulling",Explicit Sexual Acts,"Sexuality, Attraction & Intimacy",high,False,,,Heroine responds sexually and emotionally,Commitment & Restoration,III,high,False,0.8687083260261484,0.2311111111111111,0.00028267053627213743,Top ↑,Tier 2
363,Goofball's Webcam Connection,30,0.002551813317247258,0.0022766713103480767,0.0018884285547472142,0.0028312753359142832,0.001145558866608614,32,0.0029682921404609536,0.0022359236077544734,0.0019364400393307225,0.0025741584089851175,0.004126982570815871,30,0.0021023776603228002,0.0019913406276525296,0.001659471712962368,0.002705468849877206,0.0008071096451383122,0.2222222222222222,0.09375,0.11875,2.14160822814398,0.34273281030787756,550.0,0.14127750644049156,525.0,0.530775436380949,537.0,0.42611713912129934,0.6971490543418669,0.4288334930007841,0.9288570136666608,0.8824361808307414,0.9782608695652174,0.0025501204111070897,9.949782891345516,"She watches him on webcam, feeling a connection despite his goofball antics.","garretta, fulfilled, owners, sees, accepting, shouldna, letting, prophecy, webcam, salaciousa",False,"romance_core, physical_affection","setting:webcam, activity:video_chat","Bonding, Everyday Intimacy & Growth",Relationship Trajectory (Main Couple),medium,False,,,Heroine responds warmly to hero's tenderness,Turning Point & Recognition,II,medium,False,0.9821020273683793,0.2222222222222222,0.00044943565692445774,Top ↑,Tier 2
123,Police Involvement,30,0.0021665625123685112,0.0020511696409063226,0.0017180855025436012,0.0024056181667210536,0.0007418178318658463,32,0.001893020145509142,0.0018175560383794304,0.0015181784722400362,0.0022766331127612076,0.0005356693332354016,30,0.001985725012449244,0.0018654736108837857,0.0015747486006425426,0.0021330649115611005,0.0008968663842307304,0.2222222222222222,0.25,-0.04791666666666667,3.436182211313678,0.17940829272354678,550.0,0.14127750644049156,600.0,0.09232369485335574,457.0,0.7512945586546258,0.5860670895635861,0.4288334930007841,0.7958969899656057,0.9170606178595611,0.9782608695652174,0.0020124485913133173,2.549877614572623,The couple considers or involves the police in their situation.,"police, cops, guard, cop, ambulance, guards, paramedics, station, officers, uniform",False,"relationship_conflict, social_setting","setting:police_station, activity:calling_police",Interpersonal Non-Romantic Conflict,"Conflict, Risk & Harm",high,False,,,Heroine reacts antagonistically to the hero,Initial Conflict & Isolation,I,medium,False,0.8861070842320107,0.2222222222222222,0.0001808374999192671,Top ↑,Tier 2
312,Stubble And Tousled Hair,30,0.004354379477032227,0.0040798362371461585,0.0028326200955357777,0.005526411568019384,0.0018048770279735706,32,0.003757449799960719,0.0037145871833873067,0.002545135359804538,0.004962153241588034,0.0015967797178667205,30,0.004155498569204023,0.003046925198693817,0.002041968471149977,0.005307167572012931,0.0033952524120600814,0.21777777777777776,0.1625,0.06666666666666667,2.3309841047218356,0.31176921750483677,548.0,0.14944870623046316,558.0,0.27498363751687716,512.0,0.65725516871927,0.6971490543418669,0.44190436411249023,0.8682050114794277,0.8981614457000383,0.9891304347826086,0.004081899293324245,4.280541619950137,"He runs a hand through his tousled hair, dark stubble dappling his chin.","hair, stubble, shaved, forehead, tousled, shaven, shave, mussed, scruff, shadow",False,"romance_core, physical_affection","setting:bedroom, activity:grooming",Body Parts & Physical Reactions,Embodied & Sensory Experience,high,False,,,None of the above,Not a narrative function,NA,high,True,0.9104745574146381,0.21777777777777776,0.00019888090782820434,Top ↑,Tier 2
122,Serious Conversation About Relationship,30,0.00032538785779150905,0.00032209834636942185,0.00027697599022883973,0.00036874346827447176,7.185506657271848e-05,32,0.00030664117079509987,0.0003000146737495487,0.00028020745801122203,0.0003288489162666458,4.563978973128212e-05,30,0.0018752152884680352,0.00029231926449763276,0.0002542592046039791,0.000327905147948,0.0061349431781580225,0.21777777777777776,0.12291666666666666,0.13958333333333334,2.4279569892473205,0.29701326002606426,548.0,0.14944870623046316,539.0,0.4099251267284276,547.0,0.3489063965375663,0.6971490543418669,0.44190436411249023,0.8849716568130367,0.8824361808307414,0.021739130434782608,0.0008242457810133645,34.262910539541544,"She looked into his eyes, ready to discuss their uncertain relationship.","lewisa, mission, asked, information, hunting, informant, descriptions, saved, friend, helping",False,"romance_core, relationship_conflict","setting:bedroom, activity:discussion","Violence, Threats & Coercion","Conflict, Risk & Harm",high,False,"Conflict, Distance & Breakup Threats",Relationship Trajectory (Main Couple),Hero and heroine are physically or emotionally separated,Initial Conflict & Isolation,I,medium,False,0.9314378170127999,0.21777777777777776,0.0015498274306765263,Top ↑,Tier 2
360,Relaxing Moment,30,0.004424917363402203,0.00430091518484767,0.00357825120057127,0.005040059726520307,0.0010089088223812338,32,0.004106154377196317,0.004079013613326545,0.003398962933026067,0.004591860678854434,0.0010914746898704436,30,0.0038941610652096495,0.003992625413969497,0.003446642755103946,0.00473185688047353,0.0013281380580604692,0.21555555555555556,0.20625,0.020833333333333332,2.6783982000934543,0.2620554647657199,547.0,0.1536672354850899,579.0,0.16530106229249564,490.0,0.8935480033872298,0.683067465530185,0.4466767946727613,0.7958969899656057,0.9577500998484353,0.9782608695652174,0.004140970575311279,1.6698866344056509,She finds herself relaxing for the first time all day.,"relax, rest, relaxing, relaxed, enjoy, relaxation, relaxes, abysmally, averse, awash",False,"romance_core, domestic_life","setting:home, activity:relaxing",Positive Emotions & Security,"Emotions, Cognition & Inner Life",high,False,,,Hero treats heroine tenderly,Turning Point & Recognition,II,low,False,0.9484059422646862,0.21555555555555556,0.0005307562981925534,Top ↑,Tier 2
220,Evening Boat Ride,30,0.0028515807595906146,0.0027210645231143483,0.002147692304705259,0.003236427733257436,0.0011067722886357087,32,0.006009532972611234,0.003115489090379609,0.002313677587839893,0.004061446791009391,0.01639397496839353,30,0.003439647535331272,0.0031197447913192252,0.002208505889997772,0.004716483186583672,0.0014482673962473076,-0.21333333333333335,-0.15416666666666667,-0.058333333333333334,2.1626811594203446,0.33914057579000106,354.0,0.1579756891505133,406.0,0.30052231149547204,452.0,0.6984879602465006,0.6971490543418669,0.4471491911632662,0.8716791045562524,0.9170606178595611,0.9782608695652174,0.004141759825774088,23.089131705813976,"The couple relaxes on a boat, enjoying the evening and each other's company.","margota, eddiea, couldn, didn, wasn, blinked, moment, raised, boat, inspiration",False,"romance_core, domestic_life","setting:boat, activity:relaxing","Bonding, Everyday Intimacy & Growth",Relationship Trajectory (Main Couple),high,False,,,Hero and heroine are physically or emotionally separated,Initial Conflict & Isolation,I,medium,False,0.9986358496967307,0.21333333333333335,0.0005880667757406574,Trash ↑,Tier 2
212,Office Work At Desk,60,0.0022912571190019542,0.0020556598920946044,0.0016574886132669695,0.0028384784514013175,0.0008278279023186776,64,0.0020717072521633526,0.0019425697003842197,0.0016343589497724738,0.00235028038896821,0.0006812035005017067,60,0.002070616851517783,0.0018548485925502585,0.001499113124186808,0.0023630529366940782,0.0009359419869705829,0.21166666666666667,0.13020833333333334,0.0890625,4.164018434194986,0.12467945228015617,2181.0,0.04581355335311169,2170.0,0.21221422024067038,2091.0,0.39393663900946085,0.5605279198717233,0.32695841250741015,0.8011246525664412,0.8824361808307414,0.9836956521739131,0.0021429440346176025,2.5245353525425025,"She sits at her desk in the office, staring at her computer screen.","desk, screen, laptop, monitor, office, stare, papers, drawer, chair, paperweight",False,"domestic_life, work_or_school","setting:office, activity:working",Shared Workplaces & Professional Interaction,"Work, Wealth, Status & Institutions",high,False,,,None of the above,Not a narrative function,NA,high,True,0.9449858964297145,0.21166666666666667,0.00022064026748417134,Top ↑,Tier 2
317,Scent-induced Intimacy,30,0.0022056193053394835,0.0021951503899734024,0.0013836506655740609,0.0026725247645666746,0.0013113557902752638,32,0.0022459335207728535,0.0021590434762281834,0.0017917664729864306,0.002850583505442751,0.000770874622963773,30,0.0025232047369205743,0.0026136300759999585,0.001631617107024844,0.0031038646531944287,0.0012625839682335468,-0.2111111111111111,-0.1125,-0.10416666666666667,2.021552127162181,0.3639364321375036,355.0,0.16237502241276747,426.0,0.4510919207309779,430.0,0.48564493877199044,0.709262478540703,0.4471491911632662,0.8995612140158454,0.8824361808307414,0.9130434782608695,0.0023232021079623156,3.3761787292692413,"She notices his scent, triggering intimate thoughts and actions.","scent, smelled, smell, perfume, nostrils, shampoo, smells, coconut, lavender, flowers",False,"romance_core, physical_affection","setting:bedroom, activity:scent_perception",Kissing & Non-Explicit Affection,"Sexuality, Attraction & Intimacy",high,False,,,Hero treats heroine tenderly,Turning Point & Recognition,II,medium,False,0.8260707639718564,0.2111111111111111,0.00031758543158109075,Trash ↑,Tier 2
211,Hair Play During Intimacy,30,0.002321628564204522,0.002098295548918245,0.0015232782038970718,0.0027783322548455723,0.0012608213436248756,32,0.002394895014621314,0.002436543108851348,0.0018591808969801028,0.003107404035840085,0.0008063634361689611,30,0.0026668507094850997,0.002774211717005426,0.001630522713979206,0.0034221011585833694,0.0011759605899680876,-0.2088888888888889,-0.13125,-0.11875,2.219904160822807,0.32957475378340906,356.0,0.1668661704632597,417.0,0.37865943609003383,423.0,0.42611713912129934,0.6971490543418669,0.4471491911632662,0.8716791045562524,0.8824361808307414,0.9239130434782609,0.002459684985636638,2.872844128020884,"She runs her fingers through his hair, playing with the strands as they sit close together.","hair, blonde, waves, shoulders, bun, strands, fell, swept, breeze, braid",False,"romance_core, physical_affection","setting:bedroom, activity:kissing",Kissing & Non-Explicit Affection,"Sexuality, Attraction & Intimacy",high,False,,,Hero treats heroine tenderly,Turning Point & Recognition,II,low,False,0.8782830113821054,0.2088888888888889,0.00034522214528057756,Trash ↑,Tier 2
133,Breast And Nipple Play,60,0.0029861647118317913,0.0027368316469617584,0.0022263603120776503,0.0035670173446433564,0.0011914065720119015,64,0.0027220568720418906,0.0026388718451784993,0.0021006101261434613,0.003380771363586512,0.0010065974824299022,60,0.002892666170900257,0.0024769336131563197,0.0017851180091650897,0.003155596571426314,0.002095158156094452,0.20166666666666666,0.11197916666666667,0.0984375,3.756884547591085,0.15282798459010705,2163.0,0.05708863687369076,2135.0,0.2834955139524662,2109.0,0.3459367111278012,0.5798095289349909,0.32695841250741015,0.8682050114794277,0.8824361808307414,0.967391304347826,0.002863812460731543,4.198643136565891,He teases her nipples with his thumbs and tongue.,"nipple, nipples, breasts, breast, cups, pinches, sucking, thumbs, tongue, thumb",False,"sexual_content, physical_affection","setting:bedroom, activity:nipple_play",Explicit Sexual Acts,"Sexuality, Attraction & Intimacy",high,False,,,Heroine responds sexually and emotionally,Commitment & Restoration,III,high,False,0.9642068234950842,0.20166666666666666,9.349854093153439e-05,Top ↑,Tier 2
341,Reunion After Argument,30,0.0042209460763973665,0.003945719006713422,0.0034078802065308535,0.004611576884879495,0.0014189555010342878,32,0.00454430913237081,0.004144188897005244,0.0034758099303688703,0.004701845080097728,0.0025869141669117497,30,0.00443847129982152,0.0040892029629330875,0.0037153955852043804,0.005074668344100866,0.0010952163518588073,-0.2,-0.075,-0.13125,1.8685571528751552,0.39286918841079926,360.0,0.18576685629821565,444.0,0.617040152501639,417.0,0.37865943609003383,0.710983061221506,0.4543090581996371,0.955284819810491,0.8824361808307414,1.0,0.004404352320896005,4.13150010610027,"After a heated argument, he hesitates but ultimately decides not to leave her.","leaving, mirandaa, disrespectful, hadna, replacement, coolly, reunion, bogged, realizations, supplication",False,"relationship_conflict, romance_core","setting:home, activity:arguing, activity:reunion","Conflict, Distance & Breakup Threats",Relationship Trajectory (Main Couple),high,False,,,Hero and heroine are physically or emotionally separated,Initial Conflict & Isolation,I,high,False,1.0134465892805815,0.2,0.00021752522342415384,Trash ↑,Tier 2
191,Business Meeting With Client,30,0.00047359532286032614,0.00046552457569431615,0.0004199224437557658,0.000521303758621255,0.00010573965928297534,32,0.0020684447805397943,0.00044212909709429027,0.0004047996573023752,0.0005106250473236047,0.008894259344797638,30,0.0015163213190271573,0.0005148771738775857,0.00043199427048136484,0.000551077039144606,0.005622088357866454,-0.2,0.10416666666666667,-0.21875,2.905490299205269,0.2339272405952652,360.0,0.18576685629821565,530.0,0.48564493877199044,375.0,0.14102709032657285,0.6669207841755834,0.4543090581996371,0.9053055108630039,0.8824361808307414,0.03260869565217391,0.001368344915585847,37.11566726380985,"Eddie meets with a client in an office, discussing business and his role in the company.","eddiea, wasn, onboarding, didn, couldn, blinked, mitchella, meeting, complied, karaoke",False,"romance_core, work_or_school","setting:office, activity:discussing_business",Hero's Elite Work & Business World,"Work, Wealth, Status & Institutions",high,False,,,None of the above,Not a narrative function,NA,high,True,0.8587077339121563,0.2,0.001042725996166831,Trash ↑,Tier 2
171,Bedroom Intimacy,30,0.004193910654492274,0.004024152836400272,0.002994008008645291,0.005211772138122277,0.001592441018199169,32,0.003843611357140128,0.0039611348074227,0.002414533775072488,0.005101203920123031,0.0015680065314864744,30,0.0040892555164086545,0.0035712484299867337,0.0018459929346755066,0.004659935199005766,0.003168149484809101,0.2,0.10625,0.1375,2.077042426367484,0.3539777527423735,540.0,0.18576685629821565,531.0,0.47687470724095715,546.0,0.3562017619144596,0.6977837309806557,0.4543090581996371,0.9053055108630039,0.8824361808307414,1.0,0.0040379407451686085,3.8888613441004836,"The couple sits on the bed, legs touching, as they share intimate moments.","bed, mattress, bedroom, edge, sits, carries, covers, pushes, pillow, crawls",False,"romance_core, physical_affection","setting:bedroom, activity:kissing",Kissing & Non-Explicit Affection,"Sexuality, Attraction & Intimacy",high,False,Domestic Spaces & Routines,"Spaces, Time, Activities & Objects",Hero treats heroine tenderly,Turning Point & Recognition,II,medium,False,0.9843400263425515,0.2,0.00010465513808361956,Top ↑,Tier 2
