book_id,A1_commitment_vows,A2_emotional_safety,A3_everyday_tenderness,B1_attraction_chemistry,B2_emotional_intimacy,C_explicit_eroticism,D_power_wealth_luxury,E_coercion_brutality_danger,F1_sadness_grief,F2_anger_frustration,F3_anxiety_worry,G_courtship_rituals_gifts,L_vices_addictions,M_health_recovery_growth,H_domestic_nesting,I_humor_lightness,J_social_support_kin,K_professional_intrusion,N_separation_reunion,O_aesthetics_appearance,Q_miscommunication,Q_repair,R1_protective_caretaking,R2_alpha_guarding,R_jealousy_possessiveness,S_scene_anchors,H1_love_over_sex_log,H3_luxury_saturation,H3_love_depth,H3_interaction,H4_protect_over_jealous_log,H5_dark_over_tender_log,Q_repair_over_miscomm_log,H1_chemistry_over_sex_log,H1_tender_over_sex_log,H1_vows_over_sex_log,H4_tender_over_alpha_log,H5_trauma_over_safety_log,H5_anger_over_tender_log
104659050,2.2526759603875943,-0.8440443595198656,0.2862883436942214,1.1004592004093101,-0.14612155030805385,0.3775368005279606,-0.640794298610223,1.2712357590611418,1.301213897843415,0.19113794902776313,0.0009519946860751214,0.3265679376843643,-0.20993282579361133,0.10530169512496618,-0.5588409138966918,0.5927314133521465,0.1831865354809445,-0.741903073018444,0.4760213901545647,-0.11477820697822964,0.5027086908672638,1.8369958949000547,-0.47832574863905825,-0.982081440256932,-0.7029732874364611,0.06511586362823656,0.08889639985708947,-0.640794298610223,1.4899858154956402,0.06881069058301253,0.32430004149756786,-0.6286764346526712,0.02800676483475418,0.24004600289650135,-0.6094226138563811,1.3606859997560887,0.5760451971017969,1.3288602429316143,-0.6461952274016793
11266880,-0.11502550957209481,0.4073068455866599,-0.40397616873585385,-0.07342157121965555,-0.37932426950145365,-0.19402023753339567,-0.894131616609405,-0.013543967479094794,-0.09721949332755368,1.0676197828323906,0.9513259679843088,-0.8413834199854364,-0.7189893767112018,-0.28721769774221473,-0.7893354440030832,-0.7849582150472669,-0.28197440105155624,-0.1345807954175817,0.4667282306744156,0.6055956150958277,-0.06136905523837816,-0.17508440153987148,-0.5383645927993824,0.9493037579892435,0.6304937877622032,-0.6247740810071831,0.006128261623139648,-0.894131616609405,-0.18559107174945444,-0.9547628040217339,-0.8345652049900755,0.5568782059705556,-0.1223529329525961,0.06467217043650779,0.07395856142875892,0.11499215391890585,-1.1078540041171536,-0.2124055026805266,0.667712000060026
123257687,1.6291445646499283,0.841134840481023,-0.25327930972952095,-0.6974489033895477,0.5792030715496459,-1.1610302187263892,0.4124984321498569,-0.20641830583510354,-0.2646087582154424,0.605285869549749,0.6894828571339335,-0.6654832855827515,-0.7625695043722011,-0.47186144065042074,-0.5805578635114436,-0.776949234063247,-0.20871604195887214,0.4785628295968384,0.3498709710808709,-0.2125717944675559,0.2785096412438491,-0.5052783689526787,-0.25020411769859496,1.2834183409738151,1.8632224007439235,-0.42230703663865715,1.2311563748285694,0.4124984321498569,0.11239293448664299,0.5060894555072353,-1.5942610226938236,0.6862490364123734,-0.6897429263140908,0.6868226346697477,1.3532375659048463,1.9785729835936878,-1.177327236934613,-0.5534501439675293,0.732736960695956
123446478,0.12391317261875921,1.1332287870602507,-0.1590015562144633,-0.4309185236770976,-0.17798587918794687,-0.24714358676413453,-0.40086769523660126,-0.34991648170747647,-0.3878974641160091,0.2904980658225715,0.4070686835830408,0.32742813938039894,-0.39194610390019585,-0.4933166612415635,0.2737098897263279,-0.6178420035184873,-0.2736145178203369,-0.5305311131787676,0.5654233338153223,-0.3578576792582346,-0.30790981351595414,0.6062216360868147,0.8667840333477143,1.0344840576003236,1.1235225638854234,-0.012032094150017868,0.07012686249973016,-0.40086769523660126,-0.1544634300714943,-0.4543095699172986,-0.5473558548310137,0.473517142845106,0.5499677184493094,-0.11785455672287057,0.39891733972168564,0.37397644386476964,-0.3798203382892133,-0.7899100179667082,0.49683080011084396
127305713,-0.7950248190543883,0.6798879194698821,-0.5976624054204023,-0.6284614065517582,0.058094139537668496,-1.0702261522414154,0.2605734763480919,-0.5956422796409343,-0.8448277126368031,0.10683744547681578,0.2078175122536207,-0.9805524919166311,-0.7811773349134673,-0.5186406532560821,0.09537208359936804,-0.6492173418445131,-0.03759151867057481,0.24213730789671928,-0.015404145869282402,-0.16267776925178806,-0.21775145870949,-0.8017378967440688,0.39088981144266616,1.2458901899975607,0.9847232615155622,-0.5310849093484935,0.7573782045515952,0.2605734763480919,-0.7726758774352074,-0.15435300835796892,-0.6480851551070828,0.47181263425777314,-0.21115350337664104,0.6212615469440497,1.087267574991291,-0.21574114260219218,-0.7871159098780587,-0.8589946022616918,0.5068916634665118
149105520,-0.5088681365633516,1.1089284200585612,-0.7245048253183285,1.0318628457185923,0.3107671270413802,-0.5997120303707211,-0.32562157960934435,-0.8264221076608683,-0.0006101988520477137,-0.3051540755974393,-0.5468619356964073,-1.4704105196903514,-0.4636934232882831,-0.13065374396844695,0.3181449914060311,-0.011960677087475098,-0.45404314034064325,1.172018787639804,1.774441232263097,1.1011194851011679,-0.5335083737933632,-0.5363185891699102,0.5421034887038353,0.11253045965181077,0.07136277586828989,-0.7473524582377834,0.8475284664161544,-0.32562157960934435,0.9727160783662293,0.18389616268291217,0.13044315147164176,-1.0352888407419916,0.3795705883328459,1.0746108387106448,0.6056027660644953,-0.10775317187456412,0.16426050416210553,-0.8511731299323239,-0.96523664326644
15197,-0.2672379121236885,1.0202959805191716,-0.6094070403487483,0.6394301065218905,-0.027632294729671946,0.04163592347282525,-0.10519884644864039,-0.14520734848492936,0.36777334844671866,-0.15083050533868603,-0.06656543879009215,0.30349701294192905,0.6064644034397482,-0.003745663018944405,-0.1809176102754916,-0.40357475024302153,-0.27047876813350474,-0.42060627170424264,0.4917428090422655,0.26109676168238527,-0.36682865576824475,-0.08470061982835966,-0.2197914322564748,-0.40842982881461026,-0.30799845770609857,0.7287223993332901,0.08133464588917823,-0.10519884644864039,0.6104887295631225,0.24070488627005093,0.08991305861949951,-0.5299892863058739,0.33719812276958955,0.2715878556086239,-0.028165943915223157,-0.17250658293411403,0.18653027098702663,-0.3993760701736482,-0.5679247256242768
161913,-0.4529900676358746,-0.6504037942393791,0.6486998469251911,-0.6485482101531772,-0.7714754766628307,0.327624298699505,2.630623770177875,0.9228834444311138,0.5638293112652698,0.7285812314935147,0.957493269231218,0.7126856286632836,-0.4204910278306185,0.48078770109613017,1.1815967875885092,-0.1753866038021532,1.5781959605149005,-0.7892199569087593,-0.2273334913266687,-0.9890321547517865,1.6314802876976418,0.40975738120196487,-0.3601505545629384,-0.9179538618311082,-1.467674796214534,-0.7027510204862635,-0.7570574364140144,2.630623770177875,-0.9071592609908528,1.8931267241008412,1.2597718758434353,1.0764044415511018,-1.5685879706267594,-0.754466832378174,-0.4008816761556426,-0.534566460141229,0.583216395802391,0.8953680397475887,1.0414509242307317
17561022,-0.9270641593342078,-0.9347566038306813,0.5731040255395713,-0.6825337565582545,-0.8250761182569146,1.9524199172424488,-0.4277188073130286,0.9650846708846795,0.739862144941247,0.6277958265561057,0.7390979917500909,1.3907865310267868,0.14301893016592343,0.17007112630000903,-0.27959493417159914,-0.24386604401314463,0.06263261342164837,-0.2035130498238674,-1.1875746881312423,-1.4813148063014046,-0.7671185638577702,0.26580843295109413,-0.3806484130323424,-0.019884068224115595,-0.06264855021307099,0.9912192814245552,-2.0052102361846313,-0.4277188073130286,-1.1788715332054254,-0.9806680929093614,-0.20278831022044871,1.0510335917042315,1.1279793790772017,-1.8341051436946367,-1.6395730093751006,-1.9083426384182942,-0.24773495336573262,1.1199475256574025,1.029521182818413
1756703,0.5002436341412705,-0.1903347572324296,-0.42014669065754623,-0.8096359393889588,-0.3735039687047864,-1.3397944514212354,-0.020297075401851338,-1.1553343421378726,-1.167325682983134,-1.3207576577713749,-1.3515988364217222,-1.6983012512663387,-1.3314841465119482,-1.078331565723137,-1.2126544774908485,-0.4563496228783257,-0.3326036089637623,0.33073389731247044,-0.2267891145341701,0.13326404548934287,-0.2920511614518863,-0.5958067387822548,-1.266778813836324,0.9150686289460134,0.44148992842228524,-1.399876867057619,1.1083032445456626,-0.020297075401851338,-0.838595027867189,-0.4460805517518805,-1.0662118247852093,-0.13618453342032133,-0.007414340798298114,0.8447263833334168,1.2563312421788757,1.4240465838570615,-1.5417274988543392,-0.82996772949469,-0.1586740616575889
18692741,0.44970454217406247,-1.795412018733268,0.8600854117181951,-1.106196094177835,-1.154499562514521,1.3413725799692917,-0.8844563853191812,0.1706910776071021,0.09495743297791344,0.573517681679906,0.5995022349706919,1.4659569331460114,3.2305166970312538,0.566684186657543,2.8841349646179375,-0.3856934625025641,-0.33072841134262493,-1.2327298669165325,-1.877565539148107,-1.3318400852446481,-0.6224046018226684,-1.4251504151301495,3.40025630355912,-0.37756653243084143,-0.8975444399636594,0.29514446986622495,-1.7215939618538527,-0.8844563853191812,-1.3911625412341422,-1.4668936807499375,2.2518975941595736,1.4326764084317698,0.06996922078947478,-1.7984255877966917,-1.4413615486818454,-0.06866549515639546,1.9497411197523105,1.1482836851008318,1.4727310592658858
201413413,-0.29762024028311745,-2.1052715407966462,0.45629734626103796,-1.1622946695972893,-0.954784583857052,0.912816213237505,-1.5770432119855995,-0.2933841893335745,0.36001419540837803,6.117229842042104,5.822318255642109,-0.7218713626852905,-1.2081124543168382,0.3118152877767915,-1.1275830815210823,-0.14494580348657407,-0.7334696962190247,4.116356790135923,-0.3859624981477213,-1.4737676334870973,-0.729633395105701,0.45602372316941725,-1.0990641798326664,0.2398720994485853,0.17525742325683286,-0.7973087653004952,-1.6147969774320425,-1.5770432119855995,-1.7928199202264523,-2.1872727080530256,-0.7825642689658361,3.38261280600679,1.144101531329698,-1.5668396105773066,-1.382901763677222,-0.6022912303918709,-0.9081498350753491,1.252052445248128,3.7155105238872124
20346544,-0.8178647158342184,-2.4290663398318166,0.6013996429121368,-1.7293862494091015,-0.8853809958057755,1.6650827574960236,2.3553453030571703,0.0689553514657964,0.024989089369936136,-0.2365054059902835,-0.23202949321871702,0.7465623323136553,-0.7923195147603835,0.07246753819163593,0.4400338044436381,-0.845832345163005,2.731553671202603,-2.172212807367132,-1.070159221932927,-1.6622245462140428,-1.010626770266815,-0.3647570831578806,0.46605549418971065,-2.0122949409062576,-1.4051221661527635,-0.202548430599422,-2.477860117017544,2.3553453030571703,-2.4951731081064086,0.3370147157625125,1.5346281765282173,1.6144141639369716,1.2980889474156803,-2.532774200365942,-1.9493830356588875,-1.61197038095366,2.249171928965354,1.5143901006184353,1.6040582700977504
208153130,-0.6880005144506176,-0.14447980424889623,-0.760784919478171,1.3723548204603575,-0.010762906734216794,0.3518942108004372,-0.8014887815659215,0.4904149469353095,0.6527710651883083,-0.25861624567629893,-0.5135003222855127,-0.022528642582139845,-0.14480528691286548,-0.5518552413721762,-0.33640656570861277,-0.09417786924951066,-0.947758897563169,-0.9787536599352585,-0.4222846052343634,1.829232211033976,-0.694775807955364,-0.8735831660648574,-0.13682885962669294,-0.10171563129030431,-0.2821876880365186,-0.08370685810307087,-0.10891365106500449,-0.8014887815659215,0.8344666837862041,-0.4120294440966625,0.12264332113545884,-1.101698727954455,0.4765250111075498,0.3924238697361613,-0.6939048005944953,-0.8741183567718454,-0.03485996517106287,0.49490140490447815,-1.0943112301527436
21787,-0.23374622655300198,-1.4139297738920227,2.1520313037411283,-0.9308470835167332,-0.3995259426888696,2.588587419585945,-0.766574644463134,1.8460018927480193,1.8511814331892984,2.5085090031179345,2.6478305372227804,1.233764794387233,-0.06564184592962533,1.9001925672849476,-0.762323743050739,-0.22098634117455157,-0.12205966068593074,-0.801371474470501,-0.13155279130638914,-1.4151403344299194,-0.8431453337559986,1.1291020961096994,-0.6389413609803994,0.1885865145872376,-0.47757379685966345,0.04687132856581571,-2.2084408958296122,-0.766574644463134,-0.8359594033828935,-1.119985479160869,0.07434486305311658,2.007180341112776,1.6160677178328784,-2.345260574904147,-1.678065260743152,-1.1076626460246313,-0.5773576709339907,1.988168040550254,2.054513387665653
22609391,-0.3764351377244505,-0.25304386197662293,-0.39543640983873235,-0.564795311854312,-0.12871756681281388,-1.0699736460821696,0.35148460067562165,-0.6425271620651211,-0.70421360748056,-0.28971396734192134,-0.07810235789030166,0.10107397032232049,0.023919851425140123,-0.35568472421553543,0.6076313737499359,2.131769860777635,-0.34614691976587386,-0.08427264707404382,2.0270245963238693,-0.4281166927985952,-0.4039071533732562,-0.6369817252772808,0.5729701674293914,0.3120139423933494,0.42153001513260496,-0.5683378964469016,0.7366995425551632,0.35148460067562165,-0.8209998634664346,-0.09952318920532317,-0.1520147548192872,0.28778384347855984,0.1343124234135081,0.6654140384372542,0.8649389633041715,0.3794997245783444,0.01771386243589689,-0.3677218811133706,0.2587971579692793
22707536,-0.9607562177752103,0.8773414095950177,-0.9362667090984611,0.9523935059703038,0.1188753428083039,0.7342507846829792,-0.4667172762655088,-0.43164697576692057,-1.273033630373035,-0.98701066905391,-1.5054659734190918,-1.1216276671381737,0.591672500535968,-0.900452819502874,-0.7048273185508845,0.47495368670074134,-1.1747910624448867,0.758497677043002,-1.3990158389565628,0.5529041815839273,-0.6144959915590295,-1.9274257487013524,-0.46411604760935604,-1.1453927939877342,-1.1734877086220978,-1.09470141447115,-0.4889332928339457,-0.4667172762655088,0.6132665506553847,-0.14834252524652436,0.8407464744066266,-1.4468991624435446,-0.22601896829979984,-0.09753324580005958,-0.7349400011852083,-1.5209852573253193,0.7493745874682014,-1.0353180136442341,-1.3235986640249306
23518136,0.0012491101649486894,-1.0016143501995345,1.1516176044647608,-1.5829525993134996,-0.8181003436625246,1.4797970897660657,-0.6505829595656885,1.76047077964713,0.561480398398147,1.1285623707889885,1.2700263617941259,1.2047786039669308,-1.0828750802288514,0.9679951278846335,-1.2474459298200762,-0.9988529067357047,-0.44727259395594426,1.402183719052604,-0.4078266316227254,-0.04385918858058636,-0.3462199035856461,0.3526064914670621,-0.879690685912524,-0.8825877846429961,-0.2349119995488591,0.228316469316213,-1.912862664717634,-0.6505829595656885,-1.6092623033877262,-1.3715019607579932,-0.35048965772159224,2.1760510461138987,0.49851625869615873,-2.287476356280971,-1.1997144294015105,-0.5055670954312155,0.2313915756149892,1.3827050962123304,2.1699345788584186
27394781,-0.38099511273340486,-0.5225354797027383,1.5748936724154745,-1.3606164864273786,-0.07163653757601494,1.6215297950215564,-0.12560585450111805,0.7604071634426642,1.1620012718142116,1.206808265582861,1.6153896615184773,2.8870389630156548,-0.4392745602507221,1.081007137640474,-1.3578684594191672,-1.0940770458826574,-0.8735825803823569,-0.23078042048927064,-0.25567014771753427,0.3436446633623329,-0.8069735855713007,1.4106859352047247,-0.733163099115948,0.8050740603761937,1.442786458364371,0.2188782326681755,-1.7785102619176036,-0.12560585450111805,-1.1177118295108712,-0.6877332419106248,-1.5695728844295258,1.829740677283233,1.6590537311203846,-2.1753357606582755,-1.0383747394392333,-0.9678704408040171,-1.1195450305276755,0.9391713582694371,1.7849381344645232
28675670,-0.5300372275274892,0.23912675208568177,-0.817647939383683,0.10707196223211352,-0.0691924122655325,-0.4575340312848483,-0.11771326971452231,-0.44558639067060174,-0.37214533346538137,-0.12600910086691808,-0.12076718615003806,-0.24250715884327537,-0.3237770876609594,-0.9475646215829888,-0.15706407596096975,-0.000724980547348913,-0.6408137929629624,0.5976239951290985,-0.2828098535499491,2.229051324399805,-0.3990979978034457,0.5561300910286759,-0.12357813513719781,0.854953521388264,0.6163228861628681,0.6722241261795843,0.26105535219825504,-0.11771326971452231,-0.2146030135572674,-0.20633818382072433,-0.6198480439193497,-0.1954397058486022,0.6612283294557194,0.4235118002598318,0.16586023257791283,-0.22239211202008757,-0.7924708530784778,-0.40798317224515496,-0.1762395256742166
28869598,-0.50804852716357,-0.3610572138350099,0.8446178787563147,-1.0340672640822188,0.26691792375571305,0.27458250473462287,0.19876395967961033,0.7599602997282693,0.09061431817228924,-0.17977280807041604,-0.06266095718013462,0.638652539805517,0.2987846239020536,0.6766590887424995,0.5226281658247857,-0.40177689560278773,-0.5138953642693437,-0.13724065310056313,-0.42861418777363564,0.32026334892101127,0.6886239981893815,-0.3533868814483772,-0.14427719300382844,0.056085005732656956,0.3569355843167223,2.441623454758727,-0.7170809979608173,0.19876395967961033,-0.9180592955677132,-0.29271252692951216,-0.45368395368883013,0.711732416577803,-1.0608345574981866,-0.9987420267723498,-0.2168411410803957,-0.5811156272414641,-0.1729467794926294,0.5392346828557811,0.6448921977057688
28963772,-0.5987821876025408,0.6141610713396526,-0.36444518122299374,-0.440051249319609,0.04429576160984376,-0.5426008864756222,-0.2688482283224294,-1.7902889649927516,-1.605368271701055,-0.8114369036920309,-0.761778017403435,-0.6532659287952537,-0.8145859501004293,-0.16285480770676597,-1.107378230042019,-0.2632771770880954,-0.6742540863317216,-0.6820335657015151,-0.18775365500748065,-0.2341646979551697,0.11848694268591756,-0.19004880424899434,-0.7299738757221595,0.34357294589530163,0.3410099649079389,-1.1202888162645674,0.23687098859312045,-0.2688482283224294,-0.5039831413696827,-0.501220790063906,-0.7236712464995145,-0.24903400197331582,-0.3542956193323146,0.1612063562024899,0.5031185960033209,-0.26656651594741576,-0.759117300305654,-1.7641705576857885,-0.2076803605315866
29424551,-0.7400158305679595,0.42829679331580234,-0.052014673607551375,-0.24886058420896912,0.7474779433264725,-0.4553195967484704,0.11183420306443825,-0.7050699430601324,-1.0208150133029343,-0.3372736128851215,-0.26521641026034765,-0.1500445617157839,-0.1035995797559165,0.13498615923519516,0.18237025301549079,0.5405109544026092,-0.7142217352630399,-0.7176382208613002,-0.5509041258569877,1.860022063823062,-0.25330406216898893,0.2074956495583767,0.6556757242606959,0.4652344274542174,0.7805489246173349,0.34188107228471265,0.2733801675491366,0.11183420306443825,-0.17700321033879357,0.03943432623325425,-0.40261401988283413,-0.20415211189577329,0.3046118494598427,0.20009675800920512,0.444857572092952,-0.5324288543191159,-0.06003650141129867,-0.8580060624744534,-0.19063055947416668
29939161,-0.5713918858735232,1.656758527201612,-0.9030199776962656,0.3873509317520563,0.5137586450896227,-1.0164474361549962,0.8698932341680482,-0.8805619637612139,-1.2769299546149637,-0.4074762557971968,-0.6986476886445092,-1.897006667743555,-0.6902595281389455,-0.6329949236883893,0.7215165162117823,-0.11237617632197167,0.46942542664806874,2.353218650538857,0.34970364120110214,0.6518925347217667,0.9026835278094429,-0.456085058869086,0.7454100104514024,1.3854395802519799,0.981777148092663,-1.0642909174979311,1.1812017180028136,0.8698932341680482,0.501971706532762,1.2236886534737894,-0.47638891904641445,-0.7646036331573968,-1.3195687006032395,1.1957158613216305,1.2083456400330193,0.08727141647550432,-0.6939753488891321,-1.5975621951762269,-0.6448114376703871
30291077,-0.42140912103443046,-1.000511753613366,0.7953738880382115,-0.8089436878622717,-0.3431601913532869,1.1154273756323767,-0.6422646618004935,1.5239899897269982,0.5368767535822407,1.907961296465444,1.8575014198078954,1.6875205850323984,0.9999150645019148,0.5668554974062053,0.22432399950570028,-0.29727700549024827,-0.40472969956054317,-1.3998533497484127,-1.2088866498273756,-0.8617433074216977,3.1058510183714994,-0.400058246844757,0.21788686699765894,-1.7489990370419555,-1.2756085041815064,0.8863475228622023,-1.394848493568998,-0.6422646618004935,-0.9994709068238067,-1.0830355460904406,1.2719889892263638,1.5795372316300098,-2.9437674413713375,-1.4288426886299812,-1.0607143199946654,-0.8309140568395844,1.7998551770723512,1.2951800966783715,1.6670145032626371
30618705,1.4362582719030215,-0.15668137723099088,0.8621328268734716,-0.750430604324002,-0.8122397813526611,1.004827815118702,-0.3350222287761254,0.9074196538013061,0.7002396131230915,0.3996131712340724,0.6200541023414609,2.4103468616760497,0.9943646200054117,0.931504443045657,-0.1373575089272746,-0.5561634361516349,2.2582446583244398,-0.21298625073869526,-0.6984718615856349,-0.8883538573312586,-0.26070336145009376,0.7706270006339614,-0.050570833677357194,-0.8444694406665666,-0.803739352909874,1.309003774300363,-1.0222953108985915,-0.3350222287761254,-0.2846070833445795,-0.4542585526382383,0.6554905060864997,1.0259150024402295,0.5507651398126574,-1.3137753570127455,-0.7206677845230514,0.6962746720812067,0.6921390649796665,0.6667168978103005,0.9633173808646049
30627346,-0.3384941459755354,-0.7209881696343519,0.391865023811255,-1.3266758420118643,-0.6203848281867549,0.1192565471720003,0.41536432237984144,-0.18011372315175878,-0.22837637758839116,-0.5856277129251076,-0.3007163734696246,1.1477314430656342,0.2664695833579208,0.5525004794699838,-0.3112822596204947,-0.8167321096340759,-0.11415919976114045,-1.0287487296311504,0.13171036531898067,-0.28408458848844675,-0.19391036615040766,0.6081958008063006,-0.6210743269788352,-0.988089931687925,-0.596913933626215,3.3065981788773535,-0.8631156197872218,0.41536432237984144,-1.5453748953155808,-0.4689141812559658,0.13948646809121257,0.9883789580363559,0.39241207514421833,-1.1102878794183317,-0.3187582078924812,-0.293570638819839,0.49556871658964846,0.2567137898608221,0.8839885924680974
306364,-0.21015841548426248,0.6045600443242327,-0.6631387117074046,-0.2743802264553408,0.007809151546148809,-1.421460815992748,1.2089944119223894,-0.5290523494324401,-0.8430742399660374,-0.9250535155175533,-0.7513219388406958,-0.9926638173016942,-0.4310819293445353,-0.6889651759039537,-0.375442882013988,-0.5094887269745162,0.12222116709828183,-0.21767715329343013,-0.4480810040095674,0.3808126389304095,-0.37507466369478515,0.03566118768177952,0.046994197574188754,0.6253952852567387,0.7667399906751523,-0.9254463504785673,1.4431573642705657,1.2089944119223894,-0.3242838819642669,1.0186985667758668,-0.6706336869631646,-0.32483850905697337,0.40288213192794947,1.3303671030217434,1.5495379466893522,0.852861598111435,-0.5204669794692346,-0.7921568288041184,-0.40686058318950946
31276376,-0.360969335010604,1.2456855831437108,0.0875284100453436,-0.5550209636308486,0.23381469881883726,-0.6087358335502342,1.7371843105260307,-0.06831517928283566,-0.042628876272324895,-0.2832879486156666,-0.17959915727569228,-0.504832287725812,-0.6891060730678721,-0.16002497343668598,-0.32178656850361353,0.2400821321788109,0.0497791663651424,-0.27604110164911594,-0.23065665143662803,0.8815449475614299,-0.33303277244895085,0.9122865993270586,0.5122126246910321,1.4619412472989866,1.4696387196776088,-0.12743192389121402,0.4205527604672065,1.7371843105260307,-0.2249043598161721,1.6038669463840787,-0.9444081749013806,0.22174784784073667,0.7100170264098734,0.15053337737853886,0.8718936557539572,0.08424037562025564,-0.8720929346118169,-0.6028988505273912,0.18059666254885182
31424202,-0.49502195158535667,-0.005656160739048916,-0.6980803403135383,1.0133865768051757,-0.20914303507132734,0.7329159467897164,-0.30141401530240325,-0.6679335763475913,-0.6354951213979327,-0.21451611344840651,-0.3273654032537145,-0.09131703087117862,0.3450976848758567,-0.5991212415843448,0.6015407244402112,-0.33231523241341876,-0.3490693239274002,0.9324823630377657,-0.16096581402644253,0.8575096300005491,-0.22331042802338222,-0.05303697727652215,0.08147538597551215,0.3133718954517037,0.4240077104709807,0.4848063127589554,-0.5049314147096243,-0.30141401530240325,0.565428278549095,0.006144710006266301,-0.3868771249366233,-0.8745642000724055,0.1484664016043606,-0.06556531336658504,-0.931821409569885,-0.7698450545662724,-0.2549614778671568,-0.4810180134047722,-0.8184499607391107
31625455,-0.09370075159758179,-0.01943816757033854,-0.3581139213458983,-0.313742676032134,0.036721762376058155,-0.4786155845771991,0.2565960695209764,-1.5510435870281285,-1.3871855914111801,-0.3560453207589891,-0.42422452969498464,0.8609826656934717,1.2533722022324447,1.702219018153825,0.1503035404124463,-0.4524779866483399,0.44750670130590253,-0.01401100758924654,0.3132170290798078,-0.6143009473264464,-0.2961425083098537,0.36875897950144854,-0.2111618926338963,0.48097605417893113,0.4096743218679639,0.9021047783959166,0.209356108389605,0.2565960695209764,-0.4017839251529311,0.05368637560444889,-0.5097669846534727,-0.11154797226936083,0.4338450139355874,0.18093396091816352,0.24835338134284485,0.29893226716245536,-0.5567159832829207,-1.2205750972610447,-0.01713833877199274
32195234,-0.497114736565437,-0.6985006097557327,1.2604171381493778,0.9466931375803523,-0.32666317284626833,1.370623818068999,-0.7198749613287211,0.4513820634868686,-0.33062368486463534,0.11838791473267957,0.08556382607493107,-0.15325245589222766,-0.20903830990921868,-0.5764335111796057,-0.18814434901920118,-0.17016379019225117,-0.3211400755466551,0.08480335682229845,-0.7110317052699534,-0.09921322420993371,-0.5271789087622726,-0.8228735580179084,-0.5372281248787634,-0.10427498024165863,0.3362564790709656,0.22584501073477675,-0.8738933651544422,-0.7198749613287211,0.7903682995368676,-0.3416460331679026,-0.6436867453949866,-0.5749570561437137,0.23039002198863534,-0.5181529990373789,-1.0115722019796023,-1.0244843119951552,-0.2696587958017522,0.46986829221324244,-0.5625564636201378
33743772,-0.3497665707083076,0.47865667214467245,-0.02835914723784832,0.20372881793597644,0.011002758838519899,-0.14484842931439584,-0.5851261366441088,-0.03037199110125384,0.5535021293865269,-0.3390684961640718,-0.39962497759627447,-0.06757325500707145,0.31338565621597275,3.274788542735114,-0.13334635907518785,-0.4417104990027405,0.9227218706831186,-0.16358644598341882,0.7203830280522586,-0.8654553868748676,1.3576345862853483,0.6824807450267207,0.056647180303931434,1.756044801793709,0.7091863717515029,-0.14296046497356357,0.106481271083151,-0.5851261366441088,0.2026009987032603,-0.46880844971486285,-0.5621351805517485,-0.36362899061741144,-1.2296331355485075,0.18793834897786332,0.15428822883250867,-0.17054849600434066,-1.3242527196830138,-0.04308735465197862,-0.38844564789238945
34272677,-0.8844348937280789,0.5193861324960926,-1.4172692051310458,3.4085272252715124,-0.5828498552631179,1.4515995088085054,-0.5444150218288963,-1.4624378214012737,-1.3031442656913004,0.2187637474748786,-0.6822494687597132,-1.680694885023883,0.029859289862980795,-0.1719989921729432,-0.707065551611222,0.857425892156292,-0.6646616239896532,0.3676282985980897,-1.6059359920312777,4.447797144313275,-0.35464273764959003,-3.3007766820154774,-0.6773406331196022,-0.22153175833111974,0.06555006688607058,-0.8940172454964312,-0.3747652996667308,-0.5444150218288963,2.524194178839016,0.6731713712584193,-0.48438611360342076,-2.1411806507142477,-1.539088001158312,0.48243353440858777,-1.4919251063702283,-1.655102920330963,-0.25347091173854847,-1.4003586488717008,-1.806373598255066
34322023,0.336900693222459,0.44437545416838753,-0.45067430990482066,-0.9521959610166457,0.010023114601781952,-1.0053903065192342,-0.0025633964209749787,0.04263305063575657,-0.17408423117831032,0.17266881893000804,0.04624050529271064,-0.5982760651900086,-0.45425810062285416,-0.14558715461495475,0.6948419134187407,1.8224249328801878,-0.3627180230510768,-0.25174032436087407,5.914294346654066,-0.3825447501235171,-0.20529322960052285,0.12174320851936285,0.9531608000928079,1.3812045921890632,1.3031659158200881,-0.940340987118535,0.6711008519828942,-0.0025633964209749787,-0.7764175943591325,-0.3965027352433184,-0.6273450587831799,0.7765071511001492,0.20114659344080932,0.3050736850539986,0.9759429363842883,1.0352921476016987,-0.5819488298123552,-0.2326180060667001,0.8339773753460331
34438741,0.2190834776516279,0.015204134318977219,-0.5739064392776919,1.2718442293604264,0.19245161185039825,0.26109561943423654,-1.1389722586389377,1.3032275786927474,1.857774594393914,-0.14931523819974132,-0.35902119985375375,-0.7789939476250326,-0.5990677296231066,-0.4198093388152322,-0.9585746360780337,-0.2244653409117873,-0.8790053372667522,-1.2874740913568665,-0.4006167226518063,1.4697219440372267,-0.6357701260839449,-0.7233492199576087,-0.4072781243814543,-0.09705546835003091,-0.4792585887410293,-0.9255868907224378,0.07083307543380536,-1.1389722586389377,1.1384053232789149,-0.6634496004864012,0.18002836527102342,-0.9394040445242927,0.4528279959379984,0.41539430376000847,-0.508715375203503,0.19659166942511855,-0.19781430199874317,1.028078561350372,-0.9991218462770896
34812836,3.0627591879909133,0.44979750247310357,-0.028432065026659122,-0.33643832226272263,0.2622055224408644,-0.25151335672591985,-0.28743119251173244,-0.5997858762779597,-0.25678524202584835,-0.5349322234629096,-0.028177413018731733,-0.5064186341388267,-0.33083078683277334,-0.0035095488257004715,0.23103609833984004,-0.26662817374294806,-0.3349867952825286,0.672166470013519,0.7848094893374807,-0.6473029884710431,-0.22223685906007298,1.9328989622266637,0.4481170325196835,0.22111956323672013,0.19269406580684648,-0.3623104917698309,0.40526667227845214,-0.28743119251173244,0.7446355936229622,0.11165065470127783,-0.01642734360026258,-0.006598185413740767,0.9395271408307542,-0.05100270208880557,0.24969269764276808,1.9999771916240983,0.023751483226573465,-0.5372549672715404,-0.1543530934149506
35008850,0.7984610341328329,-0.09008557904329831,-0.7059699212169664,0.17282480015457993,0.1453910045482149,-0.9280425345674417,-0.09515739984045718,-0.6908443965929468,-0.5016948896758093,-0.41542233082317204,-0.4843599401905806,-0.47280535232275644,0.05147352730521215,-0.5741565043875437,0.07744201009691853,-0.4751138091772425,-0.5566950506948628,0.18669295212862733,0.2596191689547626,-0.0006279031555851965,-0.38308811054646974,0.5894600835009507,0.07212514179552189,0.25282980357874674,0.6192484566756227,-0.43502004266611194,0.9675734209649963,-0.09515739984045718,0.22462847478188314,0.047752461378290374,-0.557641481507838,-0.46487521570366874,0.6515086817051685,0.9665081010403851,0.6368485329866314,1.3211249552543758,-0.21124320041411912,-0.39921893203111064,-0.4371968513366689
35053870,-0.022965500581878694,0.5094853140522805,-0.400222519308716,-0.15517502170704148,0.05441944402341211,-1.0889252431398504,0.0019368553027229141,-1.213284790158655,-1.3528414171857872,-0.818721183978644,-0.951701934442803,-0.30599613757935573,0.1072115813218886,0.3895648980727191,0.21108110248441225,-0.6568908391911359,-0.3289478459743348,0.13549392191397003,0.8237410128827508,0.7903915971088201,0.17928941856723374,0.2572872721159307,0.20529964691229213,-0.1292417830837222,-0.24408477831852593,4.770654602991699,1.0495292971999073,0.0019368553027229141,-0.10807236059015847,-0.0315565362505619,0.25200308227131024,-0.49774782261893236,-0.22923344336413362,0.9600751099006112,1.1193145612691773,0.7766599815218341,0.18355081975658638,-1.2847191272584464,-0.4367314304428583
35109856,-0.7754170713280515,0.9822251496062163,-0.2610330501708543,-0.7091118406095068,0.2795469840838417,-1.0033324637962453,0.6867458601544185,1.3882076775551568,0.22396133313116431,0.013378677794900177,0.09913081890489975,-0.9224793448856814,0.45930935146141605,-0.33936357892734553,1.778281159616745,0.30983728095303664,-0.2538278914787571,-1.1375120549509188,0.5932064509159096,-0.5919338141746051,-0.3020952761827418,0.6458549341120321,1.6372398800595314,0.3833091047408536,0.7460070774750777,-0.9962939448685693,0.729337005738767,0.6867458601544185,-0.629993744506764,0.3234125013667821,0.05301813239249476,0.5430044736125962,0.5580433852892942,0.48234912926010914,1.1801770158129228,-0.23202309230257848,0.5064506353568698,0.15149046177500133,0.4743209163153008
36429604,-0.20983651465039282,-2.320754188275464,1.170170289571382,0.21228513452222572,-0.559842300812811,-0.2597815131701144,-0.46112268177445326,-1.002739686650807,-1.218274098159781,-0.8727282499655452,-0.8664488284029316,-0.4168967294679095,6.693438318978961,0.19299244688184164,2.2963760549303505,-0.1840109244463272,3.144700848156284,-0.7354936859303909,0.16121225986373075,-1.1513897879361108,5.3840315855862295,-0.8803888793772344,-1.1597316222588345,-3.0046764051396955,-2.6988031975706335,-1.484110355484603,0.030237347377416603,-0.46112268177445326,-0.2883552419723138,-0.5785918475573517,2.5289457988720323,-0.6338981072097746,-4.3286590222085835,0.2972804567778448,-0.22777726079961627,0.051073756843620276,2.6513743823052276,0.504578331403958,-0.6322521300160072
36437212,-1.3135896421173883,0.9932518615672542,0.10170840673651599,0.7170890721800957,1.4486838678521734,-0.17011339768273495,-0.6040765716370009,-1.8112245832170533,-1.072543429149294,0.6030101051256724,0.014253160184316434,-1.2283748267911354,0.009127032570701427,-0.17199645580977743,1.1636049669649833,0.9971631143828079,-1.2273603457888296,0.46265387570047645,-1.0955604534426313,1.335212617158197,-0.13539466237849987,-1.914375659504036,0.9484218252560187,0.0368179222360424,0.7678376594905874,-0.44818908873282787,0.37546984803049294,-0.6040765716370009,0.8874103060792646,-0.16880000960705724,-0.28005863683231025,-0.7088460844419328,-0.920300867305643,0.49770280668332384,0.35544473183086883,-1.9904698404579393,0.4429737262997612,-1.7086393860388573,-0.427684033670044
36512901,1.3932678992239251,-1.889653185820278,1.143225722242742,-1.6970676296230849,-0.8311346427091321,0.45573152876848866,-0.46592123120469564,1.212514167871864,1.8469313160055023,-0.6848276209086961,-0.7034488968216527,0.1578020562313963,-0.34157700563200044,0.6245573708767521,4.638804274832285,0.3869750069384151,-0.0805696157873572,-1.2588625246745555,-0.6173631080135455,-1.4994000856195215,-0.391154416764727,0.1037942113228698,5.603605409262698,-1.25767649215255,-1.0827034393698063,-1.009529706084952,-1.1452336053170429,-0.46592123120469564,-1.540549800417129,-1.1884591206847805,3.1842130126576853,1.4190413460894449,0.4564616593028394,-1.7062733323364445,-0.7360085359083665,0.9062924080331879,3.6614091739099566,2.087413987351887,1.272620825565714
36564103,0.3414892559029833,0.5149310972543342,-0.37580115347204573,0.5426970503022301,0.21100991218842458,-1.4041526902609098,0.26454279229228406,-0.9749301587618777,-1.3699033031464618,-0.08156910049318973,-0.04409019622099788,-0.9063364552253805,-0.13498491999681933,-0.18978743903827278,0.46450218090429574,0.14810771733153424,-0.7491007106889703,0.7178757329986045,0.6002290103196442,0.8924627448191049,-0.43089218491078735,-0.5184306882863493,0.07739784667023934,-0.352949304854726,-0.5319339305841868,0.07639117652438271,1.7922043314626788,0.26454279229228406,0.6830291203273154,0.681443243991508,0.4615316189269376,-0.5630749385350539,0.23125075066388784,1.7931503405301632,1.5797339532370167,1.354315156524119,0.3077815044567548,-1.1713256792059668,-0.5020881549027854
36600859,-0.41408021490562613,-0.6210272608970872,-0.010290903991901695,-1.2984864453677825,-0.8690894219122476,-0.13124794618135882,-0.9621444074805121,-0.973215952995216,-0.7815173410863006,-0.5303406000717532,-0.477112169059885,0.5708505910951319,0.29125819649779644,-0.2657467059541094,-1.0977930133729374,0.8164762242193092,-0.6820189277852707,-0.5698793858574586,-0.006787224863763687,-1.2623017995343522,-0.6240777851761609,1.0230386214361182,-0.9560299789645595,-1.7170786718627282,-2.000554018977914,-0.35447347007900515,-0.6939061264276578,-0.9621444074805121,-1.6734102252812473,-1.6514540649692229,1.6080705020457355,0.9414549420405053,1.1985329096494046,-0.8720679290214026,-0.18061908791617107,-0.25588832841562237,1.0650978284169716,-0.35647812832932185,0.9531677800623238
36662463,0.7685896296699731,0.6028103118051737,1.9024165873122603,-0.16672672524019258,-0.762296620463453,1.3690792148705535,-0.960698939108415,2.590591906575067,1.9213653816418192,0.4475957121460146,0.5026970190830999,1.960385961758009,0.8225037695994603,0.5400138849000605,0.022063130152377177,0.10787266660851791,-0.12846158775362973,-0.177895970915479,0.39881703018292486,-1.1015350550648273,-0.33454475725290633,0.6183201723659261,0.6335146622732014,-0.9308093620354948,-0.5474180443158138,1.1863181176837945,-0.9674713299624942,-0.960698939108415,0.5222961184355703,-0.7204638793465493,0.7133954811551928,0.5983181390576658,0.5930092316383689,-1.1503034343433862,-0.509384398634843,0.15234250525479665,1.155971263503271,1.150064271273729,0.48856190247609244
40131614,0.06616686595595048,1.1106589029293297,-0.8209035876012495,0.7174861661370127,0.2788813156827508,-0.7308351282193732,-0.6196320133018725,-0.7285115225506721,-0.3990888395104369,0.24701547327960344,0.07631110256637452,-0.956957466522973,-0.3249794847549433,-0.4111719051397325,-0.3950685828618862,-0.03292083680338268,-0.6850459760210103,0.6054746669325731,0.25735474112873596,1.2975770080486664,-0.22312531517559253,0.09394330934447014,-0.12431424513258478,-0.03749290737031281,0.24831267611710942,-0.4455936355980123,0.9432549214610798,-0.6196320133018725,0.8191372565065237,-0.21784701352605287,-0.35451783726657854,-0.5393475099594355,0.21337229654568457,1.0503483110257048,0.7275576810281348,0.6113302076028666,-0.08244859644844145,-0.9519232866674218,-0.43910548908858116
4066312,0.23419301355712088,0.48384546758185015,-0.7442374324572971,-0.6395880432202263,0.010139911629805076,-1.4561795512556108,-0.12622773057588035,-1.5973148746937447,-1.9298988578466918,-1.269475427479044,0.11685307657649832,-1.6039915970732712,-0.9090947373056742,-0.6375539268743294,-0.9802862537431208,-0.40438285323707013,-0.5997539497859629,0.06621533841774285,-0.49049393257288637,0.10187299153210891,-0.2763425844007942,-0.828851169102781,-0.5961941039988155,-0.014018237710363046,-0.03629889408090777,-1.4665962618089652,1.3938152696507558,-0.12622773057588035,-0.5818201147301283,-0.4072522413349206,-0.337668845821979,0.04343822369169814,-0.14332083816025806,1.1340785654118497,1.5438982976636988,1.3104960050875616,-0.3823755366204051,-1.742296633178973,-0.35043207618948774
40727118,-0.327036204601642,1.0685917215101872,0.23172790000116014,-0.7509177376928441,0.07912019408864449,-0.9114886735255118,1.1911834754669473,1.066954830553974,-0.3433476584603525,-0.13219258923414165,0.1477477115519386,-0.3073250938318608,-0.3028263035902879,-0.010738227533733342,-0.7952460476966283,-0.9065241167446673,1.6031278939407525,-0.007222489221683503,0.02920002286784914,0.22284738862064782,1.830767486771197,-0.20315953813515536,-0.38572878257893756,2.75181578241919,2.4864789107747596,-0.5154302143188924,0.690682429371895,1.1911834754669473,-0.43952359272068464,0.9226851864570564,-1.9942324981323185,0.5697754470933789,-1.9931488217318847,0.34370137251337207,1.218338995264272,0.3240462303620211,-2.207378464155473,-0.17213665781105358,0.4663591014553294
42427664,-0.2123873709199476,0.32748456034260837,-0.8511868455445489,0.016143348989212655,0.10399392417415751,-1.0761524986700501,0.4535989790534471,0.2924507944495763,1.3051079118261293,0.7388565023663997,0.858908357987364,-1.2232428847086116,-0.26171693878681407,-0.4386584485272698,0.0811783763966038,-0.5072522577857602,-0.21644461636365223,0.22403953878268934,-0.005971861900096076,0.41381483167368466,0.36743302988417925,-0.49486804294119197,-0.21367510986886287,0.8403092578391064,0.48098512722484876,-1.1326853997566249,1.0153062365855818,0.4535989790534471,-0.15260737838286226,0.3904458399511966,-0.5525338176622501,0.3533266467595612,-0.7855645365953193,1.0506105501839509,0.913815300580224,0.5721400629262072,-0.8338958911119052,0.37858626986313104,0.3413068871292043
43728457,-0.816550281465118,-1.1088740195385993,1.0872508039369628,-1.0701863027758272,-0.9231134362531968,1.2407679170295156,2.7083714279154036,0.40411277762331715,1.093670141917776,0.45595709499931103,0.4995425179970342,1.8959608718925338,-0.1818910238557867,0.45129616247224924,-0.012572964589312875,-0.41664041718435413,3.4162823019732675,-0.7592555974943157,-0.888447266847677,-1.1007319897496357,-0.8503513034346573,0.4243827074656554,0.0870796241804384,-1.7838453924996025,-1.8574652874942004,0.5322795789692705,-1.6777274267317468,2.7083714279154036,-1.4416493483105401,1.4992839882327667,1.94817900087397,1.325392572986234,1.3436856249666753,-1.7073566733148395,-1.092697490556426,-1.455945306676509,1.7666480563416527,1.1215629406598593,1.3173887826099553
44099084,1.0162115321542127,0.11714258830896716,-0.7117304492087778,-0.02884500950256,-0.01915941966782967,-0.7067329972217354,0.8174366404148241,0.16917541592359692,1.0442887119464348,-0.13692756376746523,-0.1286856979904355,1.0290214079404238,0.7840065559701167,-0.5461048227232593,0.14755203704905315,0.13551496136383306,0.014368959042206236,-0.11312521342121906,1.2224967287957729,-0.4648077041718834,-0.24025410461949825,2.0255107519288056,-0.023127763473454487,1.6671213426527904,1.9242029416897672,0.9208703475673626,0.6616752034157369,0.8174366404148241,0.11545918942239439,0.9209298468646866,-1.5049368284724844,-0.046361700868555705,0.9973088127505367,0.5971293972215631,0.43490091875657827,1.3127753812330933,-1.3102182859893885,0.3602589183422811,-0.09184780427054695
44168447,-0.7723913854620912,-0.6025592236370731,1.7407591983926571,0.019007082091752663,-0.27222120838364705,1.2831549186207774,-1.1503674423120605,1.407587150846961,1.7507752747463725,2.1913792378682437,2.2280545494052317,1.0572006619300185,-0.013775650159499405,0.9077073633217166,-0.6550660748591204,0.16388169414871712,1.1403606477460617,-0.5423076849014163,0.9264194576865555,-1.4167360798069444,1.6516595620980254,0.7970249815118006,-0.35783292609949263,-0.6834262817493919,-0.3575557622063458,0.21149281114531862,-1.0982870079640656,-1.1503674423120605,0.013629436361169336,-1.12699583611136,0.05340296101123091,1.0504004613834257,-1.4246578892088415,-0.9817365574362492,-0.7975960544315395,-1.3973454695802874,0.3587764423614469,1.3578739598944611,1.108862480776395
45156972,-0.7588134357209947,0.23301717333884567,-0.9540321460330715,0.7221572934314069,0.16039122776931283,-1.2593280677239937,-0.2637106044392075,-0.8272125743672221,-0.1961326641437177,-0.7272055302399454,-0.8702618946736258,-1.2451078500582609,0.25808157249666996,-0.4496678946049844,1.4971248546433529,3.9654132981668972,-1.044777811090949,0.45706145423206146,-0.26706099798350474,0.20187297964697948,0.14843713923550275,-1.0074348437715823,1.2635797606425183,-0.5844126667003209,-0.48742308854989486,-0.4161897961005876,1.4398687958908472,-0.2637106044392075,0.3020440091082042,-0.08708593992049889,0.9544033198789416,-1.0260637249143436,-0.7837622131822478,1.6890870552820032,1.1057698105951768,-0.008982274015041687,1.1526689633629381,-0.5115036076887948,-1.0109157500612744
45857023,-0.6768027358043469,-1.1609129828322269,0.7055551175743002,-0.6500257695543937,-0.6757929217567107,1.2153081657115752,-0.6232123006322693,0.8752139169015246,0.4144071202350547,0.9281641839420582,0.9681393772487887,1.0449862630588413,0.9543965769939416,0.6009571015685823,1.997269994360441,-0.1597625348151015,-0.8592241248211948,-1.200520151150817,-1.1122808287969888,-1.2687279428182678,-0.02439183656839976,-0.2582934642977784,1.8635430503482497,-1.0751774896230757,-1.39634754092338,0.9453131200473358,-1.4922878099191468,-0.6232123006322693,-1.066385655953155,-1.0972395627466995,2.193457822404338,1.097726215630047,-0.2078478903681173,-1.378103115648451,-1.2049713684247454,-1.220259346468878,1.9228519468582672,1.1242510678988602,1.12582675173323
46142566,-0.061215748732173586,-1.8230643263728563,1.5539179725029204,-0.31320914045025555,-0.862422399571971,2.172432781431235,-0.7102189350442153,1.569992874728725,1.3658826167798395,2.3840360235885907,2.3559973939791026,1.3796788011334715,-0.12547283215374688,1.1097967501003332,0.16979409487099337,0.21591583894083305,-0.007869647669011697,-1.4737316978173631,1.8833032663417555,-0.9245678079304868,-0.7788399154587754,1.1569147895373832,0.15984407138150664,0.2022234552184835,0.32148972043588586,0.309193147985393,-1.8748114076055094,-0.7102189350442153,-0.576410945934772,-0.951212721101202,-0.26686193468394226,1.4795858271733167,1.512280925262753,-1.6997240817299917,-1.7414629005679847,-0.8001665489649303,-0.12042645107797711,2.034310401516048,1.5674999337536222
48572514,-0.35977725664479693,0.8931240020243832,0.04638098236855429,-0.8509136612613455,0.3687259623404001,-1.2017457465298451,3.7317068161847846,-0.5553349605281319,-1.3159121952297583,-1.0486816663179142,-0.8945170503495837,-0.16897442815631977,-0.812246662594201,-0.34354718798227707,-0.29091322531414876,-0.023784848041694142,3.593603751747388,-0.47015345759268284,0.26688541713684116,-0.3469672789472477,-0.6455676985369132,-1.4341896386507849,0.13771259860207913,-0.22314736444951833,-1.0019273762708252,-0.3724845427892068,1.0223115790634842,3.7317068161847846,-0.5653883354441065,3.2187321456996303,0.9963955871617451,-0.022242893219439307,0.10295620278084419,0.6277610896879663,1.5055848419175617,0.5003902690890626,0.22714444494139296,-1.118194753052755,-0.09301346858038054
49571946,1.0167972415049877,0.8973816827370177,-0.37256391049690446,1.4098806444606689,-0.24677077636737593,0.10917515493312281,-0.6138946891243384,-0.8829894901781055,0.23117257433806968,-0.31995969169194716,-0.6680804996808213,-0.8699684278286707,0.10872638920044207,-0.545507262529864,-0.051684647665103035,0.04199600373960955,-0.5471046235311998,1.2105357284491471,0.15166799486189747,0.9029777574076768,-0.5156358077786304,-0.30584998897394605,-0.006854542399740052,-0.4176176747495519,-0.2181172571257575,-0.4133485570203858,0.37575780345773013,-0.6138946891243384,1.6694252080098801,0.18423464391166458,0.10916123060601245,-1.211155304853083,0.45992749554070567,0.6047895028947867,-0.05736315051258611,0.8514476230361371,0.31788509785095975,-0.6984108031674111,-1.1189690284127367
51208558,0.4144957304649637,-1.0542691409939138,1.4866486999864066,-0.7496271584245391,-0.7503727284075937,1.2784181969969353,-0.6954482719111893,1.8388252116639932,2.5341876027976826,0.7062589895720797,0.8009017384477609,2.1486955759087216,0.4792594479458372,0.7707641960601191,0.28365709820116064,-0.02031955437732299,1.0844770318356753,-1.3853103389199581,-0.6094575732617447,-1.1260004666887762,-0.06020911346289767,1.300296259577007,0.7760578543398963,0.0378699512335391,0.36839245633307127,0.8382778362586458,-1.352522038092611,-0.6954482719111893,-0.6368563441060077,-0.9649191088601432,-0.026653903043001782,1.1994834990502308,0.49003829186718684,-1.4890531635264814,-0.9878793608691168,-0.07265975198096665,0.3517070605016372,1.9387636190176847,1.1142020655569609
51778361,-0.2837963615125554,0.22318014884600298,-0.2263569167304334,0.7512557417265922,4.096861939069602,-0.12518550968005993,-0.4631436395714568,-0.07184934663419014,0.3109303631467332,-0.055773304606667004,-0.18170268845442297,0.28194908572268224,0.5800622630748355,-0.4222796216338132,0.5986966892161546,2.4400486939492967,-0.5712099647729934,0.6593465658027207,1.4522699270933974,0.4290716354707139,-0.49994926721379407,0.5334509469458338,0.5052283467189996,-0.4863906044590321,-0.22437728114008154,0.6900758533626536,0.5515978460473715,-0.4631436395714568,1.5468031118667296,0.30702559153440523,0.3578649529184179,-1.2238548992732903,0.803781819864066,0.4757565242631275,0.005304878674587514,-0.10440649117982162,0.6654885241825995,-0.012903205199082302,-1.2042799505033257
53490997,-0.36305000167090234,-1.1536907752257326,1.2170984939469525,-0.6322782740096639,-0.7560258236842319,2.015933926335271,-0.4294906262114947,1.415525683301306,1.3475050429945745,1.4523970742448746,1.2374829412942014,1.1063840256600732,0.26306824563455955,1.2916147689414204,-0.3059995314162455,-0.8997594880068701,0.2206037383338473,-0.5219313518506274,-0.5683499272114728,-1.2015549994392998,0.375151986982301,0.7508616229111883,-0.9441639827655695,-0.7764187708430574,-0.5478673342580342,0.43624299556028523,-1.8986644641199304,-0.4294906262114947,-0.847940595380203,-0.8207952220142994,-0.07155323905558246,1.3096753245211215,-0.2482031493639376,-1.8329952712641016,-1.5517422051365677,-1.0792362535255522,0.08799853237811647,1.5667809369622219,1.3884659928090863
53491020,0.9154651677504035,-1.330808719555304,0.7883068857241305,0.16610126878764692,-0.7237807457776633,1.4433763063272733,2.4648268723160385,0.6711702415118724,1.2779868486559491,0.20135429132293348,0.011237528031797495,0.7582753103541844,-0.19245808082237528,0.8081082299923484,1.2809319094873493,-0.8464816430229297,1.8825338571829784,-2.23934930390542,-0.22859586343175556,-1.4254521975485512,3.0232701309509467,0.2906812273040722,-1.2829816100692462,-1.2928725845962579,-1.1307053052436196,0.03281473152862096,-1.1660078931106637,2.4648268723160385,0.11272270759280333,2.5989577495799967,0.33830513172384247,0.08082404742170922,-2.5846757667708156,-0.991614124808852,-1.3831686394829565,0.22235599901137648,0.3879762368550856,1.4009748955574304,0.08947608396241973
53491063,-0.8772481773898705,-1.9759367702262398,-0.7202787867702636,3.041981749483659,-1.3973081424456444,2.279338865753447,-1.467981837300996,1.8228761471752135,2.2117362422178766,0.3843574820416763,0.4082593284876645,0.5143432602555609,-0.759215231680839,-0.2130175551800288,-1.0356996123667728,-0.1042341264793417,-1.1078730565036787,-0.7714196088193787,-1.2440505141455118,0.6746885065639505,0.01445419848155836,-1.311257655849368,-1.5114868065781748,-1.233607976998794,-1.1752602096483122,0.38173258021308326,-1.167319550968731,-1.467981837300996,1.5455130980217269,-0.8923186427839149,0.26186744606971135,-1.3398296167683013,-0.77731686026405,-0.11271045779337759,-2.6263530852674464,-1.9189869700694167,0.17332167767499534,2.4266679797431245,-1.4407849092732454
54474410,-0.11003540214812625,0.5865006909147967,-0.6028589891667653,0.8041327725525262,0.33343907717333854,0.1659792304291982,-0.9897471665997043,0.6269518092437281,0.9580477703599661,-0.21964161115942407,-0.41045422371431484,-0.936810301136877,-0.679594038448467,-0.8272358646572066,-0.50642142124547,-0.8261871791264542,-0.7708774342712021,0.15320803581326656,-0.2185154498380211,1.2108980974175214,-0.7013770361110393,-1.4567612745803549,-0.5112876467295927,1.3737034942799429,0.6651932967932531,-0.03328333096356789,0.031205056236845285,-0.9897471665997043,0.7821809480423557,-0.6423801894134994,-0.826350144247122,-0.7558336594831317,0.18368244325816466,0.256144322769403,-0.26235859281440566,-0.06590431917209538,-1.39595249631849,0.2740699006000431,-0.7744887515695192
55538972,-0.4994191784610517,0.945186212451946,-0.12423548016874718,0.08207365362735461,0.4464647826540523,-0.8893887268682121,-1.0808822309112012,-0.16989333131960319,-0.5678221294603321,-0.33328681281577777,-0.22748043987643715,0.048417643631748705,-0.34729678908666367,-0.25453183366451904,-0.1826151838879623,-0.20495115489349056,-0.707157335697291,1.5288896158140004,0.20955535679319637,-0.3679120178356194,-0.38901980640372685,-0.13863241268717072,0.3453806388736482,1.058846902317053,0.5270930413132023,0.3948896903311426,0.9256982468283388,-1.0808822309112012,0.24101944026679326,-0.9639885336341724,-0.31031158320495444,-0.34566168268700753,0.3453315319654079,0.8675908468043085,1.0635347446303478,0.09468307232106386,-0.6778433320851955,-0.6901416314291853,-0.3754023509546942
55583305,-0.7792791820729511,1.0933099497799468,0.22198895232418375,0.16855205444263993,0.388018125588648,-0.8121079701452271,-0.042434166857690823,-0.5518590364766846,-0.664450745206765,-0.7736800299656216,-0.8722294764991615,-0.08517234362985854,0.7134348437020437,-0.2404907405255342,0.441279931500598,-0.2362932158538503,0.0450155905740082,0.08478392385833118,0.8355062017633832,0.6878656423533894,-0.141347347573151,-0.38474098296003517,0.16959114943013423,-0.3719706259237402,-0.1289110882990321,1.3146620920929706,0.8720389361702586,-0.042434166857690823,0.35003048680315313,0.16925765382953803,0.11349020316198205,-0.7089193439356815,-0.11402719175377087,0.8316290371154711,1.1011397048405993,-0.3717632255388007,0.37678595706363477,-0.9610814331424403,-0.7047920283980158
55590890,-0.8952517782251797,1.3825439058365796,-0.2688608890434888,1.5145076018646262,0.34677523696740964,-0.5361558597218219,-0.7690376147398945,-0.19640819035727777,-0.2013729691373167,-0.5386899399832572,-0.06139917477033838,-0.6471610022442513,-0.8584610747513957,-0.29020835333949757,-0.952520652837585,-0.45621750980355974,-0.7506040851238557,0.6590627732460171,0.48036190519088856,-0.07938950157353956,-0.3825802706708647,-0.2257979078024102,-0.2673449342725411,-0.16865787127506476,-0.3912266508915563,-0.6235356743993122,0.9515055301141001,-0.7690376147398945,1.4960836054305608,-0.08059211901638615,0.15988180785171782,-1.2379864553921742,0.2962337634817162,1.243602113044918,0.7353560574299226,-0.7524214780966485,-0.053257128047678376,-0.769338726696398,-1.401726241094757
55738401,-0.2000424759629125,0.4507430342899336,-0.4377413171483722,1.003259089540255,-0.13888866775008288,-0.06176643214626783,3.0837512816905233,-0.25571662839912096,0.43038961945584026,-0.8649577298085519,-0.6904616609138183,1.6471571743349764,1.2148506619197836,-0.7017032332696751,-0.29392278507079556,0.16706799860778468,-0.5125894230062849,0.2911253803267926,-0.11855855683327107,-0.3216718504399302,-0.21352990489601392,0.7341914442571079,-0.3097566030837417,-0.15620579329261386,0.378220941084855,1.029397807044237,0.25591244911250405,3.0837512816905233,0.8381039243447942,3.8920580576721306,-0.5661152204671017,-1.101326308763908,0.47080156835314213,0.5506417806517121,-0.04882041624936224,-0.045119446985455655,-0.08901349353126724,-0.15873511171170707,-1.2334334420397797
55817097,-0.867117855894968,1.4059669535914951,-0.5469709117217674,-0.650210344917059,0.4250369278341806,-1.1138066372589923,-0.06081867121719382,1.980308348007303,1.8660553227123202,0.737069129034513,1.0057670337472653,-1.1228357088960612,-0.8620399551048461,-0.6025771194148254,-1.2108364720561156,-0.4797667488521395,1.3842428694373974,0.2513843193170143,-0.576375151724807,-0.08284658325421194,2.209428366372235,-0.46666822152916904,-0.6157624538623959,1.9325344108080227,1.5890942814694284,-0.7078093032737799,0.9145108472230855,-0.06081867121719382,-0.5332962119729564,-0.3202219577931459,-1.5525797737854894,0.9065386815690651,-2.393279013319715,0.6603220700200095,1.3647345655738083,-0.30916382335309406,-1.8361842857310124,0.5923000632580729,0.7953902106014533
55849103,-0.7172033287566275,2.0035679218667486,-0.5938201222268894,-0.0686230696437531,0.8766552789830022,-0.5804406447967174,-0.3787345919985997,0.1299648329744561,-0.7369312527544646,-0.4886753720696682,-0.6316245017120269,-0.2163652442151077,-0.5887747660176279,-0.5115736672687033,-0.7991968559696283,0.022182977028261264,-0.554605961841331,1.2872817947743977,0.2785186149543471,0.15672993503190288,-0.2434130615311992,0.7338499767990054,0.007084221439909912,1.0424240791112824,0.9703863297002894,-0.6916605370642899,0.5839192771411207,-0.3787345919985997,0.28812973574307427,-0.21387662233354843,-0.8296337987999863,-0.45794736011288595,0.5118071075457254,0.43994111666231284,0.8628741304264511,-0.42051651639988247,-0.8556717044015827,-1.0751823172579873,-0.44011121178671964
56916467,2.8040906850496277,0.27868931021968396,-0.5808867502434527,-0.30207946055244395,0.07144897090287236,-1.0192826861804183,1.1003522861756336,-0.6660205735481374,-0.28212214855402507,-0.41950095320130354,-0.47394749901894373,0.7127716740789107,1.8036869091604322,-0.7313695363818798,0.81681914213148,-0.15619777912993454,-0.02273772931984178,-0.03131943119777743,0.4401287760180155,-0.6494127415406039,-0.28915111389635856,0.5465017860504883,0.3942296793623716,1.1467103143289707,1.8047270124071084,-0.1629896911886113,1.1756832129104628,1.1003522861756336,0.4764038396462211,1.4523269036715198,-1.2510594519005198,-0.08979362423000752,0.4986678078141504,0.7800975386104942,0.905951931867849,2.3901802426904752,-0.7144713178447115,-0.4927730143458145,-0.07208444871378228
57200226,-0.7921249182286713,-0.5720615146946629,-0.8602071728590219,0.8703283073780034,0.03073538711016999,-0.944792429490833,-0.6160881596836582,-0.8868871883957371,0.5519098136517675,-0.7948887458257238,-0.9550780032526853,-0.793889838275464,-0.46102247560738546,3.983874207844147,1.55002787207869,1.2870079103944243,-1.0373607416713795,-0.10001779973216142,-0.7397044131234709,0.29741997926503705,-0.0011443082534239191,-1.537655795755042,1.3618798191145165,-1.23261431903951,-1.1113419259866515,0.3184556542283725,0.9864440361771136,-0.6160881596836582,0.2188759202504374,-0.4931453428322873,1.6347507174926281,-1.121470215600147,-0.8802842025495122,1.3720611026100542,0.4493895430405892,-0.3018358869132333,1.8388015245776919,0.14209312069652566,-1.129716293083513
57216633,-0.7437532117326794,0.14010918875049932,-0.5387074868279881,-0.38095389257926804,0.01831599496431424,0.036516609229627545,0.14940486235219802,-1.406539071692819,-1.1892324528613405,-0.8766767490878796,-0.623723214410915,0.030299714914257966,-0.2977694679917111,-0.5047186523832353,-0.587604599376056,-0.016656878790218026,-0.08385354663293522,0.40291548261841564,-1.1714913280378507,0.6972078569703805,-0.8264145550561993,-1.3501767334561259,-0.446702604084985,1.0279879949000177,0.9005500425595918,0.21670061588052883,-0.40046227379376076,0.14940486235219802,-0.6609633898664236,-0.1934961368022448,-1.0006112448768074,-0.23994943902871393,0.458920024253316,-0.33461212162985743,-0.2622710582470621,-0.8081092112487641,-1.1104163159729077,-1.137136952447752,-0.2928448382756152
58013278,-0.9552477754947449,-1.8901180670273414,-1.2520369574736139,2.5686578182669604,-1.0998567134027468,0.26533088213502964,-0.2601385621304149,-0.9040868051650064,-0.25897078422366765,-0.7487476739301827,-1.2723073190005834,0.1336153216234899,0.2971006386910907,-1.2573103516863253,1.1253931209996009,0.6295113247039411,-0.8032342867451246,2.6096059819807556,-1.3864674051195698,1.6477271488259198,-0.61050825314446,-0.5879486896281899,-0.9405321758739201,-2.3441622584586765,-2.3593215372816276,2.7754245133114814,0.03559203228995268,-0.2601385621304149,1.0443812173897666,0.2938981751156156,2.120714143894679,-2.0400087920043646,0.47731378125637575,0.9818841356484788,-1.434578687958528,-1.2990569000852328,1.8448027186129154,0.6309125289203938,-1.9158630751109298
58995736,-0.24473358815646346,0.5042319463460143,-0.5473095467309521,-0.5864411847508281,0.32407708894393633,-0.3758666103237639,0.7518419557412923,-0.294044216643622,-1.3676579345444968,-0.7555620134375063,-0.7718732726636789,-0.21289268183775462,-0.6810251097936597,-0.6334200923471751,-0.08647958789709304,-0.4241613777674074,0.40876461246205736,0.6104952664805747,-0.14425675130409157,-0.5884734474252367,-0.3862562160351341,0.1579737005573658,-0.02409814748769588,-0.6806972866012589,-0.8176352007309287,-0.4927260253249321,0.04410865304259125,0.7518419557412923,-0.5455071084210997,0.4372181272696823,0.6920444088290811,-0.10679499068381437,0.47295781076780263,-0.10338125481814084,0.2422753647183614,0.07848946843039092,0.5506827541255911,-0.8320582632690161,-0.10900703871598992
60217302,-0.5162320001558267,2.0825201912794946,-0.5638639356270239,-0.7751627994007158,0.695311980210479,-0.978821261259735,-0.23654114820694294,0.7080734513372213,0.35709179020624426,-0.2942708119416523,0.12036144385618425,-0.6787326922493395,-0.47478122921790694,-0.7510416346827512,-0.7270679263885683,-0.4782246368787394,1.7774074819556283,0.04565333469619191,-0.4506966009332342,-0.14991328038191995,3.3825890907814014,1.6057363133839488,-0.32070514836623626,1.5101629534423948,1.5950443510062406,-0.27015393853438563,0.8239436940296104,-0.23654114820694294,-0.3178393187550623,-0.375557705184127,-1.4305046060761837,0.42251838820954224,-2.2731749489826565,0.4052291107619672,1.3626748877297856,0.1353457924438785,-1.3766249668590673,-0.5267405260706819,0.2604899568418908
60416566,-0.5924894263146728,-0.6385972406508265,0.5561425084735769,1.0130241575039005,1.3837406578523639,-0.0662193071657647,0.5722750027134399,-0.6450886941110543,-0.6119587461569009,0.01247963801140635,-0.4378716478406643,-0.33722632510557143,-0.4088882009373988,0.7326083790322264,0.1952468159651485,0.07450575258235669,-0.582650712768823,0.2658759310912507,1.0009451964707223,1.4979018900020622,-0.33724264491010003,0.36290480614642023,-0.7554361582639745,0.11267293613361545,-0.28043960814744495,-0.10402869617626517,0.3340582935800509,0.5722750027134399,1.0545942278486027,1.2426908064039262,-0.1843857555956681,-1.085052138544628,0.4899643635746113,0.5594644388295462,-0.07662456445398873,-0.5266817958417485,-0.5863907351942493,-0.1287061713327917,-0.9264008291858405
60576722,1.0659957368340431,1.597531796140758,-0.3931752975582107,0.08710290694307353,0.27157247700469267,-1.0016397497431189,0.9709817846347513,0.8296206186606272,1.1796601975009748,-0.43032471772652936,0.07150064373076881,0.6401697961579395,0.9336642817300694,-0.25373185395655873,-0.05778098372696601,0.02096694237006943,-0.0697025980341461,0.18416306589989972,-0.058061500244256437,-0.018505984147943324,-0.026704640512058297,0.8103793325916308,0.23585053054984273,0.6041860880482013,0.6239640908715096,-0.15355261969948183,1.25236538128288,0.9709817846347513,0.7570703659689856,1.4991500568439304,-0.46498069407582626,-0.17675999374699417,0.2547692184420945,1.0026062353775678,1.3091621792017545,1.5449491969517075,-0.3977779882051257,-0.04389635215784083,-0.407522114987817
60686882,0.28463219651765714,0.4230576677721176,-0.4062573658505055,-0.6021831966921187,0.2900217431318708,-1.1123276106541473,0.3554176885575458,-1.1187794510914233,-0.9117151899466326,-1.1038826358893925,-0.6553216403672995,-0.48720365563124507,-0.6108019559382324,-0.4127669743140189,1.7765254535742616,-0.3687120661850662,-0.0974289199461929,0.37751101342146176,-0.3162600987378262,-0.960732691019859,-0.22522503044451217,0.5034530193964495,2.4255299973035553,-0.10346623553616245,0.08330943981814548,-0.4748168540331137,0.9663975169420699,0.3554176885575458,-0.39969446868246117,0.14951867591152718,0.9188682428213966,-0.16842169687407024,0.39170382479898075,0.692237216771315,1.1236639177324237,1.0714331889161541,1.2813494974730695,-1.0140149380049317,-0.32298005054739587
60797616,-0.2847141531732295,0.19326250725289815,6.061361454612991,0.1659633730537544,6.729989384571575,0.3743469649849178,-0.41182715257774094,-0.16868447999274339,0.11778658492542067,-0.4956040147797099,-0.23195072683226567,0.23509687018484965,0.34688612497115606,5.160350163551533,1.174592497666923,0.20859102523132833,-0.4904533975785225,-0.28588233873404545,0.7163407531391678,0.6031478631766357,-0.09183989119550337,1.0594274366608858,1.3673094702722854,0.3923698349905982,0.1983797973456488,0.37705255389282505,0.5930406230523011,-0.41182715257774094,3.1732157848975096,1.1649654840101114,0.39989604696889236,-1.395969580698429,0.43793457922987533,-0.26451490547047984,1.0022986593325862,-0.3537605773200603,0.3657934370701408,-0.10045066887780572,-1.5095849604486524
60809640,0.011117262680622441,0.6812710260446566,-0.7228780740175443,-0.24891583463422512,-0.3462041063055271,-0.5874332245402875,1.533805989671332,-0.08306523678190311,-0.7127356676047435,-0.6259629180555146,-0.5777934634587165,-0.9242492457259482,0.0630224723846683,-0.7603921064697623,0.10946387063679772,-0.5227923857662488,1.2156151217884028,0.03665354439938043,0.3832297942612921,0.22233505438491616,-0.4185114464301137,-0.5978530712821618,0.06516253020238325,0.01786796876803114,0.5404701147631522,-0.5317142021383935,0.36222762741696884,1.533805989671332,-0.31328528461138694,1.3407036799046943,-0.5078733279665267,-0.12420263764024146,0.17482155582384504,0.3329970608592521,0.4684803926801953,0.4683215642120293,-0.02072564314545349,-0.5815254059535915,-0.16213266002344973
61229235,0.7563066355119136,0.3466987423610215,-0.5760884519054744,-0.5193130545574032,0.20508109818475484,-1.1243372734376347,-0.2922588914247944,-1.3149794786818083,-0.9351970242205467,-0.4935172969585644,-0.306286647303332,-0.4037272211960425,-0.8903075809940898,-0.9772119408393318,-1.5007217736238918,0.3649843504587922,-0.27255952805161116,0.6041455260594996,0.2911128503560018,0.06198612329007996,-0.3229918375139673,-0.3436331998213229,-0.9878574508379009,0.7587412647303903,0.979647486147075,-0.9834108252936424,1.0348875966023676,-0.2922588914247944,-0.267917894417703,-0.40429286087719696,-1.3595353061824174,0.0370683929607238,0.15568193736632693,0.7647892892641359,1.0672780915300297,1.4360806154194796,-1.2442979316937572,-1.0851496299098353,0.02794565393578845
61273778,-0.42019830742871905,0.9108717061144335,-0.775035756598804,0.1637498188765561,-0.37344535755622726,-0.7440725279085856,-0.14287748749432744,-1.3594552373219544,-1.1664463611285911,-0.712838374163989,-0.8621089988890683,-0.022482115070790308,0.4321268366406645,-0.7104909702527321,-0.542956471429762,-0.15094893339615248,-0.7263638451039539,-0.759614339987828,0.5349753805111748,-0.10205385286727711,-0.38810531466104853,0.3538367025101956,-0.42742586945645933,-0.13989965287453937,0.11473824986643516,-0.41238771205072616,0.6537138072564115,-0.14287748749432744,-0.019740933128209136,-0.12920725038275443,-0.3945116826917453,-0.5992502489473005,0.5600098013609581,0.753787602540002,0.6983322032282163,0.09842723950793919,-0.17298183593406188,-1.4696970205112891,-0.5257670840458676
62316382,4.363091350041835,-0.8019223688237364,-0.6390423111041967,-0.3766260879604567,-0.7111544006177045,-0.04757359694180924,-0.5287093196745959,0.02557593324802384,-0.13552642272126966,-0.6345754371787138,-0.7086718539305965,0.2609629441986414,-0.6999195683950952,-0.9334306067034166,-1.503681090297069,0.6306183869916616,0.27946404177798223,-1.3082203549360867,0.9520335850192055,-1.232754822396855,0.4042448157127296,2.9255780496655506,-1.0783776819832172,-0.17164597271232251,-0.05672889570109286,-0.8068881514194209,0.08478927727249168,-0.5287093196745959,0.39262100019527735,-0.3202723667481382,-0.5851562357357099,0.034286312992279674,0.5076237408845723,-0.2597618210200307,-0.5208777458256364,2.308387093641575,-0.5489123295550389,0.4185177869309056,0.008197274801986388
62322599,-0.37048800290087713,-0.21044695606070432,-0.38060713714804395,0.7295463306914037,-0.11337681671428854,0.4242647878535878,1.4771879004237636,2.3930813387169234,1.4968865223551016,0.18370639006446374,-0.008743397737836226,0.6808222918540262,1.1471217728499936,-0.6481173207475486,-0.4343760534401185,0.3816455951615191,1.6841559419265408,-0.46508774262601404,-0.7089363854764105,0.5259657524272033,0.07986123692310769,0.16199119894354563,-0.7606350299016184,-0.8557432243162152,-0.9356770564164107,0.3154092640125618,-0.3261643674091829,1.4771879004237636,0.38973641766628664,1.7908902238747224,0.43223506183808574,-0.3588512614378776,-0.15037330414893835,0.013285782985559082,-0.6555080757027764,-0.47716653783562235,0.27954485502711873,1.3922045537037704,-0.4191112407276138
62626163,1.6792488903320364,-0.603962671891065,-0.7314259310274281,-0.6208134572915024,-0.3153574396353985,-0.4778086030436416,-0.6121669007752797,-0.45709747428133474,-0.5104823382495872,-1.2801034936482518,-1.2951006425395473,-0.6504280159695859,-0.5569321055338716,-0.8256767041336208,-1.1530256521857616,-0.4804652606656915,-0.6607103370739466,-1.553095842424282,-0.5148810757776119,-0.2535976659902547,-0.6045020781232026,-0.3238585672494566,-0.9831526558963533,-1.07974103852093,-1.0174533323290018,-0.9834036269129274,0.17212161665039832,-0.6121669007752797,-0.4922112694939283,-0.8201997359653233,0.389777754700688,-0.22869606383343727,0.592149522889548,-0.028052835738122936,-0.05785968029539554,1.5412274692776045,0.3619859197313408,-0.02599165203780042,-0.3056267584300035
63046139,-1.0133676284622097,-0.27686163073761555,-0.2251132632558421,-0.2640795733461524,1.2875965125917241,-0.2005027765458116,-1.0675853258435117,-1.139040436804683,-1.0684893802238733,-0.31897002327809276,-0.9271565758377193,-1.69234449885155,-0.8802389018470589,-0.7990810825091663,-0.20603941049827973,-0.7262996390487516,-0.8831896394843218,2.6939103395420054,-1.676499047926644,1.4501121707827807,-0.6970611036413058,-2.8267359299261026,-0.2972651558007531,0.22390397094568654,-0.29465454244092204,-0.8176392823742482,-0.05946940571929917,-1.0675853258435117,-0.3681392145191787,-1.2003129855762131,0.07156524712277555,-0.4872589511253326,-0.6613600588117449,-0.05040725826770661,-0.0729189611103596,-1.1811549041834923,-0.4011647123984262,-0.7362453449692605,-0.2676440111176146
63095160,3.010094517396621,-0.5731442598919076,-0.16151416517667266,3.019993213304095,-0.2872245868657223,0.07920582831592894,-0.9010727322826341,-0.5110981464356744,-0.7293569045776849,-0.6736056718856133,-0.6451991540322854,-0.4182827099419256,-0.9329098625354375,-0.1327297114420814,-1.6066932609870597,6.30264485281142,0.02874849376681149,0.3485586096498067,0.24821707491575332,-0.14916877682757113,0.3136035716607368,1.0958028075528663,-1.1125895743692715,0.38972808540755377,0.6989124682570029,-1.099718652619766,0.9084821973427853,-0.9010727322826341,3.4001817112178143,0.5827571361058453,-1.225288003496118,-2.164132705614498,-0.04158554018143699,1.3085333354354616,-0.40675820245183736,1.8062738696809526,-1.037643700521655,-0.14643420907945717,-2.1947687946557735
63130875,1.5566920939525735,0.6665848727921979,-0.1889023533800608,-0.649252966852832,-0.25989152787979747,-0.14817911650367932,0.4629797718245602,0.14258062463454044,0.22827541171364202,-0.0921200360430472,0.0067100047230193435,0.07930297897875754,-0.4586702423186653,-0.12634922987918007,-0.5922386043345906,-0.813145328846872,0.4257386743815143,0.22907011391209509,1.1469464192991772,-0.05813199536188373,-0.03162946341147024,0.6736575885127817,-0.2943301935192241,-0.16001179616635555,-0.07533567169827586,-0.1102632522884107,0.0011692968312720627,0.4629797718245602,-0.08440415861990981,0.44033621320742405,-0.15476194150403774,0.5125766792340336,0.20548682564730647,-0.3580573517299874,0.16578568959698017,1.2918056331185592,-0.07662344569414173,-0.16709658686602868,0.47529634697102474
63830782,0.5425135794876855,0.545952877823419,-0.21556585021893757,-0.32633501927723724,0.18492346351828343,-0.7020550770854767,-0.36963584740493666,-0.1467060120335266,-0.8152284954537455,-0.4406427060299429,-0.3045811697616811,-1.0497197909188218,-0.3929839423804435,-0.6373736782282426,-0.20083933518219063,-0.8835045627752218,-0.5952281060279597,0.7183161697741061,0.4275844585968402,-0.08877934415963383,-0.3697005806571309,0.7125387558515623,-0.032753163668299175,1.078306317099817,0.7950789353082064,-0.5704399265212113,0.6063676757827982,-0.36963584740493666,-0.016496743434785778,-0.3551846750094935,-0.708886518832131,-0.04914180600890106,0.6825053358883986,0.4029862522795743,0.7037717760322939,0.9880735716441417,-0.9045327701575449,-0.5818472558840762,-0.08828692105303347
75599070,-0.8884636289689659,-0.8038382031657818,-1.112735305905693,1.1415032487281305,-1.5606783302311413,0.84411851071665,-0.8617211993275367,0.48570576183266684,-0.1827918187712774,0.7681122682639215,0.24015959599398964,0.418340806290036,0.13003816485885586,-0.776525641729874,-0.790609139803376,-0.588210580784409,-0.4034495134920038,1.5449803473123578,-1.598803214080389,-0.25544226482889637,-0.6632102922721507,-1.1290851563274873,-1.2408713106475706,-1.1190239498359562,-2.647238750049833,1.0019710407479208,-0.8133862186767453,-0.8617211993275367,-0.045484218533435296,-0.8618755348175743,2.5047925252811054,-0.3066450317135136,0.2938292342773375,-0.07883384410931414,-1.4202608439183975,-1.4276623409101852,0.23552493705411495,0.5893741934262143,-0.1345440308882483
8686068,-0.4947588369175877,-1.209548131371215,-0.34499594696925834,1.2756058292780232,0.003781357684861754,1.2648319671651014,-0.2220334417500229,-0.11631268415006518,0.2609436980932446,-0.12195215085843895,-0.4104109453095469,0.9091192907588014,0.8608770554971705,-0.9000605824854637,0.064862231333598,-0.2777672042410504,0.3048501358204326,-0.5846800907822736,-0.0014558507364260077,0.5443062605677143,0.025597670585809956,-0.9590369317384909,-0.3817503988013983,0.16300328681308682,-0.5132113937407579,0.9895008303104044,-0.8567816271919032,-0.2220334417500229,0.639232542789851,0.12927998661868736,0.24107172058264098,-1.018550714527968,-0.6085973456728342,-0.28892876229080444,-1.5919735233222585,-0.9819876632714197,-0.401213082509252,0.7253098084555046,-0.9570500829041427
