topic_id,in_taxonomy,in_semantics,in_quality,selected_final,dropped_stage,tier_used,fallback_used,composite_key
9,True,True,True,True,none,relaxed,True,A1_commitment_vows
61,True,False,False,True,none,relaxed,True,A1_commitment_vows
163,True,False,False,True,none,relaxed,True,A1_commitment_vows
29,True,False,False,True,none,relaxed,True,A2_emotional_safety
48,True,False,False,True,none,relaxed,True,A2_emotional_safety
85,True,False,False,True,none,relaxed,True,A2_emotional_safety
178,True,False,False,True,none,relaxed,True,A2_emotional_safety
182,True,False,False,True,none,relaxed,True,A2_emotional_safety
190,True,False,False,True,none,relaxed,True,A2_emotional_safety
192,True,True,True,True,none,relaxed,True,A2_emotional_safety
299,True,False,False,True,none,relaxed,True,A2_emotional_safety
303,True,False,False,True,none,relaxed,True,A2_emotional_safety
355,True,False,False,True,none,relaxed,True,A2_emotional_safety
360,True,True,True,True,none,relaxed,True,A2_emotional_safety
361,True,False,False,True,none,relaxed,True,A2_emotional_safety
3,True,False,False,False,semantics,strict,False,A3_everyday_tenderness
14,True,False,False,False,semantics,strict,False,A3_everyday_tenderness
23,True,False,False,False,semantics,strict,False,A3_everyday_tenderness
26,True,False,False,False,semantics,strict,False,A3_everyday_tenderness
31,True,False,False,False,semantics,strict,False,A3_everyday_tenderness
34,True,False,False,False,semantics,strict,False,A3_everyday_tenderness
35,True,False,False,False,semantics,strict,False,A3_everyday_tenderness
43,True,False,False,False,semantics,strict,False,A3_everyday_tenderness
53,True,False,False,False,semantics,strict,False,A3_everyday_tenderness
70,True,True,True,True,none,strict,False,A3_everyday_tenderness
71,True,False,False,False,semantics,strict,False,A3_everyday_tenderness
96,True,False,False,False,semantics,strict,False,A3_everyday_tenderness
100,True,False,False,False,semantics,strict,False,A3_everyday_tenderness
105,True,False,False,False,semantics,strict,False,A3_everyday_tenderness
106,True,False,False,False,semantics,strict,False,A3_everyday_tenderness
108,True,False,False,False,semantics,strict,False,A3_everyday_tenderness
110,True,False,False,False,semantics,strict,False,A3_everyday_tenderness
115,True,False,False,False,semantics,strict,False,A3_everyday_tenderness
116,True,False,False,False,semantics,strict,False,A3_everyday_tenderness
119,True,False,False,False,semantics,strict,False,A3_everyday_tenderness
120,True,False,False,False,semantics,strict,False,A3_everyday_tenderness
121,True,False,False,False,semantics,strict,False,A3_everyday_tenderness
128,True,False,False,False,semantics,strict,False,A3_everyday_tenderness
136,True,False,False,False,semantics,strict,False,A3_everyday_tenderness
140,True,False,False,False,semantics,strict,False,A3_everyday_tenderness
141,True,False,False,False,semantics,strict,False,A3_everyday_tenderness
142,True,False,False,False,semantics,strict,False,A3_everyday_tenderness
143,True,False,False,False,semantics,strict,False,A3_everyday_tenderness
144,True,False,False,False,semantics,strict,False,A3_everyday_tenderness
152,True,False,False,False,semantics,strict,False,A3_everyday_tenderness
155,True,False,False,False,semantics,strict,False,A3_everyday_tenderness
156,True,False,False,False,semantics,strict,False,A3_everyday_tenderness
157,True,False,False,False,semantics,strict,False,A3_everyday_tenderness
159,True,False,False,False,semantics,strict,False,A3_everyday_tenderness
161,True,False,False,False,semantics,strict,False,A3_everyday_tenderness
170,True,False,False,False,semantics,strict,False,A3_everyday_tenderness
175,True,False,False,False,semantics,strict,False,A3_everyday_tenderness
180,True,False,False,False,semantics,strict,False,A3_everyday_tenderness
183,True,False,False,False,semantics,strict,False,A3_everyday_tenderness
185,True,False,False,False,semantics,strict,False,A3_everyday_tenderness
189,True,False,False,False,semantics,strict,False,A3_everyday_tenderness
198,True,False,False,False,semantics,strict,False,A3_everyday_tenderness
204,True,False,False,False,semantics,strict,False,A3_everyday_tenderness
210,True,False,False,False,semantics,strict,False,A3_everyday_tenderness
220,True,False,False,False,semantics,strict,False,A3_everyday_tenderness
226,True,False,False,False,semantics,strict,False,A3_everyday_tenderness
228,True,False,False,False,semantics,strict,False,A3_everyday_tenderness
230,True,True,False,False,quality,strict,False,A3_everyday_tenderness
232,True,False,False,False,semantics,strict,False,A3_everyday_tenderness
233,True,False,False,False,semantics,strict,False,A3_everyday_tenderness
246,True,False,False,False,semantics,strict,False,A3_everyday_tenderness
250,True,True,True,True,none,strict,False,A3_everyday_tenderness
256,True,False,False,False,semantics,strict,False,A3_everyday_tenderness
258,True,False,False,False,semantics,strict,False,A3_everyday_tenderness
260,True,False,False,False,semantics,strict,False,A3_everyday_tenderness
263,True,False,False,False,semantics,strict,False,A3_everyday_tenderness
275,True,True,True,True,none,strict,False,A3_everyday_tenderness
282,True,False,False,False,semantics,strict,False,A3_everyday_tenderness
287,True,False,False,False,semantics,strict,False,A3_everyday_tenderness
289,True,False,False,False,semantics,strict,False,A3_everyday_tenderness
305,True,False,False,False,semantics,strict,False,A3_everyday_tenderness
306,True,False,False,False,semantics,strict,False,A3_everyday_tenderness
307,True,False,False,False,semantics,strict,False,A3_everyday_tenderness
319,True,False,False,False,semantics,strict,False,A3_everyday_tenderness
327,True,False,False,False,semantics,strict,False,A3_everyday_tenderness
330,True,False,False,False,semantics,strict,False,A3_everyday_tenderness
334,True,False,False,False,semantics,strict,False,A3_everyday_tenderness
337,True,False,False,False,semantics,strict,False,A3_everyday_tenderness
344,True,False,False,False,semantics,strict,False,A3_everyday_tenderness
358,True,False,False,False,semantics,strict,False,A3_everyday_tenderness
363,True,True,True,True,none,strict,False,A3_everyday_tenderness
12,True,True,True,True,none,strict,False,B1_attraction_chemistry
13,True,True,True,True,none,strict,False,B1_attraction_chemistry
20,True,True,True,True,none,strict,False,B1_attraction_chemistry
21,True,True,True,True,none,strict,False,B1_attraction_chemistry
25,True,True,True,True,none,strict,False,B1_attraction_chemistry
36,True,True,True,True,none,strict,False,B1_attraction_chemistry
38,True,True,True,True,none,strict,False,B1_attraction_chemistry
39,True,True,True,True,none,strict,False,B1_attraction_chemistry
46,True,True,False,False,quality,strict,False,B1_attraction_chemistry
47,True,True,True,True,none,strict,False,B1_attraction_chemistry
58,True,True,True,True,none,strict,False,B1_attraction_chemistry
67,True,True,False,False,quality,strict,False,B1_attraction_chemistry
75,True,True,True,True,none,strict,False,B1_attraction_chemistry
78,True,True,True,True,none,strict,False,B1_attraction_chemistry
97,True,True,True,True,none,strict,False,B1_attraction_chemistry
125,True,True,True,True,none,strict,False,B1_attraction_chemistry
129,True,True,True,True,none,strict,False,B1_attraction_chemistry
158,True,True,False,False,quality,strict,False,B1_attraction_chemistry
164,True,True,True,True,none,strict,False,B1_attraction_chemistry
171,True,True,True,True,none,strict,False,B1_attraction_chemistry
184,True,True,True,True,none,strict,False,B1_attraction_chemistry
196,True,True,True,True,none,strict,False,B1_attraction_chemistry
207,True,True,True,True,none,strict,False,B1_attraction_chemistry
211,True,True,True,True,none,strict,False,B1_attraction_chemistry
227,True,True,False,False,quality,strict,False,B1_attraction_chemistry
229,True,True,True,True,none,strict,False,B1_attraction_chemistry
235,True,True,True,True,none,strict,False,B1_attraction_chemistry
255,True,True,True,True,none,strict,False,B1_attraction_chemistry
257,True,True,True,True,none,strict,False,B1_attraction_chemistry
271,True,True,True,True,none,strict,False,B1_attraction_chemistry
280,True,True,True,True,none,strict,False,B1_attraction_chemistry
285,True,True,True,True,none,strict,False,B1_attraction_chemistry
317,True,True,True,True,none,strict,False,B1_attraction_chemistry
347,True,True,False,False,quality,strict,False,B1_attraction_chemistry
3,True,False,False,False,semantics,strict,False,B2_emotional_intimacy
14,True,False,False,False,semantics,strict,False,B2_emotional_intimacy
23,True,False,False,False,semantics,strict,False,B2_emotional_intimacy
26,True,False,False,False,semantics,strict,False,B2_emotional_intimacy
29,True,False,False,False,semantics,strict,False,B2_emotional_intimacy
31,True,False,False,False,semantics,strict,False,B2_emotional_intimacy
34,True,False,False,False,semantics,strict,False,B2_emotional_intimacy
35,True,False,False,False,semantics,strict,False,B2_emotional_intimacy
43,True,False,False,False,semantics,strict,False,B2_emotional_intimacy
48,True,True,True,True,none,strict,False,B2_emotional_intimacy
53,True,False,False,False,semantics,strict,False,B2_emotional_intimacy
70,True,False,False,False,semantics,strict,False,B2_emotional_intimacy
71,True,False,False,False,semantics,strict,False,B2_emotional_intimacy
85,True,False,False,False,semantics,strict,False,B2_emotional_intimacy
96,True,False,False,False,semantics,strict,False,B2_emotional_intimacy
100,True,False,False,False,semantics,strict,False,B2_emotional_intimacy
105,True,False,False,False,semantics,strict,False,B2_emotional_intimacy
106,True,False,False,False,semantics,strict,False,B2_emotional_intimacy
108,True,False,False,False,semantics,strict,False,B2_emotional_intimacy
110,True,False,False,False,semantics,strict,False,B2_emotional_intimacy
115,True,False,False,False,semantics,strict,False,B2_emotional_intimacy
116,True,False,False,False,semantics,strict,False,B2_emotional_intimacy
119,True,False,False,False,semantics,strict,False,B2_emotional_intimacy
120,True,False,False,False,semantics,strict,False,B2_emotional_intimacy
121,True,False,False,False,semantics,strict,False,B2_emotional_intimacy
128,True,False,False,False,semantics,strict,False,B2_emotional_intimacy
136,True,False,False,False,semantics,strict,False,B2_emotional_intimacy
140,True,False,False,False,semantics,strict,False,B2_emotional_intimacy
141,True,False,False,False,semantics,strict,False,B2_emotional_intimacy
142,True,False,False,False,semantics,strict,False,B2_emotional_intimacy
143,True,False,False,False,semantics,strict,False,B2_emotional_intimacy
144,True,False,False,False,semantics,strict,False,B2_emotional_intimacy
152,True,False,False,False,semantics,strict,False,B2_emotional_intimacy
155,True,False,False,False,semantics,strict,False,B2_emotional_intimacy
156,True,True,True,True,none,strict,False,B2_emotional_intimacy
157,True,False,False,False,semantics,strict,False,B2_emotional_intimacy
159,True,False,False,False,semantics,strict,False,B2_emotional_intimacy
161,True,False,False,False,semantics,strict,False,B2_emotional_intimacy
170,True,False,False,False,semantics,strict,False,B2_emotional_intimacy
175,True,False,False,False,semantics,strict,False,B2_emotional_intimacy
178,True,False,False,False,semantics,strict,False,B2_emotional_intimacy
180,True,False,False,False,semantics,strict,False,B2_emotional_intimacy
182,True,False,False,False,semantics,strict,False,B2_emotional_intimacy
183,True,False,False,False,semantics,strict,False,B2_emotional_intimacy
185,True,False,False,False,semantics,strict,False,B2_emotional_intimacy
189,True,False,False,False,semantics,strict,False,B2_emotional_intimacy
190,True,False,False,False,semantics,strict,False,B2_emotional_intimacy
192,True,False,False,False,semantics,strict,False,B2_emotional_intimacy
198,True,False,False,False,semantics,strict,False,B2_emotional_intimacy
204,True,False,False,False,semantics,strict,False,B2_emotional_intimacy
210,True,False,False,False,semantics,strict,False,B2_emotional_intimacy
220,True,False,False,False,semantics,strict,False,B2_emotional_intimacy
226,True,False,False,False,semantics,strict,False,B2_emotional_intimacy
228,True,False,False,False,semantics,strict,False,B2_emotional_intimacy
230,True,False,False,False,semantics,strict,False,B2_emotional_intimacy
232,True,False,False,False,semantics,strict,False,B2_emotional_intimacy
233,True,False,False,False,semantics,strict,False,B2_emotional_intimacy
246,True,False,False,False,semantics,strict,False,B2_emotional_intimacy
250,True,False,False,False,semantics,strict,False,B2_emotional_intimacy
256,True,False,False,False,semantics,strict,False,B2_emotional_intimacy
258,True,False,False,False,semantics,strict,False,B2_emotional_intimacy
260,True,False,False,False,semantics,strict,False,B2_emotional_intimacy
263,True,False,False,False,semantics,strict,False,B2_emotional_intimacy
275,True,True,True,True,none,strict,False,B2_emotional_intimacy
282,True,False,False,False,semantics,strict,False,B2_emotional_intimacy
287,True,False,False,False,semantics,strict,False,B2_emotional_intimacy
289,True,False,False,False,semantics,strict,False,B2_emotional_intimacy
299,True,False,False,False,semantics,strict,False,B2_emotional_intimacy
303,True,False,False,False,semantics,strict,False,B2_emotional_intimacy
305,True,False,False,False,semantics,strict,False,B2_emotional_intimacy
306,True,False,False,False,semantics,strict,False,B2_emotional_intimacy
307,True,False,False,False,semantics,strict,False,B2_emotional_intimacy
319,True,False,False,False,semantics,strict,False,B2_emotional_intimacy
327,True,False,False,False,semantics,strict,False,B2_emotional_intimacy
330,True,True,True,True,none,strict,False,B2_emotional_intimacy
334,True,False,False,False,semantics,strict,False,B2_emotional_intimacy
337,True,False,False,False,semantics,strict,False,B2_emotional_intimacy
344,True,False,False,False,semantics,strict,False,B2_emotional_intimacy
355,True,False,False,False,semantics,strict,False,B2_emotional_intimacy
358,True,False,False,False,semantics,strict,False,B2_emotional_intimacy
360,True,False,False,False,semantics,strict,False,B2_emotional_intimacy
361,True,False,False,False,semantics,strict,False,B2_emotional_intimacy
363,True,True,True,True,none,strict,False,B2_emotional_intimacy
1,True,True,True,True,none,strict,False,C_explicit_eroticism
2,True,True,True,True,none,strict,False,C_explicit_eroticism
15,True,True,True,True,none,strict,False,C_explicit_eroticism
19,True,True,True,True,none,strict,False,C_explicit_eroticism
42,True,True,True,True,none,strict,False,C_explicit_eroticism
55,True,True,True,True,none,strict,False,C_explicit_eroticism
102,True,True,True,True,none,strict,False,C_explicit_eroticism
103,True,True,True,True,none,strict,False,C_explicit_eroticism
133,True,True,True,True,none,strict,False,C_explicit_eroticism
162,True,True,True,True,none,strict,False,C_explicit_eroticism
167,True,True,True,True,none,strict,False,C_explicit_eroticism
205,True,True,True,True,none,strict,False,C_explicit_eroticism
208,True,True,True,True,none,strict,False,C_explicit_eroticism
290,True,True,True,True,none,strict,False,C_explicit_eroticism
301,True,True,True,True,none,strict,False,C_explicit_eroticism
308,True,True,True,True,none,strict,False,C_explicit_eroticism
318,True,True,True,True,none,strict,False,C_explicit_eroticism
328,True,True,True,True,none,strict,False,C_explicit_eroticism
338,True,True,True,True,none,strict,False,C_explicit_eroticism
6,True,True,True,True,none,strict,False,D_power_wealth_luxury
16,True,True,True,True,none,strict,False,D_power_wealth_luxury
44,True,True,True,True,none,strict,False,D_power_wealth_luxury
49,True,True,True,True,none,strict,False,D_power_wealth_luxury
51,True,True,True,True,none,strict,False,D_power_wealth_luxury
79,True,True,True,True,none,strict,False,D_power_wealth_luxury
81,True,True,True,True,none,strict,False,D_power_wealth_luxury
93,True,True,True,True,none,strict,False,D_power_wealth_luxury
98,True,True,False,False,quality,strict,False,D_power_wealth_luxury
101,True,True,True,True,none,strict,False,D_power_wealth_luxury
104,True,True,True,True,none,strict,False,D_power_wealth_luxury
113,True,True,False,False,quality,strict,False,D_power_wealth_luxury
124,True,True,False,False,quality,strict,False,D_power_wealth_luxury
130,True,True,True,True,none,strict,False,D_power_wealth_luxury
134,True,True,True,True,none,strict,False,D_power_wealth_luxury
137,True,True,True,True,none,strict,False,D_power_wealth_luxury
147,True,True,True,True,none,strict,False,D_power_wealth_luxury
148,True,True,True,True,none,strict,False,D_power_wealth_luxury
154,True,True,True,True,none,strict,False,D_power_wealth_luxury
173,True,True,True,True,none,strict,False,D_power_wealth_luxury
193,True,True,True,True,none,strict,False,D_power_wealth_luxury
200,True,True,True,True,none,strict,False,D_power_wealth_luxury
209,True,True,True,True,none,strict,False,D_power_wealth_luxury
234,True,True,True,True,none,strict,False,D_power_wealth_luxury
242,True,True,True,True,none,strict,False,D_power_wealth_luxury
243,True,True,True,True,none,strict,False,D_power_wealth_luxury
244,True,True,True,True,none,strict,False,D_power_wealth_luxury
247,True,True,False,False,quality,strict,False,D_power_wealth_luxury
251,True,True,True,True,none,strict,False,D_power_wealth_luxury
264,True,True,True,True,none,strict,False,D_power_wealth_luxury
274,True,True,True,True,none,strict,False,D_power_wealth_luxury
329,True,True,True,True,none,strict,False,D_power_wealth_luxury
336,True,True,True,True,none,strict,False,D_power_wealth_luxury
362,True,True,True,True,none,strict,False,D_power_wealth_luxury
5,True,False,False,False,semantics,strict,False,E_coercion_brutality_danger
8,True,False,False,False,semantics,strict,False,E_coercion_brutality_danger
40,True,False,False,False,semantics,strict,False,E_coercion_brutality_danger
41,True,False,False,False,semantics,strict,False,E_coercion_brutality_danger
45,True,False,False,False,semantics,strict,False,E_coercion_brutality_danger
56,True,False,False,False,semantics,strict,False,E_coercion_brutality_danger
66,True,False,False,False,semantics,strict,False,E_coercion_brutality_danger
69,True,True,True,True,none,strict,False,E_coercion_brutality_danger
80,True,False,False,False,semantics,strict,False,E_coercion_brutality_danger
82,True,True,True,True,none,strict,False,E_coercion_brutality_danger
84,True,False,False,False,semantics,strict,False,E_coercion_brutality_danger
88,True,False,False,False,semantics,strict,False,E_coercion_brutality_danger
91,True,False,False,False,semantics,strict,False,E_coercion_brutality_danger
94,True,False,False,False,semantics,strict,False,E_coercion_brutality_danger
99,True,False,False,False,semantics,strict,False,E_coercion_brutality_danger
111,True,False,False,False,semantics,strict,False,E_coercion_brutality_danger
122,True,False,False,False,semantics,strict,False,E_coercion_brutality_danger
127,True,True,True,True,none,strict,False,E_coercion_brutality_danger
160,True,True,True,True,none,strict,False,E_coercion_brutality_danger
165,True,False,False,False,semantics,strict,False,E_coercion_brutality_danger
174,True,False,False,False,semantics,strict,False,E_coercion_brutality_danger
176,True,False,False,False,semantics,strict,False,E_coercion_brutality_danger
188,True,False,False,False,semantics,strict,False,E_coercion_brutality_danger
197,True,False,False,False,semantics,strict,False,E_coercion_brutality_danger
213,True,False,False,False,semantics,strict,False,E_coercion_brutality_danger
216,True,False,False,False,semantics,strict,False,E_coercion_brutality_danger
225,True,False,False,False,semantics,strict,False,E_coercion_brutality_danger
239,True,False,False,False,semantics,strict,False,E_coercion_brutality_danger
254,True,False,False,False,semantics,strict,False,E_coercion_brutality_danger
266,True,False,False,False,semantics,strict,False,E_coercion_brutality_danger
270,True,False,False,False,semantics,strict,False,E_coercion_brutality_danger
279,True,False,False,False,semantics,strict,False,E_coercion_brutality_danger
286,True,False,False,False,semantics,strict,False,E_coercion_brutality_danger
288,True,False,False,False,semantics,strict,False,E_coercion_brutality_danger
291,True,False,False,False,semantics,strict,False,E_coercion_brutality_danger
302,True,True,True,True,none,strict,False,E_coercion_brutality_danger
320,True,False,False,False,semantics,strict,False,E_coercion_brutality_danger
321,True,False,False,False,semantics,strict,False,E_coercion_brutality_danger
325,True,False,False,False,semantics,strict,False,E_coercion_brutality_danger
339,True,False,False,False,semantics,strict,False,E_coercion_brutality_danger
346,True,False,False,False,semantics,strict,False,E_coercion_brutality_danger
349,True,False,False,False,semantics,strict,False,E_coercion_brutality_danger
353,True,False,False,False,semantics,strict,False,E_coercion_brutality_danger
356,True,False,False,False,semantics,strict,False,E_coercion_brutality_danger
5,True,False,False,False,semantics,strict,False,F1_sadness_grief
8,True,False,False,False,semantics,strict,False,F1_sadness_grief
40,True,False,False,False,semantics,strict,False,F1_sadness_grief
41,True,False,False,False,semantics,strict,False,F1_sadness_grief
45,True,False,False,False,semantics,strict,False,F1_sadness_grief
56,True,False,False,False,semantics,strict,False,F1_sadness_grief
66,True,False,False,False,semantics,strict,False,F1_sadness_grief
69,True,False,False,False,semantics,strict,False,F1_sadness_grief
80,True,False,False,False,semantics,strict,False,F1_sadness_grief
82,True,True,True,True,none,strict,False,F1_sadness_grief
88,True,False,False,False,semantics,strict,False,F1_sadness_grief
91,True,False,False,False,semantics,strict,False,F1_sadness_grief
99,True,False,False,False,semantics,strict,False,F1_sadness_grief
111,True,False,False,False,semantics,strict,False,F1_sadness_grief
160,True,True,True,True,none,strict,False,F1_sadness_grief
165,True,False,False,False,semantics,strict,False,F1_sadness_grief
174,True,False,False,False,semantics,strict,False,F1_sadness_grief
176,True,False,False,False,semantics,strict,False,F1_sadness_grief
188,True,False,False,False,semantics,strict,False,F1_sadness_grief
197,True,False,False,False,semantics,strict,False,F1_sadness_grief
213,True,False,False,False,semantics,strict,False,F1_sadness_grief
216,True,False,False,False,semantics,strict,False,F1_sadness_grief
225,True,False,False,False,semantics,strict,False,F1_sadness_grief
239,True,True,True,True,none,strict,False,F1_sadness_grief
254,True,False,False,False,semantics,strict,False,F1_sadness_grief
270,True,True,True,True,none,strict,False,F1_sadness_grief
279,True,False,False,False,semantics,strict,False,F1_sadness_grief
288,True,False,False,False,semantics,strict,False,F1_sadness_grief
291,True,False,False,False,semantics,strict,False,F1_sadness_grief
320,True,False,False,False,semantics,strict,False,F1_sadness_grief
321,True,False,False,False,semantics,strict,False,F1_sadness_grief
325,True,False,False,False,semantics,strict,False,F1_sadness_grief
339,True,False,False,False,semantics,strict,False,F1_sadness_grief
346,True,False,False,False,semantics,strict,False,F1_sadness_grief
349,True,False,False,False,semantics,strict,False,F1_sadness_grief
353,True,False,False,False,semantics,strict,False,F1_sadness_grief
5,True,False,False,True,none,relaxed,True,F2_anger_frustration
8,True,False,False,True,none,relaxed,True,F2_anger_frustration
22,True,False,False,True,none,relaxed,True,F2_anger_frustration
40,True,False,False,True,none,relaxed,True,F2_anger_frustration
41,True,False,False,True,none,relaxed,True,F2_anger_frustration
45,True,False,False,True,none,relaxed,True,F2_anger_frustration
56,True,False,False,True,none,relaxed,True,F2_anger_frustration
66,True,False,False,True,none,relaxed,True,F2_anger_frustration
69,True,False,False,True,none,relaxed,True,F2_anger_frustration
74,True,False,False,False,semantics,relaxed,True,F2_anger_frustration
77,True,False,False,True,none,relaxed,True,F2_anger_frustration
80,True,False,False,False,semantics,relaxed,True,F2_anger_frustration
82,True,False,False,False,semantics,relaxed,True,F2_anger_frustration
88,True,False,False,True,none,relaxed,True,F2_anger_frustration
91,True,False,False,True,none,relaxed,True,F2_anger_frustration
99,True,True,True,True,none,relaxed,True,F2_anger_frustration
111,True,False,False,True,none,relaxed,True,F2_anger_frustration
160,True,False,False,False,semantics,relaxed,True,F2_anger_frustration
165,True,False,False,True,none,relaxed,True,F2_anger_frustration
174,True,False,False,True,none,relaxed,True,F2_anger_frustration
176,True,False,False,True,none,relaxed,True,F2_anger_frustration
188,True,False,False,True,none,relaxed,True,F2_anger_frustration
197,True,False,False,False,semantics,relaxed,True,F2_anger_frustration
213,True,False,False,True,none,relaxed,True,F2_anger_frustration
216,True,False,False,True,none,relaxed,True,F2_anger_frustration
225,True,False,False,True,none,relaxed,True,F2_anger_frustration
239,True,False,False,False,semantics,relaxed,True,F2_anger_frustration
254,True,False,False,True,none,relaxed,True,F2_anger_frustration
270,True,False,False,False,semantics,relaxed,True,F2_anger_frustration
279,True,False,False,True,none,relaxed,True,F2_anger_frustration
288,True,False,False,True,none,relaxed,True,F2_anger_frustration
291,True,False,False,True,none,relaxed,True,F2_anger_frustration
320,True,False,False,True,none,relaxed,True,F2_anger_frustration
321,True,False,False,True,none,relaxed,True,F2_anger_frustration
325,True,True,True,True,none,relaxed,True,F2_anger_frustration
339,True,False,False,True,none,relaxed,True,F2_anger_frustration
346,True,False,False,False,semantics,relaxed,True,F2_anger_frustration
349,True,False,False,True,none,relaxed,True,F2_anger_frustration
353,True,False,False,True,none,relaxed,True,F2_anger_frustration
5,True,False,False,True,none,relaxed,True,F3_anxiety_worry
8,True,False,False,True,none,relaxed,True,F3_anxiety_worry
40,True,False,False,True,none,relaxed,True,F3_anxiety_worry
41,True,False,False,True,none,relaxed,True,F3_anxiety_worry
45,True,False,False,True,none,relaxed,True,F3_anxiety_worry
56,True,False,False,True,none,relaxed,True,F3_anxiety_worry
66,True,False,False,True,none,relaxed,True,F3_anxiety_worry
69,True,False,False,True,none,relaxed,True,F3_anxiety_worry
80,True,False,False,False,semantics,relaxed,True,F3_anxiety_worry
82,True,False,False,False,semantics,relaxed,True,F3_anxiety_worry
88,True,False,False,True,none,relaxed,True,F3_anxiety_worry
91,True,False,False,True,none,relaxed,True,F3_anxiety_worry
99,True,False,False,True,none,relaxed,True,F3_anxiety_worry
111,True,False,False,True,none,relaxed,True,F3_anxiety_worry
160,True,False,False,False,semantics,relaxed,True,F3_anxiety_worry
165,True,False,False,True,none,relaxed,True,F3_anxiety_worry
174,True,False,False,True,none,relaxed,True,F3_anxiety_worry
176,True,False,False,True,none,relaxed,True,F3_anxiety_worry
188,True,False,False,True,none,relaxed,True,F3_anxiety_worry
197,True,False,False,False,semantics,relaxed,True,F3_anxiety_worry
213,True,False,False,True,none,relaxed,True,F3_anxiety_worry
216,True,False,False,True,none,relaxed,True,F3_anxiety_worry
219,True,False,False,True,none,relaxed,True,F3_anxiety_worry
225,True,False,False,True,none,relaxed,True,F3_anxiety_worry
239,True,False,False,False,semantics,relaxed,True,F3_anxiety_worry
249,True,False,False,True,none,relaxed,True,F3_anxiety_worry
254,True,False,False,True,none,relaxed,True,F3_anxiety_worry
270,True,False,False,False,semantics,relaxed,True,F3_anxiety_worry
279,True,True,True,True,none,relaxed,True,F3_anxiety_worry
288,True,False,False,True,none,relaxed,True,F3_anxiety_worry
291,True,False,False,True,none,relaxed,True,F3_anxiety_worry
310,True,False,False,True,none,relaxed,True,F3_anxiety_worry
311,True,False,False,True,none,relaxed,True,F3_anxiety_worry
314,True,False,False,True,none,relaxed,True,F3_anxiety_worry
320,True,False,False,True,none,relaxed,True,F3_anxiety_worry
321,True,False,False,True,none,relaxed,True,F3_anxiety_worry
325,True,False,False,True,none,relaxed,True,F3_anxiety_worry
339,True,False,False,True,none,relaxed,True,F3_anxiety_worry
346,True,True,True,True,none,relaxed,True,F3_anxiety_worry
349,True,False,False,True,none,relaxed,True,F3_anxiety_worry
350,True,False,False,True,none,relaxed,True,F3_anxiety_worry
353,True,False,False,True,none,relaxed,True,F3_anxiety_worry
10,True,False,False,False,semantics,strict,False,G_courtship_rituals_gifts
11,True,True,True,True,none,strict,False,G_courtship_rituals_gifts
24,True,False,False,False,semantics,strict,False,G_courtship_rituals_gifts
27,True,False,False,False,semantics,strict,False,G_courtship_rituals_gifts
30,True,False,False,False,semantics,strict,False,G_courtship_rituals_gifts
54,True,False,False,False,semantics,strict,False,G_courtship_rituals_gifts
57,True,False,False,False,semantics,strict,False,G_courtship_rituals_gifts
72,True,False,False,False,semantics,strict,False,G_courtship_rituals_gifts
83,True,False,False,False,semantics,strict,False,G_courtship_rituals_gifts
92,True,False,False,False,semantics,strict,False,G_courtship_rituals_gifts
112,True,False,False,False,semantics,strict,False,G_courtship_rituals_gifts
135,True,False,False,False,semantics,strict,False,G_courtship_rituals_gifts
146,True,False,False,False,semantics,strict,False,G_courtship_rituals_gifts
148,True,True,True,True,none,strict,False,G_courtship_rituals_gifts
218,True,False,False,False,semantics,strict,False,G_courtship_rituals_gifts
221,True,False,False,False,semantics,strict,False,G_courtship_rituals_gifts
247,True,False,False,False,semantics,strict,False,G_courtship_rituals_gifts
251,True,False,False,False,semantics,strict,False,G_courtship_rituals_gifts
265,True,False,False,False,semantics,strict,False,G_courtship_rituals_gifts
274,True,True,True,True,none,strict,False,G_courtship_rituals_gifts
281,True,False,False,False,semantics,strict,False,G_courtship_rituals_gifts
284,True,False,False,False,semantics,strict,False,G_courtship_rituals_gifts
292,True,False,False,False,semantics,strict,False,G_courtship_rituals_gifts
323,True,False,False,False,semantics,strict,False,G_courtship_rituals_gifts
357,True,False,False,False,semantics,strict,False,G_courtship_rituals_gifts
365,True,False,False,False,semantics,strict,False,G_courtship_rituals_gifts
5,True,False,False,False,semantics,global_tight,True,L_vices_addictions
8,True,False,False,False,semantics,global_tight,True,L_vices_addictions
40,True,False,False,False,semantics,global_tight,True,L_vices_addictions
41,True,False,False,False,semantics,global_tight,True,L_vices_addictions
45,True,False,False,False,semantics,global_tight,True,L_vices_addictions
56,True,False,False,False,semantics,global_tight,True,L_vices_addictions
66,True,False,False,False,semantics,global_tight,True,L_vices_addictions
69,True,False,False,False,semantics,global_tight,True,L_vices_addictions
80,True,False,False,False,semantics,global_tight,True,L_vices_addictions
82,True,False,False,False,semantics,global_tight,True,L_vices_addictions
88,True,False,False,False,semantics,global_tight,True,L_vices_addictions
91,True,False,False,False,semantics,global_tight,True,L_vices_addictions
99,True,False,False,False,semantics,global_tight,True,L_vices_addictions
111,True,False,False,False,semantics,global_tight,True,L_vices_addictions
160,True,False,False,False,semantics,global_tight,True,L_vices_addictions
165,True,False,False,False,semantics,global_tight,True,L_vices_addictions
174,True,False,False,False,semantics,global_tight,True,L_vices_addictions
176,True,False,False,False,semantics,global_tight,True,L_vices_addictions
188,True,False,False,False,semantics,global_tight,True,L_vices_addictions
197,True,False,False,False,semantics,global_tight,True,L_vices_addictions
212,True,False,False,False,semantics,global_tight,True,L_vices_addictions
213,True,False,False,False,semantics,global_tight,True,L_vices_addictions
216,True,False,False,False,semantics,global_tight,True,L_vices_addictions
225,True,False,False,False,semantics,global_tight,True,L_vices_addictions
239,True,False,False,False,semantics,global_tight,True,L_vices_addictions
254,True,False,False,False,semantics,global_tight,True,L_vices_addictions
259,True,False,False,False,semantics,global_tight,True,L_vices_addictions
270,True,False,False,False,semantics,global_tight,True,L_vices_addictions
279,True,False,False,False,semantics,global_tight,True,L_vices_addictions
288,True,False,False,False,semantics,global_tight,True,L_vices_addictions
291,True,False,False,False,semantics,global_tight,True,L_vices_addictions
316,True,False,False,False,semantics,global_tight,True,L_vices_addictions
320,True,False,False,False,semantics,global_tight,True,L_vices_addictions
321,True,False,False,False,semantics,global_tight,True,L_vices_addictions
325,True,False,False,False,semantics,global_tight,True,L_vices_addictions
339,True,False,False,False,semantics,global_tight,True,L_vices_addictions
346,True,False,False,False,semantics,global_tight,True,L_vices_addictions
349,True,False,False,False,semantics,global_tight,True,L_vices_addictions
353,True,False,False,False,semantics,global_tight,True,L_vices_addictions
6,False,False,False,True,none,global_tight,True,L_vices_addictions
11,False,False,False,True,none,global_tight,True,L_vices_addictions
75,False,False,False,True,none,global_tight,True,L_vices_addictions
146,False,False,False,True,none,global_tight,True,L_vices_addictions
157,False,False,False,True,none,global_tight,True,L_vices_addictions
171,False,False,False,True,none,global_tight,True,L_vices_addictions
255,False,False,False,True,none,global_tight,True,L_vices_addictions
284,False,False,False,True,none,global_tight,True,L_vices_addictions
294,False,False,False,True,none,global_tight,True,L_vices_addictions
302,False,False,False,True,none,global_tight,True,L_vices_addictions
304,False,False,False,True,none,global_tight,True,L_vices_addictions
332,False,False,False,True,none,global_tight,True,L_vices_addictions
342,False,False,False,True,none,global_tight,True,L_vices_addictions
358,False,False,False,True,none,global_tight,True,L_vices_addictions
3,True,False,False,False,semantics,strict,False,M_health_recovery_growth
14,True,False,False,False,semantics,strict,False,M_health_recovery_growth
23,True,False,False,False,semantics,strict,False,M_health_recovery_growth
26,True,False,False,False,semantics,strict,False,M_health_recovery_growth
31,True,False,False,False,semantics,strict,False,M_health_recovery_growth
34,True,False,False,False,semantics,strict,False,M_health_recovery_growth
35,True,False,False,False,semantics,strict,False,M_health_recovery_growth
43,True,False,False,False,semantics,strict,False,M_health_recovery_growth
53,True,False,False,False,semantics,strict,False,M_health_recovery_growth
70,True,False,False,False,semantics,strict,False,M_health_recovery_growth
71,True,False,False,False,semantics,strict,False,M_health_recovery_growth
90,True,True,True,True,none,strict,False,M_health_recovery_growth
96,True,False,False,False,semantics,strict,False,M_health_recovery_growth
100,True,False,False,False,semantics,strict,False,M_health_recovery_growth
105,True,False,False,False,semantics,strict,False,M_health_recovery_growth
106,True,False,False,False,semantics,strict,False,M_health_recovery_growth
108,True,False,False,False,semantics,strict,False,M_health_recovery_growth
110,True,False,False,False,semantics,strict,False,M_health_recovery_growth
115,True,False,False,False,semantics,strict,False,M_health_recovery_growth
116,True,False,False,False,semantics,strict,False,M_health_recovery_growth
119,True,True,True,True,none,strict,False,M_health_recovery_growth
120,True,False,False,False,semantics,strict,False,M_health_recovery_growth
121,True,False,False,False,semantics,strict,False,M_health_recovery_growth
128,True,False,False,False,semantics,strict,False,M_health_recovery_growth
136,True,False,False,False,semantics,strict,False,M_health_recovery_growth
140,True,False,False,False,semantics,strict,False,M_health_recovery_growth
141,True,False,False,False,semantics,strict,False,M_health_recovery_growth
142,True,False,False,False,semantics,strict,False,M_health_recovery_growth
143,True,False,False,False,semantics,strict,False,M_health_recovery_growth
144,True,False,False,False,semantics,strict,False,M_health_recovery_growth
152,True,False,False,False,semantics,strict,False,M_health_recovery_growth
155,True,False,False,False,semantics,strict,False,M_health_recovery_growth
156,True,False,False,False,semantics,strict,False,M_health_recovery_growth
157,True,False,False,False,semantics,strict,False,M_health_recovery_growth
159,True,False,False,False,semantics,strict,False,M_health_recovery_growth
161,True,False,False,False,semantics,strict,False,M_health_recovery_growth
170,True,False,False,False,semantics,strict,False,M_health_recovery_growth
175,True,False,False,False,semantics,strict,False,M_health_recovery_growth
180,True,False,False,False,semantics,strict,False,M_health_recovery_growth
183,True,False,False,False,semantics,strict,False,M_health_recovery_growth
185,True,True,True,True,none,strict,False,M_health_recovery_growth
189,True,False,False,False,semantics,strict,False,M_health_recovery_growth
198,True,False,False,False,semantics,strict,False,M_health_recovery_growth
204,True,True,True,True,none,strict,False,M_health_recovery_growth
210,True,False,False,False,semantics,strict,False,M_health_recovery_growth
220,True,False,False,False,semantics,strict,False,M_health_recovery_growth
226,True,False,False,False,semantics,strict,False,M_health_recovery_growth
228,True,True,True,True,none,strict,False,M_health_recovery_growth
230,True,False,False,False,semantics,strict,False,M_health_recovery_growth
232,True,False,False,False,semantics,strict,False,M_health_recovery_growth
233,True,False,False,False,semantics,strict,False,M_health_recovery_growth
246,True,False,False,False,semantics,strict,False,M_health_recovery_growth
250,True,True,True,True,none,strict,False,M_health_recovery_growth
256,True,False,False,False,semantics,strict,False,M_health_recovery_growth
258,True,False,False,False,semantics,strict,False,M_health_recovery_growth
260,True,False,False,False,semantics,strict,False,M_health_recovery_growth
263,True,False,False,False,semantics,strict,False,M_health_recovery_growth
275,True,False,False,False,semantics,strict,False,M_health_recovery_growth
278,True,True,True,True,none,strict,False,M_health_recovery_growth
282,True,False,False,False,semantics,strict,False,M_health_recovery_growth
287,True,False,False,False,semantics,strict,False,M_health_recovery_growth
289,True,False,False,False,semantics,strict,False,M_health_recovery_growth
305,True,False,False,False,semantics,strict,False,M_health_recovery_growth
306,True,False,False,False,semantics,strict,False,M_health_recovery_growth
307,True,False,False,False,semantics,strict,False,M_health_recovery_growth
319,True,False,False,False,semantics,strict,False,M_health_recovery_growth
327,True,False,False,False,semantics,strict,False,M_health_recovery_growth
330,True,False,False,False,semantics,strict,False,M_health_recovery_growth
334,True,False,False,False,semantics,strict,False,M_health_recovery_growth
337,True,False,False,False,semantics,strict,False,M_health_recovery_growth
344,True,False,False,False,semantics,strict,False,M_health_recovery_growth
358,True,False,False,False,semantics,strict,False,M_health_recovery_growth
363,True,True,True,True,none,strict,False,M_health_recovery_growth
3,True,True,True,True,none,strict,False,H_domestic_nesting
6,True,True,True,True,none,strict,False,H_domestic_nesting
10,True,True,True,True,none,strict,False,H_domestic_nesting
14,True,True,True,True,none,strict,False,H_domestic_nesting
23,True,True,True,True,none,strict,False,H_domestic_nesting
24,True,True,True,True,none,strict,False,H_domestic_nesting
26,True,True,True,True,none,strict,False,H_domestic_nesting
27,True,True,True,True,none,strict,False,H_domestic_nesting
31,True,True,True,True,none,strict,False,H_domestic_nesting
34,True,True,True,True,none,strict,False,H_domestic_nesting
35,True,True,True,True,none,strict,False,H_domestic_nesting
43,True,True,True,True,none,strict,False,H_domestic_nesting
49,True,True,True,True,none,strict,False,H_domestic_nesting
51,True,True,True,True,none,strict,False,H_domestic_nesting
53,True,True,True,True,none,strict,False,H_domestic_nesting
57,True,True,True,True,none,strict,False,H_domestic_nesting
70,True,True,True,True,none,strict,False,H_domestic_nesting
71,True,True,True,True,none,strict,False,H_domestic_nesting
92,True,True,True,True,none,strict,False,H_domestic_nesting
96,True,True,True,True,none,strict,False,H_domestic_nesting
100,True,True,True,True,none,strict,False,H_domestic_nesting
105,True,True,True,True,none,strict,False,H_domestic_nesting
106,True,True,True,True,none,strict,False,H_domestic_nesting
108,True,True,True,True,none,strict,False,H_domestic_nesting
110,True,True,True,True,none,strict,False,H_domestic_nesting
115,True,True,False,False,quality,strict,False,H_domestic_nesting
116,True,True,True,True,none,strict,False,H_domestic_nesting
119,True,True,True,True,none,strict,False,H_domestic_nesting
120,True,True,True,True,none,strict,False,H_domestic_nesting
121,True,True,True,True,none,strict,False,H_domestic_nesting
128,True,True,True,True,none,strict,False,H_domestic_nesting
136,True,True,True,True,none,strict,False,H_domestic_nesting
140,True,True,True,True,none,strict,False,H_domestic_nesting
141,True,True,True,True,none,strict,False,H_domestic_nesting
142,True,True,True,True,none,strict,False,H_domestic_nesting
143,True,True,True,True,none,strict,False,H_domestic_nesting
144,True,True,True,True,none,strict,False,H_domestic_nesting
146,True,True,True,True,none,strict,False,H_domestic_nesting
147,True,True,True,True,none,strict,False,H_domestic_nesting
152,True,True,False,False,quality,strict,False,H_domestic_nesting
155,True,True,True,True,none,strict,False,H_domestic_nesting
156,True,True,True,True,none,strict,False,H_domestic_nesting
157,True,True,True,True,none,strict,False,H_domestic_nesting
159,True,True,True,True,none,strict,False,H_domestic_nesting
161,True,True,True,True,none,strict,False,H_domestic_nesting
170,True,True,True,True,none,strict,False,H_domestic_nesting
173,True,True,True,True,none,strict,False,H_domestic_nesting
175,True,True,True,True,none,strict,False,H_domestic_nesting
180,True,True,True,True,none,strict,False,H_domestic_nesting
183,True,True,True,True,none,strict,False,H_domestic_nesting
185,True,True,True,True,none,strict,False,H_domestic_nesting
189,True,True,True,True,none,strict,False,H_domestic_nesting
193,True,True,True,True,none,strict,False,H_domestic_nesting
198,True,True,False,False,quality,strict,False,H_domestic_nesting
204,True,True,True,True,none,strict,False,H_domestic_nesting
210,True,True,True,True,none,strict,False,H_domestic_nesting
218,True,True,True,True,none,strict,False,H_domestic_nesting
220,True,True,True,True,none,strict,False,H_domestic_nesting
221,True,True,True,True,none,strict,False,H_domestic_nesting
226,True,True,True,True,none,strict,False,H_domestic_nesting
228,True,True,True,True,none,strict,False,H_domestic_nesting
230,True,True,False,False,quality,strict,False,H_domestic_nesting
232,True,True,True,True,none,strict,False,H_domestic_nesting
233,True,True,True,True,none,strict,False,H_domestic_nesting
242,True,True,True,True,none,strict,False,H_domestic_nesting
243,True,True,True,True,none,strict,False,H_domestic_nesting
246,True,True,False,False,quality,strict,False,H_domestic_nesting
250,True,True,True,True,none,strict,False,H_domestic_nesting
256,True,True,True,True,none,strict,False,H_domestic_nesting
258,True,True,True,True,none,strict,False,H_domestic_nesting
260,True,True,True,True,none,strict,False,H_domestic_nesting
263,True,True,True,True,none,strict,False,H_domestic_nesting
265,True,True,True,True,none,strict,False,H_domestic_nesting
275,True,True,True,True,none,strict,False,H_domestic_nesting
281,True,True,True,True,none,strict,False,H_domestic_nesting
282,True,True,True,True,none,strict,False,H_domestic_nesting
284,True,True,True,True,none,strict,False,H_domestic_nesting
287,True,True,True,True,none,strict,False,H_domestic_nesting
289,True,True,True,True,none,strict,False,H_domestic_nesting
292,True,True,True,True,none,strict,False,H_domestic_nesting
305,True,True,True,True,none,strict,False,H_domestic_nesting
306,True,True,True,True,none,strict,False,H_domestic_nesting
307,True,True,True,True,none,strict,False,H_domestic_nesting
319,True,True,True,True,none,strict,False,H_domestic_nesting
327,True,True,False,False,quality,strict,False,H_domestic_nesting
330,True,True,True,True,none,strict,False,H_domestic_nesting
334,True,True,True,True,none,strict,False,H_domestic_nesting
336,True,True,True,True,none,strict,False,H_domestic_nesting
337,True,True,True,True,none,strict,False,H_domestic_nesting
344,True,True,True,True,none,strict,False,H_domestic_nesting
358,True,True,True,True,none,strict,False,H_domestic_nesting
362,True,True,True,True,none,strict,False,H_domestic_nesting
363,True,True,True,True,none,strict,False,H_domestic_nesting
365,True,True,True,True,none,strict,False,H_domestic_nesting
3,True,False,False,False,semantics,strict,False,I_humor_lightness
12,True,False,False,False,semantics,strict,False,I_humor_lightness
13,True,True,True,True,none,strict,False,I_humor_lightness
14,True,True,True,True,none,strict,False,I_humor_lightness
21,True,False,False,False,semantics,strict,False,I_humor_lightness
23,True,False,False,False,semantics,strict,False,I_humor_lightness
25,True,True,True,True,none,strict,False,I_humor_lightness
26,True,False,False,False,semantics,strict,False,I_humor_lightness
29,True,False,False,False,semantics,strict,False,I_humor_lightness
31,True,False,False,False,semantics,strict,False,I_humor_lightness
34,True,False,False,False,semantics,strict,False,I_humor_lightness
35,True,False,False,False,semantics,strict,False,I_humor_lightness
36,True,False,False,False,semantics,strict,False,I_humor_lightness
39,True,False,False,False,semantics,strict,False,I_humor_lightness
43,True,False,False,False,semantics,strict,False,I_humor_lightness
47,True,False,False,False,semantics,strict,False,I_humor_lightness
48,True,False,False,False,semantics,strict,False,I_humor_lightness
53,True,False,False,False,semantics,strict,False,I_humor_lightness
67,True,False,False,False,semantics,strict,False,I_humor_lightness
70,True,False,False,False,semantics,strict,False,I_humor_lightness
71,True,False,False,False,semantics,strict,False,I_humor_lightness
75,True,False,False,False,semantics,strict,False,I_humor_lightness
78,True,True,True,True,none,strict,False,I_humor_lightness
85,True,False,False,False,semantics,strict,False,I_humor_lightness
96,True,False,False,False,semantics,strict,False,I_humor_lightness
97,True,False,False,False,semantics,strict,False,I_humor_lightness
100,True,False,False,False,semantics,strict,False,I_humor_lightness
105,True,False,False,False,semantics,strict,False,I_humor_lightness
106,True,False,False,False,semantics,strict,False,I_humor_lightness
108,True,False,False,False,semantics,strict,False,I_humor_lightness
110,True,False,False,False,semantics,strict,False,I_humor_lightness
115,True,False,False,False,semantics,strict,False,I_humor_lightness
116,True,False,False,False,semantics,strict,False,I_humor_lightness
119,True,False,False,False,semantics,strict,False,I_humor_lightness
120,True,False,False,False,semantics,strict,False,I_humor_lightness
121,True,False,False,False,semantics,strict,False,I_humor_lightness
125,True,False,False,False,semantics,strict,False,I_humor_lightness
128,True,False,False,False,semantics,strict,False,I_humor_lightness
136,True,False,False,False,semantics,strict,False,I_humor_lightness
140,True,True,True,True,none,strict,False,I_humor_lightness
141,True,False,False,False,semantics,strict,False,I_humor_lightness
142,True,False,False,False,semantics,strict,False,I_humor_lightness
143,True,False,False,False,semantics,strict,False,I_humor_lightness
144,True,False,False,False,semantics,strict,False,I_humor_lightness
152,True,True,False,False,quality,strict,False,I_humor_lightness
155,True,False,False,False,semantics,strict,False,I_humor_lightness
156,True,False,False,False,semantics,strict,False,I_humor_lightness
157,True,False,False,False,semantics,strict,False,I_humor_lightness
158,True,True,False,False,quality,strict,False,I_humor_lightness
159,True,False,False,False,semantics,strict,False,I_humor_lightness
161,True,False,False,False,semantics,strict,False,I_humor_lightness
164,True,False,False,False,semantics,strict,False,I_humor_lightness
170,True,False,False,False,semantics,strict,False,I_humor_lightness
171,True,False,False,False,semantics,strict,False,I_humor_lightness
175,True,False,False,False,semantics,strict,False,I_humor_lightness
178,True,False,False,False,semantics,strict,False,I_humor_lightness
180,True,False,False,False,semantics,strict,False,I_humor_lightness
182,True,False,False,False,semantics,strict,False,I_humor_lightness
183,True,False,False,False,semantics,strict,False,I_humor_lightness
184,True,False,False,False,semantics,strict,False,I_humor_lightness
185,True,False,False,False,semantics,strict,False,I_humor_lightness
189,True,False,False,False,semantics,strict,False,I_humor_lightness
190,True,False,False,False,semantics,strict,False,I_humor_lightness
192,True,False,False,False,semantics,strict,False,I_humor_lightness
198,True,False,False,False,semantics,strict,False,I_humor_lightness
204,True,False,False,False,semantics,strict,False,I_humor_lightness
210,True,True,True,True,none,strict,False,I_humor_lightness
211,True,False,False,False,semantics,strict,False,I_humor_lightness
220,True,False,False,False,semantics,strict,False,I_humor_lightness
226,True,False,False,False,semantics,strict,False,I_humor_lightness
228,True,False,False,False,semantics,strict,False,I_humor_lightness
230,True,False,False,False,semantics,strict,False,I_humor_lightness
232,True,False,False,False,semantics,strict,False,I_humor_lightness
233,True,False,False,False,semantics,strict,False,I_humor_lightness
246,True,False,False,False,semantics,strict,False,I_humor_lightness
250,True,False,False,False,semantics,strict,False,I_humor_lightness
256,True,False,False,False,semantics,strict,False,I_humor_lightness
258,True,False,False,False,semantics,strict,False,I_humor_lightness
260,True,False,False,False,semantics,strict,False,I_humor_lightness
263,True,False,False,False,semantics,strict,False,I_humor_lightness
275,True,False,False,False,semantics,strict,False,I_humor_lightness
282,True,False,False,False,semantics,strict,False,I_humor_lightness
285,True,False,False,False,semantics,strict,False,I_humor_lightness
287,True,False,False,False,semantics,strict,False,I_humor_lightness
289,True,False,False,False,semantics,strict,False,I_humor_lightness
299,True,False,False,False,semantics,strict,False,I_humor_lightness
303,True,False,False,False,semantics,strict,False,I_humor_lightness
305,True,False,False,False,semantics,strict,False,I_humor_lightness
306,True,True,True,True,none,strict,False,I_humor_lightness
307,True,False,False,False,semantics,strict,False,I_humor_lightness
317,True,False,False,False,semantics,strict,False,I_humor_lightness
319,True,False,False,False,semantics,strict,False,I_humor_lightness
327,True,False,False,False,semantics,strict,False,I_humor_lightness
330,True,True,True,True,none,strict,False,I_humor_lightness
334,True,True,True,True,none,strict,False,I_humor_lightness
337,True,False,False,False,semantics,strict,False,I_humor_lightness
344,True,False,False,False,semantics,strict,False,I_humor_lightness
347,True,False,False,False,semantics,strict,False,I_humor_lightness
355,True,False,False,False,semantics,strict,False,I_humor_lightness
358,True,False,False,False,semantics,strict,False,I_humor_lightness
360,True,False,False,False,semantics,strict,False,I_humor_lightness
361,True,False,False,False,semantics,strict,False,I_humor_lightness
363,True,False,False,False,semantics,strict,False,I_humor_lightness
0,True,False,False,False,semantics,strict,False,J_social_support_kin
4,True,True,True,True,none,strict,False,J_social_support_kin
7,True,False,False,False,semantics,strict,False,J_social_support_kin
9,True,False,False,False,semantics,strict,False,J_social_support_kin
16,True,True,True,True,none,strict,False,J_social_support_kin
28,True,True,False,False,quality,strict,False,J_social_support_kin
32,True,False,False,False,semantics,strict,False,J_social_support_kin
37,True,False,False,False,semantics,strict,False,J_social_support_kin
44,True,True,True,True,none,strict,False,J_social_support_kin
50,True,True,True,True,none,strict,False,J_social_support_kin
52,True,True,True,True,none,strict,False,J_social_support_kin
59,True,False,False,False,semantics,strict,False,J_social_support_kin
61,True,False,False,False,semantics,strict,False,J_social_support_kin
62,True,True,True,True,none,strict,False,J_social_support_kin
63,True,False,False,False,semantics,strict,False,J_social_support_kin
65,True,False,False,False,semantics,strict,False,J_social_support_kin
68,True,False,False,False,semantics,strict,False,J_social_support_kin
73,True,False,False,False,semantics,strict,False,J_social_support_kin
76,True,False,False,False,semantics,strict,False,J_social_support_kin
79,True,True,True,True,none,strict,False,J_social_support_kin
81,True,True,True,True,none,strict,False,J_social_support_kin
87,True,True,True,True,none,strict,False,J_social_support_kin
89,True,False,False,False,semantics,strict,False,J_social_support_kin
93,True,True,True,True,none,strict,False,J_social_support_kin
98,True,True,False,False,quality,strict,False,J_social_support_kin
101,True,True,True,True,none,strict,False,J_social_support_kin
104,True,True,True,True,none,strict,False,J_social_support_kin
107,True,True,True,True,none,strict,False,J_social_support_kin
113,True,True,False,False,quality,strict,False,J_social_support_kin
114,True,False,False,False,semantics,strict,False,J_social_support_kin
117,True,False,False,False,semantics,strict,False,J_social_support_kin
124,True,False,False,False,semantics,strict,False,J_social_support_kin
126,True,False,False,False,semantics,strict,False,J_social_support_kin
130,True,True,True,True,none,strict,False,J_social_support_kin
131,True,False,False,False,semantics,strict,False,J_social_support_kin
134,True,True,True,True,none,strict,False,J_social_support_kin
137,True,False,False,False,semantics,strict,False,J_social_support_kin
139,True,False,False,False,semantics,strict,False,J_social_support_kin
145,True,False,False,False,semantics,strict,False,J_social_support_kin
149,True,True,False,False,quality,strict,False,J_social_support_kin
150,True,False,False,False,semantics,strict,False,J_social_support_kin
153,True,False,False,False,semantics,strict,False,J_social_support_kin
154,True,True,True,True,none,strict,False,J_social_support_kin
163,True,False,False,False,semantics,strict,False,J_social_support_kin
166,True,False,False,False,semantics,strict,False,J_social_support_kin
168,True,False,False,False,semantics,strict,False,J_social_support_kin
169,True,False,False,False,semantics,strict,False,J_social_support_kin
172,True,True,True,True,none,strict,False,J_social_support_kin
177,True,False,False,False,semantics,strict,False,J_social_support_kin
179,True,False,False,False,semantics,strict,False,J_social_support_kin
181,True,False,False,False,semantics,strict,False,J_social_support_kin
199,True,True,False,False,quality,strict,False,J_social_support_kin
200,True,True,True,True,none,strict,False,J_social_support_kin
201,True,True,True,True,none,strict,False,J_social_support_kin
202,True,False,False,False,semantics,strict,False,J_social_support_kin
203,True,False,False,False,semantics,strict,False,J_social_support_kin
206,True,False,False,False,semantics,strict,False,J_social_support_kin
209,True,False,False,False,semantics,strict,False,J_social_support_kin
214,True,False,False,False,semantics,strict,False,J_social_support_kin
215,True,False,False,False,semantics,strict,False,J_social_support_kin
217,True,False,False,False,semantics,strict,False,J_social_support_kin
222,True,True,True,True,none,strict,False,J_social_support_kin
234,True,False,False,False,semantics,strict,False,J_social_support_kin
236,True,True,True,True,none,strict,False,J_social_support_kin
237,True,False,False,False,semantics,strict,False,J_social_support_kin
238,True,False,False,False,semantics,strict,False,J_social_support_kin
240,True,False,False,False,semantics,strict,False,J_social_support_kin
244,True,False,False,False,semantics,strict,False,J_social_support_kin
248,True,False,False,False,semantics,strict,False,J_social_support_kin
252,True,False,False,False,semantics,strict,False,J_social_support_kin
253,True,False,False,False,semantics,strict,False,J_social_support_kin
261,True,False,False,False,semantics,strict,False,J_social_support_kin
262,True,False,False,False,semantics,strict,False,J_social_support_kin
264,True,False,False,False,semantics,strict,False,J_social_support_kin
267,True,False,False,False,semantics,strict,False,J_social_support_kin
268,True,False,False,False,semantics,strict,False,J_social_support_kin
269,True,False,False,False,semantics,strict,False,J_social_support_kin
272,True,True,True,True,none,strict,False,J_social_support_kin
273,True,False,False,False,semantics,strict,False,J_social_support_kin
276,True,False,False,False,semantics,strict,False,J_social_support_kin
293,True,True,False,False,quality,strict,False,J_social_support_kin
294,True,False,False,False,semantics,strict,False,J_social_support_kin
295,True,True,True,True,none,strict,False,J_social_support_kin
297,True,False,False,False,semantics,strict,False,J_social_support_kin
300,True,False,False,False,semantics,strict,False,J_social_support_kin
304,True,False,False,False,semantics,strict,False,J_social_support_kin
315,True,False,False,False,semantics,strict,False,J_social_support_kin
322,True,True,True,True,none,strict,False,J_social_support_kin
324,True,False,False,False,semantics,strict,False,J_social_support_kin
329,True,True,True,True,none,strict,False,J_social_support_kin
331,True,False,False,False,semantics,strict,False,J_social_support_kin
332,True,True,True,True,none,strict,False,J_social_support_kin
333,True,False,False,False,semantics,strict,False,J_social_support_kin
335,True,False,False,False,semantics,strict,False,J_social_support_kin
340,True,False,False,False,semantics,strict,False,J_social_support_kin
341,True,False,False,False,semantics,strict,False,J_social_support_kin
342,True,False,False,False,semantics,strict,False,J_social_support_kin
345,True,False,False,False,semantics,strict,False,J_social_support_kin
352,True,False,False,False,semantics,strict,False,J_social_support_kin
354,True,False,False,False,semantics,strict,False,J_social_support_kin
364,True,False,False,False,semantics,strict,False,J_social_support_kin
366,True,False,False,False,semantics,strict,False,J_social_support_kin
367,True,False,False,False,semantics,strict,False,J_social_support_kin
33,True,True,True,True,none,strict,False,K_professional_intrusion
60,True,True,True,True,none,strict,False,K_professional_intrusion
90,True,False,False,False,semantics,strict,False,K_professional_intrusion
109,True,True,True,True,none,strict,False,K_professional_intrusion
118,True,True,False,False,quality,strict,False,K_professional_intrusion
151,True,True,False,False,quality,strict,False,K_professional_intrusion
187,True,True,True,True,none,strict,False,K_professional_intrusion
191,True,True,False,False,quality,strict,False,K_professional_intrusion
195,True,True,True,True,none,strict,False,K_professional_intrusion
212,True,True,True,True,none,strict,False,K_professional_intrusion
223,True,True,True,True,none,strict,False,K_professional_intrusion
259,True,True,True,True,none,strict,False,K_professional_intrusion
277,True,True,True,True,none,strict,False,K_professional_intrusion
278,True,False,False,False,semantics,strict,False,K_professional_intrusion
296,True,True,True,True,none,strict,False,K_professional_intrusion
298,True,True,True,True,none,strict,False,K_professional_intrusion
309,True,True,True,True,none,strict,False,K_professional_intrusion
316,True,True,True,True,none,strict,False,K_professional_intrusion
326,True,True,True,True,none,strict,False,K_professional_intrusion
343,True,True,True,True,none,strict,False,K_professional_intrusion
348,True,True,True,True,none,strict,False,K_professional_intrusion
9,True,False,False,False,semantics,strict,False,N_separation_reunion
28,True,False,False,False,semantics,strict,False,N_separation_reunion
32,True,False,False,False,semantics,strict,False,N_separation_reunion
37,True,False,False,False,semantics,strict,False,N_separation_reunion
50,True,False,False,False,semantics,strict,False,N_separation_reunion
59,True,False,False,False,semantics,strict,False,N_separation_reunion
61,True,True,True,True,none,strict,False,N_separation_reunion
65,True,True,True,True,none,strict,False,N_separation_reunion
68,True,False,False,False,semantics,strict,False,N_separation_reunion
73,True,False,False,False,semantics,strict,False,N_separation_reunion
87,True,True,True,True,none,strict,False,N_separation_reunion
89,True,False,False,False,semantics,strict,False,N_separation_reunion
107,True,False,False,False,semantics,strict,False,N_separation_reunion
117,True,False,False,False,semantics,strict,False,N_separation_reunion
126,True,False,False,False,semantics,strict,False,N_separation_reunion
131,True,False,False,False,semantics,strict,False,N_separation_reunion
139,True,False,False,False,semantics,strict,False,N_separation_reunion
149,True,False,False,False,semantics,strict,False,N_separation_reunion
150,True,False,False,False,semantics,strict,False,N_separation_reunion
153,True,False,False,False,semantics,strict,False,N_separation_reunion
163,True,False,False,False,semantics,strict,False,N_separation_reunion
166,True,False,False,False,semantics,strict,False,N_separation_reunion
169,True,False,False,False,semantics,strict,False,N_separation_reunion
177,True,False,False,False,semantics,strict,False,N_separation_reunion
179,True,False,False,False,semantics,strict,False,N_separation_reunion
181,True,False,False,False,semantics,strict,False,N_separation_reunion
201,True,False,False,False,semantics,strict,False,N_separation_reunion
202,True,False,False,False,semantics,strict,False,N_separation_reunion
203,True,False,False,False,semantics,strict,False,N_separation_reunion
214,True,False,False,False,semantics,strict,False,N_separation_reunion
215,True,False,False,False,semantics,strict,False,N_separation_reunion
217,True,False,False,False,semantics,strict,False,N_separation_reunion
222,True,False,False,False,semantics,strict,False,N_separation_reunion
236,True,False,False,False,semantics,strict,False,N_separation_reunion
237,True,False,False,False,semantics,strict,False,N_separation_reunion
238,True,False,False,False,semantics,strict,False,N_separation_reunion
248,True,False,False,False,semantics,strict,False,N_separation_reunion
252,True,False,False,False,semantics,strict,False,N_separation_reunion
253,True,False,False,False,semantics,strict,False,N_separation_reunion
261,True,False,False,False,semantics,strict,False,N_separation_reunion
262,True,False,False,False,semantics,strict,False,N_separation_reunion
267,True,False,False,False,semantics,strict,False,N_separation_reunion
268,True,True,False,False,quality,strict,False,N_separation_reunion
269,True,False,False,False,semantics,strict,False,N_separation_reunion
272,True,False,False,False,semantics,strict,False,N_separation_reunion
273,True,True,True,True,none,strict,False,N_separation_reunion
276,True,False,False,False,semantics,strict,False,N_separation_reunion
293,True,False,False,False,semantics,strict,False,N_separation_reunion
294,True,False,False,False,semantics,strict,False,N_separation_reunion
295,True,False,False,False,semantics,strict,False,N_separation_reunion
297,True,False,False,False,semantics,strict,False,N_separation_reunion
300,True,False,False,False,semantics,strict,False,N_separation_reunion
315,True,False,False,False,semantics,strict,False,N_separation_reunion
322,True,False,False,False,semantics,strict,False,N_separation_reunion
324,True,False,False,False,semantics,strict,False,N_separation_reunion
331,True,False,False,False,semantics,strict,False,N_separation_reunion
333,True,False,False,False,semantics,strict,False,N_separation_reunion
335,True,False,False,False,semantics,strict,False,N_separation_reunion
340,True,False,False,False,semantics,strict,False,N_separation_reunion
341,True,True,True,True,none,strict,False,N_separation_reunion
342,True,False,False,False,semantics,strict,False,N_separation_reunion
345,True,False,False,False,semantics,strict,False,N_separation_reunion
354,True,False,False,False,semantics,strict,False,N_separation_reunion
366,True,False,False,False,semantics,strict,False,N_separation_reunion
148,True,False,False,True,none,relaxed,True,O_aesthetics_appearance
231,True,False,False,True,none,relaxed,True,O_aesthetics_appearance
247,True,False,False,False,semantics,relaxed,True,O_aesthetics_appearance
251,True,False,False,True,none,relaxed,True,O_aesthetics_appearance
274,True,False,False,True,none,relaxed,True,O_aesthetics_appearance
312,True,True,True,True,none,relaxed,True,O_aesthetics_appearance
0,True,False,False,False,semantics,strict,False,Q_miscommunication
4,True,True,True,True,none,strict,False,Q_miscommunication
7,True,False,False,False,semantics,strict,False,Q_miscommunication
52,True,True,True,True,none,strict,False,Q_miscommunication
62,True,True,True,True,none,strict,False,Q_miscommunication
63,True,True,True,True,none,strict,False,Q_miscommunication
64,True,False,False,False,semantics,strict,False,Q_miscommunication
76,True,True,True,True,none,strict,False,Q_miscommunication
114,True,True,True,True,none,strict,False,Q_miscommunication
145,True,False,False,False,semantics,strict,False,Q_miscommunication
168,True,False,False,False,semantics,strict,False,Q_miscommunication
172,True,True,True,True,none,strict,False,Q_miscommunication
199,True,False,False,False,semantics,strict,False,Q_miscommunication
206,True,False,False,False,semantics,strict,False,Q_miscommunication
240,True,True,True,True,none,strict,False,Q_miscommunication
241,True,False,False,False,semantics,strict,False,Q_miscommunication
304,True,False,False,False,semantics,strict,False,Q_miscommunication
332,True,True,True,True,none,strict,False,Q_miscommunication
352,True,False,False,False,semantics,strict,False,Q_miscommunication
364,True,False,False,False,semantics,strict,False,Q_miscommunication
367,True,False,False,False,semantics,strict,False,Q_miscommunication
3,True,False,False,False,semantics,strict,False,Q_repair
9,True,False,False,False,semantics,strict,False,Q_repair
14,True,False,False,False,semantics,strict,False,Q_repair
23,True,False,False,False,semantics,strict,False,Q_repair
26,True,False,False,False,semantics,strict,False,Q_repair
29,True,False,False,False,semantics,strict,False,Q_repair
31,True,False,False,False,semantics,strict,False,Q_repair
34,True,False,False,False,semantics,strict,False,Q_repair
35,True,False,False,False,semantics,strict,False,Q_repair
43,True,False,False,False,semantics,strict,False,Q_repair
48,True,False,False,False,semantics,strict,False,Q_repair
53,True,False,False,False,semantics,strict,False,Q_repair
61,True,True,True,True,none,strict,False,Q_repair
70,True,False,False,False,semantics,strict,False,Q_repair
71,True,False,False,False,semantics,strict,False,Q_repair
85,True,False,False,False,semantics,strict,False,Q_repair
96,True,True,True,True,none,strict,False,Q_repair
100,True,False,False,False,semantics,strict,False,Q_repair
105,True,False,False,False,semantics,strict,False,Q_repair
106,True,False,False,False,semantics,strict,False,Q_repair
108,True,True,True,True,none,strict,False,Q_repair
110,True,False,False,False,semantics,strict,False,Q_repair
115,True,False,False,False,semantics,strict,False,Q_repair
116,True,False,False,False,semantics,strict,False,Q_repair
119,True,False,False,False,semantics,strict,False,Q_repair
120,True,False,False,False,semantics,strict,False,Q_repair
121,True,False,False,False,semantics,strict,False,Q_repair
128,True,False,False,False,semantics,strict,False,Q_repair
136,True,False,False,False,semantics,strict,False,Q_repair
140,True,False,False,False,semantics,strict,False,Q_repair
141,True,False,False,False,semantics,strict,False,Q_repair
142,True,False,False,False,semantics,strict,False,Q_repair
143,True,False,False,False,semantics,strict,False,Q_repair
144,True,False,False,False,semantics,strict,False,Q_repair
152,True,False,False,False,semantics,strict,False,Q_repair
155,True,False,False,False,semantics,strict,False,Q_repair
156,True,False,False,False,semantics,strict,False,Q_repair
157,True,False,False,False,semantics,strict,False,Q_repair
159,True,True,True,True,none,strict,False,Q_repair
161,True,False,False,False,semantics,strict,False,Q_repair
163,True,False,False,False,semantics,strict,False,Q_repair
170,True,False,False,False,semantics,strict,False,Q_repair
175,True,False,False,False,semantics,strict,False,Q_repair
178,True,False,False,False,semantics,strict,False,Q_repair
180,True,False,False,False,semantics,strict,False,Q_repair
182,True,False,False,False,semantics,strict,False,Q_repair
183,True,False,False,False,semantics,strict,False,Q_repair
185,True,False,False,False,semantics,strict,False,Q_repair
189,True,False,False,False,semantics,strict,False,Q_repair
190,True,False,False,False,semantics,strict,False,Q_repair
192,True,True,True,True,none,strict,False,Q_repair
198,True,False,False,False,semantics,strict,False,Q_repair
204,True,False,False,False,semantics,strict,False,Q_repair
210,True,False,False,False,semantics,strict,False,Q_repair
220,True,False,False,False,semantics,strict,False,Q_repair
226,True,False,False,False,semantics,strict,False,Q_repair
228,True,False,False,False,semantics,strict,False,Q_repair
230,True,False,False,False,semantics,strict,False,Q_repair
232,True,False,False,False,semantics,strict,False,Q_repair
233,True,False,False,False,semantics,strict,False,Q_repair
246,True,False,False,False,semantics,strict,False,Q_repair
250,True,False,False,False,semantics,strict,False,Q_repair
256,True,False,False,False,semantics,strict,False,Q_repair
258,True,False,False,False,semantics,strict,False,Q_repair
260,True,False,False,False,semantics,strict,False,Q_repair
263,True,False,False,False,semantics,strict,False,Q_repair
275,True,False,False,False,semantics,strict,False,Q_repair
282,True,True,True,True,none,strict,False,Q_repair
287,True,False,False,False,semantics,strict,False,Q_repair
289,True,False,False,False,semantics,strict,False,Q_repair
299,True,False,False,False,semantics,strict,False,Q_repair
303,True,False,False,False,semantics,strict,False,Q_repair
305,True,True,True,True,none,strict,False,Q_repair
306,True,False,False,False,semantics,strict,False,Q_repair
307,True,False,False,False,semantics,strict,False,Q_repair
319,True,False,False,False,semantics,strict,False,Q_repair
327,True,False,False,False,semantics,strict,False,Q_repair
330,True,False,False,False,semantics,strict,False,Q_repair
334,True,False,False,False,semantics,strict,False,Q_repair
337,True,False,False,False,semantics,strict,False,Q_repair
344,True,False,False,False,semantics,strict,False,Q_repair
355,True,False,False,False,semantics,strict,False,Q_repair
358,True,False,False,False,semantics,strict,False,Q_repair
360,True,False,False,False,semantics,strict,False,Q_repair
361,True,False,False,False,semantics,strict,False,Q_repair
363,True,False,False,False,semantics,strict,False,Q_repair
3,True,False,False,True,none,relaxed,True,R1_protective_caretaking
14,True,False,False,True,none,relaxed,True,R1_protective_caretaking
23,True,False,False,True,none,relaxed,True,R1_protective_caretaking
26,True,False,False,True,none,relaxed,True,R1_protective_caretaking
29,True,False,False,True,none,relaxed,True,R1_protective_caretaking
31,True,False,False,True,none,relaxed,True,R1_protective_caretaking
34,True,False,False,True,none,relaxed,True,R1_protective_caretaking
35,True,False,False,True,none,relaxed,True,R1_protective_caretaking
43,True,False,False,True,none,relaxed,True,R1_protective_caretaking
48,True,False,False,True,none,relaxed,True,R1_protective_caretaking
53,True,False,False,True,none,relaxed,True,R1_protective_caretaking
70,True,True,True,True,none,relaxed,True,R1_protective_caretaking
71,True,False,False,True,none,relaxed,True,R1_protective_caretaking
85,True,False,False,True,none,relaxed,True,R1_protective_caretaking
96,True,False,False,True,none,relaxed,True,R1_protective_caretaking
100,True,False,False,True,none,relaxed,True,R1_protective_caretaking
105,True,False,False,True,none,relaxed,True,R1_protective_caretaking
106,True,False,False,True,none,relaxed,True,R1_protective_caretaking
108,True,False,False,True,none,relaxed,True,R1_protective_caretaking
110,True,False,False,True,none,relaxed,True,R1_protective_caretaking
115,True,False,False,False,semantics,relaxed,True,R1_protective_caretaking
116,True,False,False,True,none,relaxed,True,R1_protective_caretaking
119,True,False,False,True,none,relaxed,True,R1_protective_caretaking
120,True,False,False,True,none,relaxed,True,R1_protective_caretaking
121,True,False,False,True,none,relaxed,True,R1_protective_caretaking
128,True,False,False,True,none,relaxed,True,R1_protective_caretaking
136,True,False,False,True,none,relaxed,True,R1_protective_caretaking
140,True,False,False,True,none,relaxed,True,R1_protective_caretaking
141,True,False,False,True,none,relaxed,True,R1_protective_caretaking
142,True,False,False,True,none,relaxed,True,R1_protective_caretaking
143,True,False,False,True,none,relaxed,True,R1_protective_caretaking
144,True,False,False,True,none,relaxed,True,R1_protective_caretaking
152,True,False,False,False,semantics,relaxed,True,R1_protective_caretaking
155,True,False,False,True,none,relaxed,True,R1_protective_caretaking
156,True,False,False,True,none,relaxed,True,R1_protective_caretaking
157,True,False,False,False,semantics,relaxed,True,R1_protective_caretaking
159,True,False,False,True,none,relaxed,True,R1_protective_caretaking
161,True,False,False,True,none,relaxed,True,R1_protective_caretaking
170,True,False,False,True,none,relaxed,True,R1_protective_caretaking
175,True,False,False,True,none,relaxed,True,R1_protective_caretaking
178,True,False,False,True,none,relaxed,True,R1_protective_caretaking
180,True,False,False,True,none,relaxed,True,R1_protective_caretaking
182,True,False,False,True,none,relaxed,True,R1_protective_caretaking
183,True,False,False,True,none,relaxed,True,R1_protective_caretaking
185,True,False,False,True,none,relaxed,True,R1_protective_caretaking
189,True,False,False,True,none,relaxed,True,R1_protective_caretaking
190,True,False,False,True,none,relaxed,True,R1_protective_caretaking
192,True,False,False,True,none,relaxed,True,R1_protective_caretaking
198,True,False,False,False,semantics,relaxed,True,R1_protective_caretaking
204,True,False,False,True,none,relaxed,True,R1_protective_caretaking
210,True,False,False,True,none,relaxed,True,R1_protective_caretaking
220,True,False,False,True,none,relaxed,True,R1_protective_caretaking
226,True,False,False,True,none,relaxed,True,R1_protective_caretaking
228,True,False,False,True,none,relaxed,True,R1_protective_caretaking
230,True,False,False,False,semantics,relaxed,True,R1_protective_caretaking
232,True,False,False,True,none,relaxed,True,R1_protective_caretaking
233,True,False,False,True,none,relaxed,True,R1_protective_caretaking
246,True,False,False,False,semantics,relaxed,True,R1_protective_caretaking
250,True,True,True,True,none,relaxed,True,R1_protective_caretaking
256,True,False,False,True,none,relaxed,True,R1_protective_caretaking
258,True,False,False,True,none,relaxed,True,R1_protective_caretaking
260,True,False,False,True,none,relaxed,True,R1_protective_caretaking
263,True,False,False,True,none,relaxed,True,R1_protective_caretaking
275,True,False,False,True,none,relaxed,True,R1_protective_caretaking
282,True,False,False,True,none,relaxed,True,R1_protective_caretaking
287,True,False,False,True,none,relaxed,True,R1_protective_caretaking
289,True,False,False,True,none,relaxed,True,R1_protective_caretaking
299,True,False,False,True,none,relaxed,True,R1_protective_caretaking
303,True,False,False,True,none,relaxed,True,R1_protective_caretaking
305,True,False,False,True,none,relaxed,True,R1_protective_caretaking
306,True,False,False,True,none,relaxed,True,R1_protective_caretaking
307,True,False,False,True,none,relaxed,True,R1_protective_caretaking
319,True,False,False,True,none,relaxed,True,R1_protective_caretaking
327,True,False,False,False,semantics,relaxed,True,R1_protective_caretaking
330,True,False,False,True,none,relaxed,True,R1_protective_caretaking
334,True,False,False,True,none,relaxed,True,R1_protective_caretaking
337,True,False,False,True,none,relaxed,True,R1_protective_caretaking
344,True,False,False,False,semantics,relaxed,True,R1_protective_caretaking
355,True,False,False,True,none,relaxed,True,R1_protective_caretaking
358,True,False,False,True,none,relaxed,True,R1_protective_caretaking
360,True,False,False,True,none,relaxed,True,R1_protective_caretaking
361,True,False,False,True,none,relaxed,True,R1_protective_caretaking
363,True,False,False,True,none,relaxed,True,R1_protective_caretaking
22,True,True,True,True,none,strict,False,R2_alpha_guarding
28,True,False,False,False,semantics,strict,False,R2_alpha_guarding
32,True,False,False,False,semantics,strict,False,R2_alpha_guarding
37,True,False,False,False,semantics,strict,False,R2_alpha_guarding
50,True,False,False,False,semantics,strict,False,R2_alpha_guarding
59,True,False,False,False,semantics,strict,False,R2_alpha_guarding
65,True,False,False,False,semantics,strict,False,R2_alpha_guarding
68,True,False,False,False,semantics,strict,False,R2_alpha_guarding
73,True,False,False,False,semantics,strict,False,R2_alpha_guarding
74,True,False,False,False,semantics,strict,False,R2_alpha_guarding
77,True,False,False,False,semantics,strict,False,R2_alpha_guarding
87,True,False,False,False,semantics,strict,False,R2_alpha_guarding
89,True,False,False,False,semantics,strict,False,R2_alpha_guarding
107,True,False,False,False,semantics,strict,False,R2_alpha_guarding
117,True,False,False,False,semantics,strict,False,R2_alpha_guarding
126,True,False,False,False,semantics,strict,False,R2_alpha_guarding
131,True,False,False,False,semantics,strict,False,R2_alpha_guarding
139,True,False,False,False,semantics,strict,False,R2_alpha_guarding
149,True,False,False,False,semantics,strict,False,R2_alpha_guarding
150,True,False,False,False,semantics,strict,False,R2_alpha_guarding
153,True,False,False,False,semantics,strict,False,R2_alpha_guarding
166,True,False,False,False,semantics,strict,False,R2_alpha_guarding
169,True,True,True,True,none,strict,False,R2_alpha_guarding
177,True,False,False,False,semantics,strict,False,R2_alpha_guarding
179,True,False,False,False,semantics,strict,False,R2_alpha_guarding
181,True,False,False,False,semantics,strict,False,R2_alpha_guarding
201,True,True,True,True,none,strict,False,R2_alpha_guarding
202,True,False,False,False,semantics,strict,False,R2_alpha_guarding
203,True,False,False,False,semantics,strict,False,R2_alpha_guarding
214,True,False,False,False,semantics,strict,False,R2_alpha_guarding
215,True,False,False,False,semantics,strict,False,R2_alpha_guarding
217,True,False,False,False,semantics,strict,False,R2_alpha_guarding
222,True,False,False,False,semantics,strict,False,R2_alpha_guarding
236,True,False,False,False,semantics,strict,False,R2_alpha_guarding
237,True,False,False,False,semantics,strict,False,R2_alpha_guarding
238,True,False,False,False,semantics,strict,False,R2_alpha_guarding
248,True,False,False,False,semantics,strict,False,R2_alpha_guarding
252,True,False,False,False,semantics,strict,False,R2_alpha_guarding
253,True,False,False,False,semantics,strict,False,R2_alpha_guarding
261,True,False,False,False,semantics,strict,False,R2_alpha_guarding
262,True,False,False,False,semantics,strict,False,R2_alpha_guarding
267,True,False,False,False,semantics,strict,False,R2_alpha_guarding
268,True,True,False,False,quality,strict,False,R2_alpha_guarding
269,True,False,False,False,semantics,strict,False,R2_alpha_guarding
272,True,False,False,False,semantics,strict,False,R2_alpha_guarding
273,True,False,False,False,semantics,strict,False,R2_alpha_guarding
276,True,False,False,False,semantics,strict,False,R2_alpha_guarding
293,True,False,False,False,semantics,strict,False,R2_alpha_guarding
294,True,False,False,False,semantics,strict,False,R2_alpha_guarding
295,True,False,False,False,semantics,strict,False,R2_alpha_guarding
297,True,False,False,False,semantics,strict,False,R2_alpha_guarding
300,True,False,False,False,semantics,strict,False,R2_alpha_guarding
315,True,False,False,False,semantics,strict,False,R2_alpha_guarding
322,True,True,True,True,none,strict,False,R2_alpha_guarding
324,True,False,False,False,semantics,strict,False,R2_alpha_guarding
331,True,False,False,False,semantics,strict,False,R2_alpha_guarding
333,True,False,False,False,semantics,strict,False,R2_alpha_guarding
335,True,False,False,False,semantics,strict,False,R2_alpha_guarding
340,True,True,False,False,quality,strict,False,R2_alpha_guarding
341,True,False,False,False,semantics,strict,False,R2_alpha_guarding
342,True,True,True,True,none,strict,False,R2_alpha_guarding
345,True,True,True,True,none,strict,False,R2_alpha_guarding
354,True,False,False,False,semantics,strict,False,R2_alpha_guarding
366,True,True,False,False,quality,strict,False,R2_alpha_guarding
22,True,True,True,True,none,strict,False,R_jealousy_possessiveness
28,True,False,False,False,semantics,strict,False,R_jealousy_possessiveness
32,True,False,False,False,semantics,strict,False,R_jealousy_possessiveness
37,True,False,False,False,semantics,strict,False,R_jealousy_possessiveness
50,True,False,False,False,semantics,strict,False,R_jealousy_possessiveness
59,True,False,False,False,semantics,strict,False,R_jealousy_possessiveness
65,True,False,False,False,semantics,strict,False,R_jealousy_possessiveness
68,True,False,False,False,semantics,strict,False,R_jealousy_possessiveness
73,True,False,False,False,semantics,strict,False,R_jealousy_possessiveness
74,True,False,False,False,semantics,strict,False,R_jealousy_possessiveness
77,True,False,False,False,semantics,strict,False,R_jealousy_possessiveness
87,True,False,False,False,semantics,strict,False,R_jealousy_possessiveness
89,True,False,False,False,semantics,strict,False,R_jealousy_possessiveness
107,True,False,False,False,semantics,strict,False,R_jealousy_possessiveness
117,True,False,False,False,semantics,strict,False,R_jealousy_possessiveness
126,True,False,False,False,semantics,strict,False,R_jealousy_possessiveness
131,True,False,False,False,semantics,strict,False,R_jealousy_possessiveness
139,True,False,False,False,semantics,strict,False,R_jealousy_possessiveness
149,True,False,False,False,semantics,strict,False,R_jealousy_possessiveness
150,True,False,False,False,semantics,strict,False,R_jealousy_possessiveness
153,True,False,False,False,semantics,strict,False,R_jealousy_possessiveness
166,True,False,False,False,semantics,strict,False,R_jealousy_possessiveness
169,True,False,False,False,semantics,strict,False,R_jealousy_possessiveness
177,True,False,False,False,semantics,strict,False,R_jealousy_possessiveness
179,True,False,False,False,semantics,strict,False,R_jealousy_possessiveness
181,True,False,False,False,semantics,strict,False,R_jealousy_possessiveness
201,True,True,True,True,none,strict,False,R_jealousy_possessiveness
202,True,False,False,False,semantics,strict,False,R_jealousy_possessiveness
203,True,False,False,False,semantics,strict,False,R_jealousy_possessiveness
214,True,False,False,False,semantics,strict,False,R_jealousy_possessiveness
215,True,False,False,False,semantics,strict,False,R_jealousy_possessiveness
217,True,False,False,False,semantics,strict,False,R_jealousy_possessiveness
222,True,False,False,False,semantics,strict,False,R_jealousy_possessiveness
236,True,False,False,False,semantics,strict,False,R_jealousy_possessiveness
237,True,False,False,False,semantics,strict,False,R_jealousy_possessiveness
238,True,False,False,False,semantics,strict,False,R_jealousy_possessiveness
248,True,False,False,False,semantics,strict,False,R_jealousy_possessiveness
252,True,False,False,False,semantics,strict,False,R_jealousy_possessiveness
253,True,False,False,False,semantics,strict,False,R_jealousy_possessiveness
261,True,False,False,False,semantics,strict,False,R_jealousy_possessiveness
262,True,False,False,False,semantics,strict,False,R_jealousy_possessiveness
267,True,False,False,False,semantics,strict,False,R_jealousy_possessiveness
268,True,True,False,False,quality,strict,False,R_jealousy_possessiveness
269,True,False,False,False,semantics,strict,False,R_jealousy_possessiveness
272,True,False,False,False,semantics,strict,False,R_jealousy_possessiveness
273,True,False,False,False,semantics,strict,False,R_jealousy_possessiveness
276,True,False,False,False,semantics,strict,False,R_jealousy_possessiveness
293,True,False,False,False,semantics,strict,False,R_jealousy_possessiveness
294,True,False,False,False,semantics,strict,False,R_jealousy_possessiveness
295,True,False,False,False,semantics,strict,False,R_jealousy_possessiveness
297,True,False,False,False,semantics,strict,False,R_jealousy_possessiveness
300,True,False,False,False,semantics,strict,False,R_jealousy_possessiveness
315,True,False,False,False,semantics,strict,False,R_jealousy_possessiveness
322,True,True,True,True,none,strict,False,R_jealousy_possessiveness
324,True,False,False,False,semantics,strict,False,R_jealousy_possessiveness
331,True,False,False,False,semantics,strict,False,R_jealousy_possessiveness
333,True,False,False,False,semantics,strict,False,R_jealousy_possessiveness
335,True,False,False,False,semantics,strict,False,R_jealousy_possessiveness
340,True,False,False,False,semantics,strict,False,R_jealousy_possessiveness
341,True,False,False,False,semantics,strict,False,R_jealousy_possessiveness
342,True,False,False,False,semantics,strict,False,R_jealousy_possessiveness
345,True,True,True,True,none,strict,False,R_jealousy_possessiveness
354,True,False,False,False,semantics,strict,False,R_jealousy_possessiveness
366,True,True,False,False,quality,strict,False,R_jealousy_possessiveness
10,True,True,True,True,none,strict,False,S_scene_anchors
11,True,True,True,True,none,strict,False,S_scene_anchors
24,True,True,True,True,none,strict,False,S_scene_anchors
27,True,True,True,True,none,strict,False,S_scene_anchors
30,True,True,True,True,none,strict,False,S_scene_anchors
54,True,True,True,True,none,strict,False,S_scene_anchors
57,True,True,True,True,none,strict,False,S_scene_anchors
72,True,True,True,True,none,strict,False,S_scene_anchors
83,True,True,True,True,none,strict,False,S_scene_anchors
92,True,True,True,True,none,strict,False,S_scene_anchors
112,True,True,True,True,none,strict,False,S_scene_anchors
135,True,True,True,True,none,strict,False,S_scene_anchors
146,True,True,True,True,none,strict,False,S_scene_anchors
148,True,True,True,True,none,strict,False,S_scene_anchors
218,True,True,True,True,none,strict,False,S_scene_anchors
221,True,True,True,True,none,strict,False,S_scene_anchors
247,True,True,False,False,quality,strict,False,S_scene_anchors
251,True,True,True,True,none,strict,False,S_scene_anchors
265,True,True,True,True,none,strict,False,S_scene_anchors
274,True,True,True,True,none,strict,False,S_scene_anchors
281,True,True,True,True,none,strict,False,S_scene_anchors
284,True,True,True,True,none,strict,False,S_scene_anchors
292,True,True,True,True,none,strict,False,S_scene_anchors
323,True,True,True,True,none,strict,False,S_scene_anchors
357,True,True,False,False,quality,strict,False,S_scene_anchors
365,True,True,True,True,none,strict,False,S_scene_anchors
