book_id,entropy,effective_topics,hhi,richness_1e3,thematic_mass,rating_tier,other_share,paratext_share,noise_share,unmapped_share,modeled_mass
104659050,5.427147601976126,227.49940021640555,0.006398233486702523,250,0.999097413250542,mid,0.0004468529949471778,0.0009025867494580424,0.00039300842641396775,5.384456853320697e-05,0.999097413250542
11266880,5.445781999018855,231.778459389561,0.0063103925625953294,265,0.9985243873432861,mid,0.001215081706438026,0.0014756126567139196,0.0009711682007358878,0.00024391350570222845,0.9985243873432861
123257687,5.48947050264066,242.1289662611665,0.005741992294534622,265,0.9984404529926277,bad,0.000817685656530287,0.0015595470073722802,0.0005933961870260821,0.00022428946950422277,0.9984404529926277
123446478,5.492600614119899,242.88804429759307,0.005628293670692543,258,0.998647134318297,mid,0.0007116415342263149,0.0013528656817031804,0.0006604475100356963,5.119402419058305e-05,0.998647134318297
127305713,5.485416166376318,241.14928134063229,0.0059554705837584505,268,0.9981942446783573,good,0.0011933875651233272,0.0018057553216428005,0.0007904011514933274,0.0004029864136301078,0.9981942446783573
149105520,5.501060852382901,244.95165202144364,0.005510101170659539,264,0.9982315224333287,bad,0.002077900419664158,0.001768477566671331,0.0014003579841769043,0.0006775424354872261,0.9982315224333287
15197,5.474483487642528,238.5272328440775,0.005686111317721959,251,0.9966487388764189,good,0.002830864075509587,0.0033512611235811084,0.002784586253957696,4.6277821551960885e-05,0.9966487388764189
161913,5.261199678464768,192.71254576504438,0.010879571509915833,249,0.9986196466490667,bad,0.0005511731190438462,0.0013803533509331922,0.0004888725354902205,6.23005835536248e-05,0.9986196466490667
17561022,5.150093264199934,172.44757275178816,0.015113462019937568,236,0.9986326150717222,bad,0.0014728139717014033,0.0013673849282778163,0.0010240894660769606,0.0004487245056245117,0.9986326150717222
1756703,5.43374855446088,229.00608023833828,0.007053033423972607,265,0.9985075516828253,good,0.00872527361801878,0.0014924483171745596,0.0004733957526091096,0.008251877865409736,0.9985075516828253
18692741,5.080093398981926,160.7890727630188,0.015676874849568645,221,0.9987460443224053,mid,0.0006235660003660604,0.0012539556775947641,0.0005535149296347076,7.005107073124775e-05,0.9987460443224053
201413413,5.045256675266981,155.28415168465915,0.016864938121598567,224,0.9990852127590826,bad,0.0004445461050218702,0.0009147872409173945,0.00037312042951055603,7.142567551129871e-05,0.9990852127590826
20346544,4.930387707708552,138.4331735453598,0.020636382139867467,231,0.9975257474084979,mid,0.0009479572003235903,0.0024742525915021282,0.000866161011692721,8.179618863083434e-05,0.9975257474084979
208153130,5.50829339213102,246.72969671980184,0.005703564423437073,268,0.9984243442192576,good,0.0010326844242237732,0.0015756557807423545,0.0006454457184641736,0.0003872387057595508,0.9984243442192576
21787,5.0813953730616195,160.99855230693097,0.017004855401829867,232,0.9978244726287916,good,0.0019361466676850458,0.002175527371208294,0.0018865568284903993,4.9589839194567247e-05,0.9978244726287916
22609391,5.424088684712609,226.80456164229753,0.006618358835378561,254,0.9988282389513924,good,0.00109348853819069,0.0011717610486075567,0.0008336174294278486,0.0002598711087628249,0.9988282389513924
22707536,5.417767955911935,225.37551259088065,0.007013464747834762,248,0.9981284891012244,bad,0.010101563482261433,0.0018715108987753782,0.0007711899901462695,0.009330373492115117,0.9981284891012244
23518136,5.163658512793765,174.8028054877566,0.013216399266399767,240,0.9975348217944467,bad,0.001022718534610556,0.0024651782055534,0.0009815808931498754,4.113764146057981e-05,0.9975348217944467
27394781,5.171788834481216,176.22980163649385,0.013160403596959358,240,0.9992854459351744,bad,0.0004368415154628602,0.0007145540648255148,0.0003816055499442649,5.5235965518640214e-05,0.9992854459351744
28675670,5.556960875083777,259.03440095092077,0.004915387983345223,282,0.9981573186710125,good,0.0009562463317022152,0.001842681328987451,0.0008943258242670109,6.192050743521572e-05,0.9981573186710125
28869598,5.396828802880293,220.70540492478685,0.007956918451765263,261,0.9985120407659483,mid,0.0029275593583634185,0.0014879592340514632,0.0005027969767929457,0.0024247623815704155,0.9985120407659483
28963772,5.417258984537584,225.26083209351313,0.009113192080886385,270,0.997953078967959,bad,0.0014413669282281605,0.002046921032040948,0.0013390229189039096,0.00010234400932432162,0.997953078967959
29424551,5.540281662543402,254.7497428148644,0.005100290330063438,269,0.9984276730257179,good,0.001253153319667577,0.0015723269742820233,0.0010179587353574705,0.0002351945843100811,0.9984276730257179
29939161,5.463454269588613,235.9109184536471,0.005801744409075576,255,0.9988737409317534,mid,0.0008513273280456035,0.0011262590682464962,0.00045529661171703743,0.00039603071632856674,0.9988737409317534
30291077,5.154104380894699,173.14066920593163,0.01302313615507892,222,0.9976736506107412,mid,0.0014652202381321144,0.0023263493892587716,0.0014109700589451646,5.4250179187050835e-05,0.9976736506107412
30618705,5.196313845336475,180.60527438327537,0.011380074917283708,233,0.9982183344021627,bad,0.0007038053035900438,0.0017816655978372374,0.0006577060790230386,4.609922456696857e-05,0.9982183344021627
30627346,5.3122831385868565,202.81274980196707,0.010122864851944698,264,0.998597586375066,mid,0.0016595463666397858,0.0014024136249340602,0.00046191622325824684,0.0011976301433815504,0.998597586375066
306364,5.4715890404209375,237.83782656405444,0.006386768088549233,271,0.9986979892574271,mid,0.000669930718619316,0.0013020107425728497,0.0006120341753021055,5.789654331727758e-05,0.9986979892574271
31276376,5.523873652684357,250.6039119522639,0.005394941397341207,270,0.9979501102998135,good,0.0012554586953344993,0.0020498897001865754,0.0011945706376863846,6.088805764816268e-05,0.9979501102998135
31424202,5.470194545893479,237.50639416053374,0.005730305504335224,258,0.9973698881892795,bad,0.0022053023032646557,0.0026301118107206365,0.001967682312771715,0.00023761999049281017,0.9973698881892795
31625455,5.466368604340369,236.59944465220488,0.006133134886359956,263,0.9987512307554903,bad,0.0012225368616549659,0.0012487692445097582,0.0006727159968339154,0.0005498208648211232,0.9987512307554903
32195234,5.363235453483549,213.4143227396594,0.007253142158953315,244,0.9986664402260763,mid,0.0006299552461579427,0.0013335597739235685,0.0005846350854370267,4.5320160720835586e-05,0.9986664402260763
33743772,5.469801061882283,237.4129575759813,0.005962080344097391,263,0.9975154036071702,bad,0.0017232730150444908,0.002484596392829843,0.0016623983748560065,6.0874640188435616e-05,0.9975154036071702
34272677,5.230755665901594,186.93400981812417,0.010249207961666142,227,0.9986214518983145,bad,0.0004458478032093316,0.0013785481016855938,0.0003829570913579332,6.289071185151459e-05,0.9986214518983145
34322023,5.42911358080927,227.94709916090926,0.006761385069936846,258,0.998088498891166,mid,0.0011009164966344631,0.0019115011088338286,0.0010406337640878438,6.028273254660968e-05,0.998088498891166
34438741,5.494595278593017,243.37300795959914,0.005848997300331066,261,0.998589603410656,good,0.0005893115748220046,0.001410396589344042,0.0005222643485769702,6.704722624511163e-05,0.998589603410656
34812836,5.504879534726807,245.88883282917348,0.005745002859971605,270,0.9982242947937966,good,0.0016681599470548258,0.001775705206203443,0.0011503511220385884,0.0005178088250162509,0.9982242947937966
35008850,5.442859726194899,231.10212818995493,0.006822860427722791,258,0.997814115032149,mid,0.0020935014140083252,0.002185884967851109,0.0018223738389446889,0.0002711275750636594,0.997814115032149
35053870,5.4760265526704615,238.89557999400373,0.006395773925723031,272,0.9986489975832743,mid,0.0007063293314559793,0.0013510024167257021,0.0006362916930668682,7.003763838904171e-05,0.9986489975832743
35109856,5.463696780363788,235.96813633104904,0.0060822242316122795,258,0.9986188495895317,mid,0.0008914812950400197,0.0013811504104682044,0.0008379720357955493,5.350925924454394e-05,0.9986188495895317
36429604,5.005062728730023,149.16643988625304,0.01815132351142601,226,0.9987223516749245,bad,0.0004887544797689269,0.00127764832507537,0.0004118193709482875,7.69351088206605e-05,0.9987223516749245
36437212,5.399461041374306,221.287119457283,0.006456746003942254,236,0.9962914045422321,bad,0.000438115127732841,0.0037085954577679037,0.00038777912044010563,5.033600729281295e-05,0.9962914045422321
36512901,4.836198221030267,125.98945601512517,0.028794052828444154,209,0.9993829473096497,mid,0.000931377192918359,0.0006170526903502636,0.0003271971366064258,0.0006041800563119954,0.9993829473096497
36564103,5.532613690258987,252.8037991034792,0.005224773766611457,272,0.997788117913188,good,0.0023176334309262803,0.0022118820868121166,0.0013702599196246438,0.0009473735113015512,0.997788117913188
36600859,5.106868493236282,165.15236849910835,0.018439137700115734,238,0.9975338243333076,mid,0.0022106420887307854,0.0024661756666923638,0.0021530375730714336,5.760451565931392e-05,0.9975338243333076
36662463,5.229017842635923,186.6094336564055,0.011658344160125402,235,0.9964791488978003,bad,0.0020422325078992554,0.0035208511021996075,0.0019996568010547814,4.257570684439709e-05,0.9964791488978003
40131614,5.5003155430270025,244.7691552801615,0.00541478649697375,268,0.9988147239096572,mid,0.0005136181809382023,0.001185276090342727,0.00045083395492988754,6.278422600832058e-05,0.9988147239096572
4066312,5.443252103727729,231.1928252654295,0.006900267389606863,269,0.9990554891819085,good,0.009946261441056148,0.000944510818091529,0.0005091159436919591,0.009437145497364168,0.9990554891819085
40727118,5.499328738965949,244.52773522044896,0.005592400234828437,265,0.9984489756665182,good,0.0009556739900230538,0.0015510243334817355,0.0008931609476053017,6.251304241768888e-05,0.9984489756665182
42427664,5.521554146256631,250.02330818507156,0.005200566988780785,262,0.9981707041186347,bad,0.0013922658924465647,0.0018292958813653204,0.0009667144714094396,0.0004255514210371946,0.9981707041186347
43728457,5.1271354209032225,168.53364794131994,0.014581182845874667,246,0.9978852604994194,bad,0.001604278373208201,0.0021147395005806004,0.0015335314771367584,7.074689607151361e-05,0.9978852604994194
44099084,5.495064094377598,243.48713181671408,0.005598411508513984,261,0.9981252646621737,mid,0.0012688606478880038,0.001874735337826282,0.0012113915090156606,5.7469138872357415e-05,0.9981252646621737
44168447,5.179931737839718,177.67068239480795,0.012733517409725156,243,0.998118279212223,bad,0.0008496331243285082,0.0018817207877771859,0.0007917349616197726,5.789816270859838e-05,0.998118279212223
45156972,5.520669404837465,249.80220003475566,0.005622624961347893,274,0.9978764321415974,mid,0.0011183840926555222,0.0021235678584027454,0.0009352372654397766,0.00018314682721581088,0.9978764321415974
45857023,5.166164926912314,175.24148323178687,0.012327598814715183,230,0.9977639050902578,good,0.0018119394047885207,0.002236094909742305,0.0015485645389763346,0.0002633748658120965,0.9977639050902578
46142566,5.136850255994181,170.17890329090784,0.01470047938288176,236,0.998860093522156,bad,0.0006295534038176509,0.0011399064778439996,0.0005772812995800265,5.227210423765614e-05,0.998860093522156
48572514,5.521077971802378,249.90428181365382,0.005834747803209586,278,0.9980876021777011,good,0.0009889369022273442,0.0019123978222990315,0.0009128481700070696,7.608873222017366e-05,0.9980876021777011
49571946,5.47335292023432,238.25771411190897,0.00569194116837193,255,0.9992106976487876,good,0.0011100919796678266,0.0007893023512124352,0.000425584789018233,0.0006845071906495603,0.9992106976487876
51208558,5.224842060026614,185.83181793566231,0.010708267832840125,243,0.9982294137649855,bad,0.0005863772457295191,0.0017705862350144408,0.0005410090342561108,4.536821147342363e-05,0.9982294137649855
51778361,5.471142455536681,237.73163549923353,0.005665920885890166,251,0.9982688223027443,mid,0.0012602492633202456,0.0017311776972557273,0.001214685542822486,4.5563720497766054e-05,0.9982688223027443
53490997,5.135050798642061,169.87294897063856,0.01513398834154725,247,0.9992608883664174,mid,0.00046625545111622646,0.0007391116335825408,0.0003940077002861867,7.224775082993538e-05,0.9992608883664174
53491020,5.114664129143298,166.44486761372954,0.014616028529261664,234,0.9988480756630738,good,0.0005201253193769517,0.0011519243369263088,0.00042487548656953885,9.524983280748082e-05,0.9988480756630738
53491063,5.197037093064092,180.73594398511918,0.011195080994011158,214,0.9992969654308046,good,0.00044869714362572033,0.0007030345691954212,0.0003933781277840226,5.531901584179302e-05,0.9992969654308046
54474410,5.519114098613701,249.41398309470065,0.00557736295290665,265,0.9983785438725592,bad,0.0015316372243123766,0.0016214561274407952,0.0009351807947836261,0.0005964564295287787,0.9983785438725592
55538972,5.536690092565479,253.83643237762138,0.005143603182283001,269,0.997869530332543,mid,0.0018138661728761551,0.002130469667456992,0.0017635341939618878,5.033197891423045e-05,0.997869530332543
55583305,5.524155077826392,250.6744481186393,0.005254412372004717,274,0.9951107576219947,bad,0.004087267166886455,0.004889242378005162,0.00402728724388153,5.997992300501061e-05,0.9951107576219947
55590890,5.501709347846887,245.1105535745749,0.0055925658672449086,262,0.99846942607849,bad,0.000678638275129706,0.0015305739215100548,0.0006295058229852251,4.913245214452187e-05,0.99846942607849
55738401,5.356608644895314,212.0047425403855,0.008821409840381196,247,0.9983674568917627,mid,0.0011468374093234202,0.0016325431082373242,0.0011061547022851125,4.06827070383344e-05,0.9983674568917627
55817097,5.548682630064513,256.8989019985611,0.005032837044556569,269,0.9975839387803475,bad,0.0042708857842138626,0.0024160612196524444,0.0017875421775676661,0.0024833436066461967,0.9975839387803475
55849103,5.526937063420264,251.37279176263652,0.005177708834565911,267,0.9986858855624244,mid,0.0005148967913906066,0.0013141144375756557,0.0004490554722835792,6.584131910711979e-05,0.9986858855624244
56916467,5.451102934720257,233.01502459340807,0.006525459313870897,260,0.9986203753568315,good,0.000799587507559929,0.0013796246431685964,0.0007356822388721501,6.39052686878542e-05,0.9986203753568315
57200226,5.545280089530427,256.0262784816762,0.005425530763251211,285,0.9987345305532916,good,0.0008918390697091327,0.0012654694467083632,0.0005984039223709761,0.00029343514733817984,0.9987345305532916
57216633,5.501937068424612,245.1663766472312,0.005869459636443669,265,0.9978837638740714,good,0.0013588086848180803,0.0021162361259286213,0.00130492925051409,5.3879434304003605e-05,0.9978837638740714
58013278,5.34448983604661,209.4510029858909,0.006770637545412111,220,0.9993332144749449,bad,0.00041809603510911675,0.0006667855250549849,0.0003631925508580413,5.490348425106038e-05,0.9993332144749449
58995736,5.485581223175874,241.1890879543114,0.006182638361876646,265,0.9984494173616346,mid,0.000746551507752713,0.001550582638365511,0.000658629471259824,8.792203649281565e-05,0.9984494173616346
60217302,5.489481769565977,242.13169432551493,0.006166704376362358,273,0.9984969130998145,good,0.0010581977811755516,0.0015030869001856559,0.0008638801670845413,0.00019431761409088245,0.9984969130998145
60416566,5.396940419383731,220.73004066522645,0.006839479968430226,250,0.9798831606173186,good,0.0008047122035615972,0.020116839382681488,0.0007539317160241179,5.078048753762392e-05,0.9798831606173186
60576722,5.504572929609527,245.81345361116357,0.0055301811684377745,267,0.9989028509389278,good,0.0007837077029883011,0.0010971490610722108,0.00047026434389212194,0.00031344335909619923,0.9989028509389278
60686882,5.442472409767412,231.01263587132112,0.007919275746252903,267,0.9964867687102981,good,0.0007949766763561961,0.0035132312897018405,0.0007365267727906399,5.844990356560248e-05,0.9964867687102981
60797616,5.409908194166022,223.61105793852457,0.007279820973877561,254,0.9967429921462027,mid,0.001602646323189294,0.003257007853797431,0.0015407795300678966,6.18667931214181e-05,0.9967429921462027
60809640,5.516517760167844,248.76725990089864,0.005677059848456161,270,0.9984436922057774,mid,0.0009415494480167208,0.001556307794222544,0.0007168550084496555,0.00022469443956708797,0.9984436922057774
61229235,5.368496253661641,214.54001126171082,0.00918745485266627,262,0.9983120092128912,mid,0.0008716466883629259,0.0016879907871087568,0.0006125809372308361,0.00025906575113211695,0.9983120092128912
61273778,5.411706270675208,224.01348942187215,0.008772184193300302,265,0.9986078649231831,mid,0.000808122949761958,0.0013921350768169877,0.0007284757917542493,7.964715800756281e-05,0.9986078649231831
62316382,5.266877647519481,193.80987398610162,0.009902104425930952,250,0.998707072395247,bad,0.0004896951102490998,0.0012929276047529458,0.00042748561667299914,6.22094935761138e-05,0.998707072395247
62322599,5.439566011490669,230.34219589925073,0.0064328669179884255,249,0.9976267356884739,mid,0.001606552204975853,0.0023732643115260714,0.0015455839893822652,6.096821559350254e-05,0.9976267356884739
62626163,5.482091498004728,240.3488712384751,0.006170441883647421,265,0.9989568903836908,good,0.0006857689138296541,0.0010431096163092506,0.00048218313423116813,0.0002035857795985302,0.9989568903836908
63046139,5.4344610057252165,229.169294043782,0.006415400834902707,255,0.9930222051643252,good,0.004352351028156232,0.006977794835674853,0.004275852609764015,7.649841839228388e-05,0.9930222051643252
63095160,5.312787271187463,202.91502009768993,0.009017373910925362,251,0.9988531279475689,mid,0.0006967401777941973,0.0011468720524312102,0.000629318218062976,6.742195973121632e-05,0.9988531279475689
63130875,5.489170667736542,242.05637842851027,0.00569389282923265,268,0.9986446761254546,bad,0.00048081604197891537,0.001355323874545417,0.000428779186539014,5.203685543996947e-05,0.9986446761254546
63830782,5.477258625211547,239.19009807486466,0.006291023222717711,262,0.9987371269147038,good,0.0006553174182972743,0.0012628730852961745,0.0005992244363046131,5.609298199270191e-05,0.9987371269147038
75599070,5.318299016881049,204.03652396873224,0.007299020239455801,225,0.9979444820914757,bad,0.0017815482961590634,0.002055517908524316,0.0017335723015554881,4.797599460361879e-05,0.9979444820914757
8686068,5.332724810007177,207.001245469301,0.008559503797558564,230,0.9993584306435456,good,0.00041171848107413034,0.0006415693564545367,0.0003556707952877368,5.604768578648503e-05,0.9993584306435456
