taxonomy_main_group,taxonomy_main_name,n_books,top_median,top_mean,middle_median,middle_mean,trash_median,trash_mean,kruskal_stat,kruskal_p,epsilon_squared,top_vs_trash_delta,top_vs_trash_p,kruskal_p_adj_family,top_vs_trash_p_adj_family
"Conflict, Risk & Harm",Interpersonal Non-Romantic Conflict,92,0.14991831235576836,0.15506478291875372,0.1335154144992612,0.13814418980999207,0.13172616136394621,0.13113499201258888,4.68506019167836,0.09608422812909723,0.03016921563683551,0.29555555555555557,0.050120239262001376,0.19216845625819445,0.10024047852400275
"Conflict, Risk & Harm","Violence, Threats & Coercion",92,0.8500816876442316,0.8449352170812463,0.8664845855007388,0.861855810190008,0.8682738386360538,0.8688650079874111,4.68506019167836,0.09608422812909723,0.03016921563683551,-0.29555555555555557,0.050120239262001376,0.19216845625819445,0.10024047852400275
Embodied & Sensory Experience,Body Parts & Physical Reactions,92,0.4183749564053071,0.41482469681405987,0.3983570173382801,0.39761375450385406,0.38746217517694603,0.40030546364631386,0.6814370032725492,0.7112590983008523,-0.014815314569971358,0.09111111111111111,0.5493267842679926,1.0,1.0
Embodied & Sensory Experience,Exercise & Physical Activity,92,0.5816250435946929,0.5851753031859401,0.6016429826617198,0.602386245496146,0.612537824823054,0.5996945363536861,0.6814370032725492,0.7112590983008523,-0.014815314569971358,-0.09111111111111111,0.5493267842679926,1.0,1.0
"Emotions, Cognition & Inner Life",Ambivalence & Internal Conflict,92,0.04841145560085505,0.05056300048228869,0.04812950082389314,0.05010896107728123,0.04873657126043519,0.05372752600103465,0.8045698924731255,0.6687901493006809,-0.013431798960976118,0.13111111111111112,0.38709977767912396,0.6687901493006809,0.38709977767912396
"Emotions, Cognition & Inner Life","Beliefs, Values & Moral Reflection",92,0.13292406129694773,0.13426528805530064,0.12411472021799536,0.12244861060838051,0.11940071710567672,0.1161977972134606,10.674509116409524,0.004809055585060452,0.09746639456639915,0.46444444444444444,0.0020523338723804135,0.019236222340241808,0.008209335489521654
"Emotions, Cognition & Inner Life",Negative Emotions & Distress,92,0.5582666853308618,0.5727612245012376,0.5731087588568088,0.5893181788714501,0.5832334816844797,0.6041793109225335,6.2820681393174596,0.04323806360708527,0.04811312516087033,-0.3688888888888889,0.014412183349875863,0.12971419082125582,0.04323655004962759
"Emotions, Cognition & Inner Life",Positive Emotions & Security,92,0.24787243329303565,0.24241048696117307,0.24283696946568983,0.23812424944288813,0.22987982395831996,0.22589536586297138,4.64483403459559,0.09803634347270429,0.029717236343770673,0.31555555555555553,0.036438855913451085,0.19607268694540858,0.07287771182690217
Relationship Trajectory (Main Couple),"Bonding, Everyday Intimacy & Growth",92,0.44030489753078633,0.4411390568551603,0.4489927471732038,0.45596225412828295,0.4389285964200078,0.44124868660366706,2.045991117344556,0.35951637313481755,0.0005167541274669234,-0.022222222222222223,0.8883028421533887,1.0,1.0
Relationship Trajectory (Main Couple),"Conflict, Distance & Breakup Threats",92,0.35939275675397964,0.3551949739721413,0.3476907162055656,0.34299426892123214,0.3553933492222159,0.35479317999168314,3.1303617344553913,0.20905019942373296,0.012700693645566195,-0.03333333333333333,0.8302552839111963,1.0,1.0
Relationship Trajectory (Main Couple),"Meeting, First Impressions & Setup",92,0.000697368208383979,0.001699747599420175,0.0006406134396833886,0.004251139462047991,0.0006051990818686226,0.0006479777093459587,2.9594874941561784,0.2276960286812147,0.010780758361305376,0.24888888888888888,0.09925760823982568,1.0,0.4962880411991284
Relationship Trajectory (Main Couple),"Reconciliation, Commitments & HEA",92,0.026285902810923488,0.032898471279557064,0.0277053894383169,0.03163897021980784,0.023985096317554577,0.029653023608329287,2.215798854604941,0.3302519512143199,0.0024247062315161908,0.1711111111111111,0.25805149508623626,1.0,1.0
Relationship Trajectory (Main Couple),"Secrets, Misunderstandings & Hidden Information",92,0.16381548740265922,0.16906775029372106,0.1599784094992891,0.1651533672686291,0.16991921785185496,0.17365713208697459,2.5118279569892366,0.2848154140635821,0.005750875921227377,-0.12,0.4289633888604326,1.0,1.0
"Sexuality, Attraction & Intimacy",Attraction & Sexual Tension,92,0.1931327874810946,0.20376732632382868,0.18991113421446365,0.19032943935357927,0.1948937637643698,0.19558217910017622,0.7922130668536624,0.6729350020467535,-0.013570639698273455,0.06222222222222222,0.6843225867624494,0.6729350020467535,0.6843225867624494
"Sexuality, Attraction & Intimacy",Explicit Sexual Acts,92,0.4478880123212847,0.453611405569674,0.45291950988270363,0.47163000837806457,0.47813948663644923,0.5033657026749785,4.079184198223459,0.13008176052385712,0.023361620204757964,-0.3,0.04675584239277178,0.26016352104771423,0.09351168478554356
"Sexuality, Attraction & Intimacy",Kissing & Non-Explicit Affection,92,0.3587018779306901,0.34262126810649735,0.35287381347126084,0.3380405522683562,0.31384750507534154,0.30105211822484534,5.615696587190257,0.060334675329878795,0.04062580435045233,0.3333333333333333,0.027086318388295935,0.18100402598963639,0.0812589551648878
Social World Outside Couple,"Community, Norms & Social Events",92,0.06522076924470843,0.07668893654557894,0.056731291948809506,0.06580139719071872,0.05766634411764235,0.06275510981575648,2.6799322113136554,0.2618545438176844,0.007639687767569162,0.24444444444444444,0.10546994652177778,0.7855636314530532,0.31640983956533336
Social World Outside Couple,Family & Kinship,92,0.6089590768233475,0.6010344671105606,0.6108316581747457,0.6165621011036415,0.619051084611893,0.6057607231921545,0.07713592800377,0.9621663098446973,-0.021605214292092473,0.0,1.0,1.0,1.0
Social World Outside Couple,Friends & Social Circles,92,0.31029216043581787,0.3222765963438603,0.31988647936436637,0.31763650170563984,0.31988934747359343,0.33148416699208894,0.49207281439925055,0.7818937578451494,-0.01694300208540168,-0.1111111111111111,0.46427291062161524,1.0,0.9285458212432305
"Spaces, Time, Activities & Objects",Domestic Spaces & Routines,92,0.6042678790231744,0.6064994520423768,0.5772487841548388,0.5659806032249708,0.5767103335772633,0.5683470696576948,3.6697960495558277,0.1596297792203431,0.018761753365795816,0.24888888888888888,0.09925760823982568,0.21173304419974373,0.12290382202251397
"Spaces, Time, Activities & Objects",Public & Leisure Spaces,92,0.3618860320045362,0.355397226241557,0.38548142342312663,0.3995510824767215,0.3932347344838144,0.4003027671289275,4.49115240766713,0.10586652209987187,0.02799047649064191,-0.2822222222222222,0.061451911011256986,0.21173304419974373,0.12290382202251397
"Spaces, Time, Activities & Objects","Time, Seasons & Temporal Framing",92,0.034790249468340674,0.03810332171606625,0.03328465689041818,0.03446831429830775,0.02989216946504001,0.03135016321337766,5.915868980832158,0.05192606025721612,0.043998527874518634,0.36,0.016954880587293254,0.15577818077164834,0.05086464176187976
"Work, Wealth, Status & Institutions",Hero's Elite Work & Business World,92,0.7447598073859083,0.7478784170626015,0.7657721507064035,0.7642168095934946,0.7638678471453375,0.7447575185550888,4.2191561477325195,0.12128913069283154,0.024934338738567634,-0.22444444444444445,0.13732283484699295,0.48515652277132615,0.5492913393879718
"Work, Wealth, Status & Institutions",Heroine's Work & Professional Identity,92,0.08238517908486845,0.08519436366287622,0.09216357877786155,0.0914871268136767,0.08431116952279424,0.08939373337095916,1.8717975689574473,0.3922331739696055,-0.001440476753287109,-0.04666666666666667,0.7618283459354748,0.5722472581454098,1.0
"Work, Wealth, Status & Institutions","Law, Medicine, Education & Formal Institutions",92,0.07068676558752637,0.0693098631174688,0.06281233268774924,0.06193424461805319,0.06509846475356043,0.06863850748361426,3.1180195184665536,0.21034425956631808,0.01256201706142195,0.19333333333333333,0.20094889697592833,0.5722472581454098,0.602846690927785
"Work, Wealth, Status & Institutions","Money, Housing & Economic Security",92,0.03121470503567718,0.03654362423794115,0.026393117225148383,0.029099764556811354,0.03148557409636575,0.047206483351708,3.3135928003740105,0.19074908604846993,0.014759469667123713,0.011111111111111112,0.9469559422255942,0.5722472581454098,1.0
"Work, Wealth, Status & Institutions",Shared Workplaces & Professional Interaction,92,0.058119208626699975,0.06107373191911221,0.052504468752628465,0.053262054417964146,0.04720519968536191,0.05000375723862979,6.197463768115938,0.045106366242822625,0.04716251424849369,0.3488888888888889,0.020680749139978086,0.22553183121411313,0.10340374569989043
