topic_id,keywords,num_keywords,all_keywords,label,scene_summary,primary_categories,secondary_categories,label_is_noise,label_rationale,taxonomy_main_id,taxonomy_main_name,taxonomy_main_group,taxonomy_secondary_id,taxonomy_secondary_name,taxonomy_secondary_group,taxonomy_confidence,taxonomy_is_noise,radway_main_id,radway_main_name,radway_secondary_id,radway_phase,radway_phase_name,radway_is_none,radway_confidence,radway_rationale
6,"wine, sip, bottle, drunk, whiskey, waiter, scotch, alcohol, drinking, poured",27,"['wine', 'sip', 'bottle', 'drunk', 'whiskey', 'waiter', 'scotch', 'alcohol', 'drinking', 'poured', 'cup', 'drinks', 'sips', 'glasses', 'drank', 'pour', 'tea', 'mug', 'bar', 'liquor', 'table', 'vodka', 'tequila', 'took', 'beers', 'set', 'tray']",Wine-drinking At Table,"The couple sits at a table, sipping wine from their glasses.","social_setting, physical_affection","setting:table, activity:drinking_wine",False,"The top keywords 'wine', 'sip', 'bottle', and 'drunk' indicate a scene centered around drinking wine. The snippets show characters engaging in this activity at a table, supporting the label and chosen categories.",5.2,Friends & Social Circles,Social World Outside Couple,,,,high,False,none,None of the above,,NA,Not a narrative function,True,high,"The topic keywords and representative snippets focus on the heroine's actions with wine, which do not directly relate to the heroine–hero relationship or any of Radway's 13 functions. The Stage 2 taxonomy group 'Friends & Social Circles' further supports that this topic is about the heroine's social world outside the couple, not the core romance narrative."
16,"fathera, parents, died, dada, older, fathers, children, kids, grandson, hea",27,"['fathera', 'parents', 'died', 'dada', 'older', 'fathers', 'children', 'kids', 'grandson', 'hea', 'years', 'uncles', 'youngest', 'brothera', 'dads', 'nephew', 'age', 'didna', 'familya', 'grandpaa', 'passed', 'youa', 'tell', 'having', 'kind', 'wasna', 'want']",Intergenerational Family Bonding,"The youngest grandson sits with his older uncles, reminiscing about their fathers' shared history.","domestic_life, relationship_conflict","setting:home, activity:reminiscing",False,"The keywords 'parents', 'fathers', 'children', and 'years' indicate a focus on family history. The snippets show characters discussing and remembering their fathers, suggesting a scene of intergenerational bonding and shared memories.",5.1,Family & Kinship,Social World Outside Couple,,,,high,False,none,None of the above,,NA,Not a narrative function,True,high,"The topic focuses on the hero's family and past, not the heroine–hero relationship, so it does not primarily realise any of Radway's 13 functions."
44,"mothera, moma, stepmother, died, mamaa, moms, motherhood, telling, tell, traumatizing",27,"['mothera', 'moma', 'stepmother', 'died', 'mamaa', 'moms', 'motherhood', 'telling', 'tell', 'traumatizing', 'wouldna', 'jackass', 'calling', 'dealt', 'asked', 'proud', 'mammaa', 'youa', 'children', 'isna', 'adopting', 'ass', 'realizea', 'make', 'think', 'undivided', 'heard']",Mother-player Relationship Struggles,the player struggles with his mother's expectations and emotional state in their home.,"romance_core, relationship_conflict","setting:home, activity:arguing",False,"The keywords 'stepmother', 'moms', 'motherhood', and 'children' indicate a focus on the mother-son relationship. The snippets show a son dealing with his mother's emotional state and expectations, supporting the labels and categories chosen.",5.1,Family & Kinship,Social World Outside Couple,4.4,"Conflict, Distance & Breakup Threats",Relationship Trajectory (Main Couple),high,False,R7,Hero and heroine are physically or emotionally separated,,I,Initial Conflict & Isolation,False,medium,"The topic revolves around the heroine's mother, creating conflict and distance in the relationship. This is a common narrative function in Phase I, where the heroine and hero are separated or threatened by external factors."
49,"babysitter, babya, born, babysit, healthy, having, want, infant, raise, youa",27,"['babysitter', 'babya', 'born', 'babysit', 'healthy', 'having', 'want', 'infant', 'raise', 'youa', 'months', 'harming', 'need', 'thata', 'outsiders', 'dona', 'fetal', 'epidural', 'unprotected', 'inflated', 'coos', 'hold', 'raising', 'health', 'newborn', 'adopt', 'term']",Hiring A Babysitter,She realizes she needs a babysitter for her infant.,"domestic_life, social_setting","setting:home, activity:calling",False,"The top keyword 'babysitter' and snippet 'i need a babysitter.' indicate the main action. The keyword 'infant' and snippet '[NAME] just called' suggest the context is domestic life, with the setting being at home. The keyword 'outsiders' and snippet 'i had no idea what a babysitter would charge' imply a social setting, as she's dealing with an external service.",5.2,Friends & Social Circles,Social World Outside Couple,,,,high,False,none,None of the above,,NA,Not a narrative function,True,high,"The topic keywords and representative snippets indicate that this topic is about finding a babysitter, which is a practical task related to the heroine's daily life but not directly tied to her relationship with the hero. It does not primarily realise any of Radway's 13 functions in the heroine–hero romance arc."
51,"maddiea, sama, karaa, clinic, answered, didn, tremulous, couldn, friend, sighed",27,"['maddiea', 'sama', 'karaa', 'clinic', 'answered', 'didn', 'tremulous', 'couldn', 'friend', 'sighed', 'wasn', 'sister', 'physician', 'rolled', 'results', 'unable', 'hugged', 'expression', 'smiled', 'knew', 'shamed', 'later', 'melted', 'released', 'wept', 'lost', 'wedged']",Emotional Support At Clinic,"She sat trembling in the clinic, her sister beside her, as they awaited the physician's results.","romance_core, relationship_conflict","setting:clinic, activity:awaiting_results",False,"The keywords 'clinic', 'tremulous', 'friend', 'sister', and 'results' indicate a medical setting with emotional tension. The snippets show a character awaiting news, supported by a sibling, which suggests emotional bonding and relationship conflict.",5.2,Friends & Social Circles,Social World Outside Couple,3.2,Negative Emotions & Distress,"Emotions, Cognition & Inner Life",high,False,none,None of the above,,NA,Not a narrative function,True,high,"The topic keywords and snippets do not relate to the heroine–hero relationship, focusing instead on the heroine's interactions with her friend Maddie and her own internal thoughts. The Stage 2 taxonomy groups it under 'Friends & Social Circles' and 'Negative Emotions & Distress', further emphasizing its peripheral role in the romance narrative."
79,"daisya, rule, replies, grandmother, whispers, says, remya, needs, cries, freezes",27,"['daisya', 'rule', 'replies', 'grandmother', 'whispers', 'says', 'remya', 'needs', 'cries', 'freezes', 'staring', 'puts', 'wide', 'makes', 'asks', 'saucers', 'kansas', 'dicka', 'moment', 'passes', 'personality', 'swallows', 'appears', 'mutters', 'chairs', 'awesome', 'shrieks']",Grandmother's Tears,"The grandmother cries wide-eyed, muttering to herself in the kitchen chairs.","romance_core, domestic_life","setting:kitchen, activity:crying",False,"The top keywords 'grandmother', 'cries', 'wide', 'saucers', and 'moment' all point to a scene involving the grandmother crying. The snippets confirm this, with 'daisyâs not in the house.', 'daisyâ[NAME]youâre an idiot.', and 'but daisyâs eyes are still on me.' all describing the grandmother's emotional state.",5.1,Family & Kinship,Social World Outside Couple,,,,high,False,none,None of the above,,NA,Not a narrative function,True,high,"The topic keywords and representative snippets do not contain any direct references to the heroine or hero, their relationship, or any narrative events involving them. The Stage 2 taxonomy classification of 'Family & Kinship (Social World Outside Couple)' further supports that this topic is not a central part of the heroine–hero romance arc."
81,"parents, children, kids, families, familya, aunts, uncles, parentsa, theya, grow",27,"['parents', 'children', 'kids', 'families', 'familya', 'aunts', 'uncles', 'parentsa', 'theya', 'grow', 'member', 'want', 'parent', 'raise', 'parenting', 'adopt', 'inherit', 'traditional', 'cousins', 'important', 'conceive', 'dona', 'stability', 'someday', 'raising', 'dada', 'relatives']",Family Discussion Around Table,"The family sits around the table, discussing their wants and needs.","domestic_life, relationship_conflict","setting:kitchen, activity:discussion",False,"The top keywords 'parents', 'children', 'kids', 'families', and 'want' indicate a family discussion. The snippets 'your parents?', 'what about your parents?', and 'my parents.' confirm this, showing the topic revolves around family conversations.",5.1,Family & Kinship,Social World Outside Couple,,,,high,False,none,None of the above,,NA,Not a narrative function,True,high,"The topic keywords and representative snippets focus on parents, indicating a topic about family and kinship, which is not a central narrative function in the heroine–hero romance arc."
93,"parents, apologies, died, sister, ex, dada, brogue, pleasure, woozy, daughter",27,"['parents', 'apologies', 'died', 'sister', 'ex', 'dada', 'brogue', 'pleasure', 'woozy', 'daughter', 'drama', 'shameless', 'moma', 'fault', 'acquisition', 'tough', 'ego', 'newest', 'grandson', 'clarified', 'world', 'filter', 'added', 'thoughts', 'flush', 'doesna', 'consultant']",Family Apologies And Reconciliation,"The family gathers around the table, with parents and siblings present, as apologies are exchanged and past faults are addressed.","domestic_life, relationship_conflict","setting:table, activity:apologizing",False,"The top keywords 'parents', 'apologies', 'sister', 'ex', and 'fault' indicate a family-focused scene centered around making amends. The snippets confirm this, showing conversations around a table with family members present.",5.1,Family & Kinship,Social World Outside Couple,4.5,"Reconciliation, Commitments & HEA",Relationship Trajectory (Main Couple),high,False,R13,Heroine's identity is restored,,III,Commitment & Restoration,False,medium,"The topic's main taxonomy category is 'Family & Kinship', which often signals a resolution or commitment phase in romance narratives. The secondary category 'Reconciliation, Commitments & HEA' further supports this. The snippets suggest a conversation about family backgrounds and an apology, which are common in the commitment and restoration phase of a romance."
98,"dantea, engagement, pudding, glinted, granite, excused, growled, parents, assault, warning",27,"['dantea', 'engagement', 'pudding', 'glinted', 'granite', 'excused', 'growled', 'parents', 'assault', 'warning', 'europe', 'conversation', 'ugliest', 'engaged', 'shut', 'kaia', 'di', 'discussed', 'pickles', 'fianca', 'woulda', 'hadna', 'shards', 'touched', 'topic', 'musta', 'arranged']",Parental Warning About Engagement,"Dante's parents warn him about his engagement, expressing their concerns.","relationship_conflict, domestic_life","setting:home, activity:warning",False,The top keyword 'engagement' and the snippets mentioning 'Dante's parents' and 'warning' indicate a scene where parents are expressing their concerns about their son's engagement.,5.1,Family & Kinship,Social World Outside Couple,4.3,"Secrets, Misunderstandings & Hidden Information",Relationship Trajectory (Main Couple),high,False,none,None of the above,,NA,Not a narrative function,True,high,"The topic keywords and representative snippets focus on characters outside the main couple (Dante's mother, his butler), and the main taxonomy category is 'Family & Kinship (Social World Outside Couple)', indicating that this topic does not primarily realise any of Radway's 13 functions in the heroine–hero romance arc."
101,"gretchena, bronta, library, letter, letters, kleenex, headed, writer, gave, racked",27,"['gretchena', 'bronta', 'library', 'letter', 'letters', 'kleenex', 'headed', 'writer', 'gave', 'racked', 'sister', 'cheerfully', 'sighed', 'began', 'comebacks', 'acerbic', 'widened', 'bit', 'pert', 'tragic', 'raised', 'vibrant', 'likes', 'greenhouse', 'frowned', 'weeping', 'unable']",Sister's Tragic Letters,The writer reads his sister's tragic letters in the library.,"romance_core, relationship_conflict","setting:library, activity:reading",False,"The top keywords 'library', 'letters', and 'sister' indicate a scene centered around reading letters. The keyword 'tragic' suggests emotional content, leading to the 'romance_core' and 'relationship_conflict' primary categories. The scene summary reflects the most typical scenario implied by the keywords and snippets.",5.1,Family & Kinship,Social World Outside Couple,,,,high,False,none,None of the above,,NA,Not a narrative function,True,high,"The topic has no keywords, label, or scene summary, and it's not assigned any primary or secondary categories. It's not part of the 'Relationship Trajectory (Main Couple)' or 'Sexuality, Attraction & Intimacy' taxonomy groups, so it doesn't primarily realise any of Radway's 13 functions in the heroine–hero romance arc."
104,"kelseya, asks, says, pigeon, uh, helpful, sustainable, excited, cork, answers",27,"['kelseya', 'asks', 'says', 'pigeon', 'uh', 'helpful', 'sustainable', 'excited', 'cork', 'answers', 'indecent', 'think', 'pitiful', 'looks', 'absolutely', 'reverse', 'chimes', 'say', 'declined', 'sister', 'turns', 'type', 'claps', 'trying', 'beaming', 'shouts', 'thata']",Sister's Confusing Admissions,"Kelsea struggles to understand her sister's cryptic, emotional admissions.","relationship_conflict, domestic_life","setting:home, activity:confession",False,"The keywords 'sister', 'indecent', 'pitiful', and 'chimes' suggest a tense, emotional conversation. The snippets show Kelsea trying to make sense of her sister's unclear feelings, indicating a scene of relationship conflict within the home.",5.1,Family & Kinship,Social World Outside Couple,3.2,Negative Emotions & Distress,"Emotions, Cognition & Inner Life",medium,False,none,None of the above,,NA,Not a narrative function,True,high,"This topic lacks keywords, label, or scene summary, and its Stage 1 categories are empty. The Stage 2 taxonomy places it in 'Family & Kinship' and 'Negative Emotions & Distress', which are not central to the heroine–hero romance arc. The snippets do not suggest any clear narrative function between the heroine and hero."
113,"daphnea, audreya, drugs, curious, sister, shrugged, volunteer, continued, suspected, labela",27,"['daphnea', 'audreya', 'drugs', 'curious', 'sister', 'shrugged', 'volunteer', 'continued', 'suspected', 'labela', 'wiped', 'sad', 'gave', 'determined', 'irritably', 'skinny', 'incidents', 'clean', 'cigarette', 'tabloid', 'gone', 'relished', 'look', 'furious', 'staggered', 'troubled', 'sizes']",Sister's Drug Struggle,"The sister, determined to help, visits Daphne in her apartment.","relationship_conflict, domestic_life","setting:apartment, activity:visiting",False,"The keywords 'sister', 'drugs', and 'daphne' indicate a relationship focus. The snippets show the sister's determination to help Daphne, placing this topic in 'relationship_conflict' and 'domestic_life'. The setting is Daphne's apartment, as shown in the snippets.",5.1,Family & Kinship,Social World Outside Couple,,,,medium,False,none,None of the above,,NA,Not a narrative function,True,high,"The topic keywords and representative snippets indicate that this topic is about the heroine's relationship with her family or friends, not her romantic partner. It does not primarily realise any of Radway's 13 functions in the heroine–hero romance arc."
124,"viviana, shallowed, ante, returned, engagement, stunt, instances, cheeks, ex, flushed",27,"['viviana', 'shallowed', 'ante', 'returned', 'engagement', 'stunt', 'instances', 'cheeks', 'ex', 'flushed', 'tensed', 'parents', 'surprise', 'figuratively', 'wouldna', 'weakness', 'fianca', 'surfaced', 'relationship', 'mention', 'didna', 'th', 'interruption', 'soft', 'originally', 'fathera', 'followed']",Engagement Surprise,"The couple's parents, surprised, learn about their engagement.","relationship_conflict, domestic_life","setting:home, activity:argument",False,"The top keyword 'engagement' indicates a significant relationship event. The keywords 'parents', 'surprise', and 'ex' suggest a scene involving family reaction. Snippets like 'vivianâs voice rose to match mine' and 'vivianâs gone' imply an argumentative scene at home.",5.1,Family & Kinship,Social World Outside Couple,,,,high,False,none,None of the above,,NA,Not a narrative function,True,high,"The topic is about the heroine's parents and does not directly involve the heroine-hero relationship, making it background context rather than a narrative function in the romance arc."
130,"says, told, argues, replied, offered, asked, promised, prospect, unconvinced, panted",27,"['says', 'told', 'argues', 'replied', 'offered', 'asked', 'promised', 'prospect', 'unconvinced', 'panted', 'protested', 'thought', 'admitted', 'news', 'stamina', 'appreciate', 'implying', 'replies', 'bring', 'admits', 'spoke', 'want', 'practice', 'sister', 'wona', 'burden', 'carry']",Sister's Confusing Admissions,"The sister confesses her struggles and secrets to her sibling in a quiet, intense conversation.","relationship_conflict, domestic_life","setting:home, activity:confession",False,"The top keywords 'sister', 'confession', and 'admissions' along with the snippets indicating intense conversations and admissions of struggles support the label 'Sister's Confusing Admissions'. The primary categories 'relationship_conflict' and 'domestic_life' are chosen because the topic revolves around family relationships and emotional conflicts within the home.",5.1,Family & Kinship,Social World Outside Couple,,,,medium,False,none,None of the above,,NA,Not a narrative function,True,high,"The topic has no keywords, label, or scene summary, and it's not categorized under any romance-related stage 1 or stage 2 categories. Therefore, it does not primarily realize any of Radway's 13 functions in the heroine–hero romance arc."
134,"cadea, audreya, archera, necks, daphnea, glanced, told, curious, breakthroughs, campus",27,"['cadea', 'audreya', 'archera', 'necks', 'daphnea', 'glanced', 'told', 'curious', 'breakthroughs', 'campus', 'crush', 'sister', 'philanthropist', 'factored', 'demeanor', 'friendly', 'debt', 'friend', 'spending', 'wouldna', 'discussed', 'hacked', 'withering', 'drugs', 'looked', 'shitty', 'bit']",Sister's Confusing Admissions,The sister confesses her feelings and secrets to her player sibling in a private conversation.,"relationship_conflict, domestic_life","setting:private_conversation, activity:confessing",False,"The top keyword 'sister' and the snippets mentioning 'cadeâs name' and 'reaction to audrey' indicate a conversation between sisters. The keyword 'curious' suggests the content of this conversation is revealing or confusing, leading to the label 'Sister's Confusing Admissions'. The primary categories 'relationship_conflict' and 'domestic_life' are chosen because the topic revolves around family relationships and emotional conversations.",5.1,Family & Kinship,Social World Outside Couple,4.3,"Secrets, Misunderstandings & Hidden Information",Relationship Trajectory (Main Couple),medium,False,R7,Hero and heroine are physically or emotionally separated,,I,Initial Conflict & Isolation,False,medium,"The topic revolves around the mention of 'cade's name and his reaction, suggesting a separation or distance between him and Audrey. This aligns with R7, as it indicates a physical or emotional separation between the hero and heroine."
137,"knows, understood, surely, means, did, goes, understanding, understanda, offspring, reynarda",27,"['knows', 'understood', 'surely', 'means', 'did', 'goes', 'understanding', 'understanda', 'offspring', 'reynarda', 'protocol', 'oblige', 'publicist', 'want', 'realize', 'doora', 'yeah', 'understandable', 'hmmm', 'thing', 'qualified', 'apparent', 'blessed', 'awfully', 'guarantee', 'fairly', 'busy']",Generous Offspring Circumstances,The couple discusses their generous offspring and the apparent circumstances around them.,"relationship_conflict, domestic_life","setting:home, activity:discussion",False,"The top keywords 'offspring', 'protocol', 'publicist', and 'circumstances' indicate a conversation about children. The repeated phrase 'who knows?' in the snippets suggests a discussion or argument, and the adjective 'generous' implies a conflict or disagreement about the topic at hand.",5.1,Family & Kinship,Social World Outside Couple,,,,medium,False,none,None of the above,,NA,Not a narrative function,True,high,"The topic has no keywords, label, or scene summary, and it's not assigned any categories in Stage 1. Its Stage 2 taxonomy places it in 'Family & Kinship', which is not a central part of the heroine–hero romance arc. Therefore, it does not primarily realise any of Radway's 13 functions."
147,"luck, luckiest, perfection, perfectly, fortunate, fit, solution, unlucky, today, miracle",27,"['luck', 'luckiest', 'perfection', 'perfectly', 'fortunate', 'fit', 'solution', 'unlucky', 'today', 'miracle', 'consider', 'tricked', 'immaculate', 'guess', 'nonexistent', 'absolutely', 'freed', 'setup', 'blazer', 'overtime', 'incredibly', 'streak', 'ita', 'believe', 'thousands', 'place', 'scrunched']",Good Luck Wishes,Friends or family members wish someone good luck before an important event.,social_setting,"setting:group_of_people, activity:wishing_good_luck",False,"The top keywords 'luck', 'good luck', and 'today' indicate a scene centered around wishing someone good fortune. The snippets 'well, good luck.' and 'good luck with everything.' confirm this, showing people expressing their hopes for someone's success.",5.2,Friends & Social Circles,Social World Outside Couple,,,,high,False,none,None of the above,,NA,Not a narrative function,True,high,"The topic keywords and representative snippets ('good luck', 'well, good luck') suggest a general expression of well-wishing, not tied to any specific romantic narrative function. The Stage 2 taxonomy group 'Friends & Social Circles' further supports this, as it's about social interactions outside the main couple's relationship."
148,"merry, holiday, parties, holidays, yeara, partya, december, partying, presents, christmases",27,"['merry', 'holiday', 'parties', 'holidays', 'yeara', 'partya', 'december', 'partying', 'presents', 'christmases', 'celebration', 'gala', 'attend', 'towna', 'decorations', 'victorian', 'annual', 'music', 'partygoers', 'festive', 'early', 'handmade', 'ita', 'gifts', 'lights', 'complement', 'shopping']",Holiday Celebration,The couple enjoys a festive holiday party together.,"romance_core, social_setting","setting:party, activity:celebrating",False,"The top keywords 'holiday', 'parties', 'celebration', and 'presents' indicate a festive event. The snippets confirm this, mentioning holidays and celebrations, supporting the label 'Holiday Celebration'.",5.3,"Community, Norms & Social Events",Social World Outside Couple,,,,high,False,none,None of the above,,NA,Not a narrative function,True,high,"The topic keywords and representative snippets focus on general conversations about holidays, which is not directly related to the heroine–hero relationship or its narrative arc. It belongs to the 'Community, Norms & Social Events' category, further emphasizing its peripheral role in the romance narrative."
154,"pregnancy, test, unplanned, weeks, months, fianca, birth, conception, injection, childbirth",27,"['pregnancy', 'test', 'unplanned', 'weeks', 'months', 'fianca', 'birth', 'conception', 'injection', 'childbirth', 'gyn', 'maternity', 'month', 'vitamins', 'lines', 'clause', 'class', 'immaculate', 'early', 'youa', 'unless', 'science', 'told', 'unlikely', 'guess', 'faking', 'percent']",Unexpected Pregnancy,"She realizes she's pregnant, grappling with the unplanned news.","relationship_conflict, domestic_life","setting:home, activity:realization",False,"Keywords 'pregnancy', 'unplanned', 'weeks', 'months' indicate an unexpected pregnancy. Snippets show characters grappling with this news, supporting 'relationship_conflict' and 'domestic_life'.",5.1,Family & Kinship,Social World Outside Couple,3.2,Negative Emotions & Distress,"Emotions, Cognition & Inner Life",high,False,none,None of the above,,NA,Not a narrative function,True,high,"This topic focuses on the heroine's pregnancy, which is a social world outside the couple's relationship, not directly related to the heroine–hero narrative arc. It does not primarily realise any of Radway's 13 functions."
173,"friendship, friend, buddies, benefits, friendships, acquaintances, wea, friendsa, slowlya, school",27,"['friendship', 'friend', 'buddies', 'benefits', 'friendships', 'acquaintances', 'wea', 'friendsa', 'slowlya', 'school', 'inseparable', 'best', 'freshman', 'symbol', 'high', 'lives', 'mutual', 'trust', 'theya', 'frienda', 'coworkersa', 'commonality', 'guess', 'exist', 'decade', 'remain', 'stayed']",Friendship Bonding,"The couple, inseparable since freshman year, shares laughter and stories in their dorm room.","romance_core, domestic_life","setting:dorm_room, activity:laughing_and_talking",False,"The top keyword 'friendship' and snippets mentioning 'brand-new friendship' and 'inseparable' indicate a strong bond between characters. The label 'Friendship Bonding' captures this, with the scene summary describing a typical interaction in their shared living space.",5.2,Friends & Social Circles,Social World Outside Couple,,,,high,False,none,None of the above,,NA,Not a narrative function,True,high,"The topic keywords and representative snippets indicate that this topic is about friendship, which is not a central element of the heroine–hero relationship arc. It belongs to the 'Friends & Social Circles' category, further emphasizing its peripheral role in the romance narrative."
193,"patricka, yells, dopey, friend, nervously, announces, nudging, presents, birthday, wasted",27,"['patricka', 'yells', 'dopey', 'friend', 'nervously', 'announces', 'nudging', 'presents', 'birthday', 'wasted', 'greet', 'instigating', 'shrugged', 'punched', 'dovey', 'lovey', 'shot', 'falls', 'wondered', 'asked', 'chasing', 'best', 'babes', 'trailed', 'visitorsa', 'antagonistic', 'chickenshit']",Birthday Surprise For Friend,She excitedly plans and executes a surprise birthday party for her friend.,"romance_core, social_setting","setting:party, activity:planning_surprise",False,"The top keyword 'birthday' indicates a central event, while 'surprise' and 'friend' suggest a social setting with emotional bonding. The snippets show planning and execution of this surprise, fitting the label and chosen categories.",5.2,Friends & Social Circles,Social World Outside Couple,,,,high,False,none,None of the above,,NA,Not a narrative function,True,high,"The topic focuses on a social interaction between the heroine and a friend named Patrick, with no direct involvement or interaction with the hero. It does not primarily realise any of Radway's 13 functions in the heroine–hero romance arc."
200,"sister, sistera, partnera, niece, daughter, older, disclosure, mask, members, sibling",27,"['sister', 'sistera', 'partnera', 'niece', 'daughter', 'older', 'disclosure', 'mask', 'members', 'sibling', 'friend', 'compare', 'dangerous', 'won', 'chinned', 'card', 'think', 'disarmingly', 'syringe', 'shouldna', 'non', 'geeky', 'best', 'moma', 'overachieving', 'genaa', 'constipated']",Siblings' Confusing Disclosure,A sister and her older sibling have a tense conversation about a hidden truth.,"relationship_conflict, domestic_life","setting:home, activity:arguing",False,"The keywords 'sister', 'niece', 'daughter', 'older', 'disclosure', and 'mask' suggest a family relationship with a hidden secret. The snippets confirm this, showing characters asking about or revealing something, indicating a conflictual scene.",5.1,Family & Kinship,Social World Outside Couple,,,,high,False,none,None of the above,,NA,Not a narrative function,True,high,"The topic keywords and representative snippets focus on family and kinship, specifically the heroine's sister. This topic does not primarily realise any of Radway's 13 functions in the heroine–hero romance arc, as it is about the social world outside the couple."
209,"fitzpatricka, brennana, eldest, clan, ireland, unwarranted, obsession, wing, adoptive, squash",27,"['fitzpatricka', 'brennana', 'eldest', 'clan', 'ireland', 'unwarranted', 'obsession', 'wing', 'adoptive', 'squash', 'blooded', 'reins', 'generation', 'daughter', 'richer', 'gutter', 'bostona', 'sailora', 'sole', 'lavish', 'cufflinks', 'successfully', 'household', 'history', 'youngest', 'enemy', 'class']",Clan Heir's Obsession,"The eldest son of a powerful clan is consumed by an unwarranted obsession with his adoptive sister, leading to intense, often inappropriate interactions.",,,False,,5.1,Family & Kinship,Social World Outside Couple,4.3,"Secrets, Misunderstandings & Hidden Information",Relationship Trajectory (Main Couple),medium,False,none,None of the above,,NA,Not a narrative function,True,high,"The topic keywords and snippets suggest this topic is about a character's family and their interactions, not directly involving the heroine or hero. It does not primarily realise any of Radway's 13 functions in the heroine–hero romance arc."
234,"winniea, witch, laughed, asked, murdering, flared, chided, sitter, daughter, chimed",27,"['winniea', 'witch', 'laughed', 'asked', 'murdering', 'flared', 'chided', 'sitter', 'daughter', 'chimed', 'looked', 'excitedly', 'forth', 'georgiaa', 'didna', 'fanatic', 'mitten', 'wanted', 'sighed', 'falsehood', 'barelya', 'valentines', 'pja', 'affectiona', 'sat', 'mea', 'postcoital']",Witch's Daughter Murder Plot,The witch's daughter plans to murder someone while her mother is away.,"relationship_conflict, domestic_life","setting:home, activity:planning_murder",False,"The top keyword 'witch' and 'murdering' indicate a plot involving a witch and murder. The snippets show the daughter's intention to commit the act, making 'Witch's Daughter Murder Plot' an appropriate label. The primary categories 'relationship_conflict' and 'domestic_life' are chosen due to the familial relationship and the plot unfolding at home.",5.1,Family & Kinship,Social World Outside Couple,4.3,"Secrets, Misunderstandings & Hidden Information",Relationship Trajectory (Main Couple),medium,False,none,None of the above,,NA,Not a narrative function,True,high,"The topic keywords and representative snippets focus on the heroine's interactions with her family member (Winnie), not with the hero. The main taxonomy category 'Family & Kinship' further confirms this is not a heroine–hero narrative function."
242,"davea, elliea, says, asks, clasps, sadiea, class, gives, handshake, lottiea",27,"['davea', 'elliea', 'says', 'asks', 'clasps', 'sadiea', 'class', 'gives', 'handshake', 'lottiea', 'glad', 'approaching', 'told', 'fondles', 'cutes', 'thrilled', 'excited', 'hug', 'toneya', 'humane', 'contort', 'exceeded', 'audacious', 'deliberating', 'robotic', 'biscuit', 'stiffness']",Awkward Handshake Introduction,"Ellie hesitates before extending her hand to Lottie, who looks uncertain about the gesture.","social_setting, relationship_conflict","setting:office, activity:handshake",False,"The top keywords 'handshake', 'class', and 'glad' suggest a formal introduction setting. The snippets show Ellie being hesitant and Lottie looking uncertain, indicating an awkward social interaction.",5.2,Friends & Social Circles,Social World Outside Couple,,,,medium,False,none,None of the above,,NA,Not a narrative function,True,high,"The topic keywords and representative snippets do not mention the hero or heroine, and the Stage 2 taxonomy places it in the 'Social World Outside Couple' category. Therefore, this topic does not primarily realise any of Radway's 13 functions and is best classified as 'none'."
243,"charlottea, answer, answered, reply, epitome, ladies, stammer, acknowledges, deteriorated, helloa",27,"['charlottea', 'answer', 'answered', 'reply', 'epitome', 'ladies', 'stammer', 'acknowledges', 'deteriorated', 'helloa', 'husked', 'mio', 'outspoken', 'sophistication', 'replaceable', 'missa', 'mushrooms', 'argues', 'scrambles', 'employeea', 'fearless', 'gauge', 'touch', 'reasoning', 'drawl', 'subtly', 'midst']",Fearless Ladies Conversation,The fearless ladies engage in an outspoken conversation around the table.,"romance_core, social_setting","setting:table, activity:conversation",False,"The top keywords 'fearless', 'ladies', 'outspoken', and 'conversation' are all present in the snippets, indicating a scene of women having a bold discussion. The phrase 'around the table' from one snippet supports the secondary category 'setting:table'.",5.2,Friends & Social Circles,Social World Outside Couple,,,,high,False,none,None of the above,,NA,Not a narrative function,True,high,"This topic focuses on friends and social circles, which are not central to the heroine–hero relationship. It does not primarily realise any of Radway's 13 functions."
244,"cordless, drill, didn, accomplished, reassuring, results, oldest, strides, homebody, maybach",27,"['cordless', 'drill', 'didn', 'accomplished', 'reassuring', 'results', 'oldest', 'strides', 'homebody', 'maybach', 'according', 'letdown', 'inexorable', 'jus', 'screwdriver', 'couldn', 'vanishing', 'paternal', 'savagery', 'equaled', 'sophistication', 'listless', 'experimental', 'amaze', 'thumps', 'phobia', 'prodigy']",Age Gap Roleplay,"Gage, the older man, assumes a paternal role with Haven, intervening on her behalf and remembering details about people they meet.","romance_core, domestic_life","setting:social_setting, activity:intervening",False,"The keywords 'cordless', 'drill', 'results', and 'homebody' suggest a domestic setting, while 'inexorable' and 'letdown' imply a power dynamic. The snippets show Gage taking care of Haven, which supports the label 'Age Gap Roleplay' and the chosen categories.",5.1,Family & Kinship,Social World Outside Couple,,,,high,False,none,None of the above,,NA,Not a narrative function,True,high,"The topic keywords and representative snippets focus on Gage's role as a father figure and his interactions with others, not with the heroine. It does not primarily realise any of Radway's 13 functions in the heroine–hero romance arc."
247,"statue, earnestly, ora, gently, sister, piranhas, outpouring, slept, cornbread, lavishing",27,"['statue', 'earnestly', 'ora', 'gently', 'sister', 'piranhas', 'outpouring', 'slept', 'cornbread', 'lavishing', 'revolutionary', 'northeast', 'alertly', 'chiding', 'hurry', 'interrupted', 'intervened', 'arose', 'garner', 'particulars', 'wholesome', 'bulls', 'hairstylist', 'departed', 'born', 'skittish', 'inferior']",Statue Of Liberty Visit,She excitedly points out the Statue of Liberty during their boat ride.,"social_setting, romance_core","setting:boat, activity:pointing",False,"The top keyword 'statue' and all snippets mention the Statue of Liberty, which is a clear and unique setting. The label and scene_summary reflect this, using neutral, non-sexual language as no explicit sexual terms were present.",5.3,"Community, Norms & Social Events",Social World Outside Couple,,,,high,False,none,None of the above,,NA,Not a narrative function,True,high,"The topic revolves around the Statue of Liberty, which is a social world outside the couple's relationship. It does not directly relate to the heroine–hero narrative arc, thus it's 'none of the above'."
251,"georgiaa, thosea, press, conference, yelped, scolded, giggled, cursing, laughed, called",27,"['georgiaa', 'thosea', 'press', 'conference', 'yelped', 'scolded', 'giggled', 'cursing', 'laughed', 'called', 'mojo', 'oversharing', 'metabolism', 'fetches', 'genuineness', 'guys', 'whata', 'instinctual', 'associating', 'tampaa', 'convo', 'condone', 'tigers', 'encountering', 'foresee', 'cameraman', 'insightful']",Press Conference Speech,She confidently delivers her speech at a press conference.,"social_setting, romance_core","setting:press_conference, activity:speech",False,"The top keyword 'press' and the snippet 'georgiaâs press conference is starting' indicate a press conference setting. The keyword 'speech' and the snippet '[NAME] mean, hold all of georgiaâs calls!' suggest she is delivering a speech, making 'Press Conference Speech' an appropriate label.",5.3,"Community, Norms & Social Events",Social World Outside Couple,,,,high,False,none,None of the above,,NA,Not a narrative function,True,high,"The topic keywords and representative snippets focus on external communication and events unrelated to the heroine–hero relationship, making it a background topic that does not primarily realise any of Radway's 13 functions."
264,"lilliea, rubya, daughtera, holds, daughter, squeeze, starts, dumpling, eleanora, school",27,"['lilliea', 'rubya', 'daughtera', 'holds', 'daughter', 'squeeze', 'starts', 'dumpling', 'eleanora', 'school', 'lilies', 'gives', 'remia', 'joins', 'curl', 'shouts', 'contrast', 'middle', 'melee', 'teacher', 'sing', 'jumps', 'playdate', 'dozes', 'pick', 'pet', 'decide']",Schoolyard Argument,The daughter and her friends argue loudly in the schoolyard.,"relationship_conflict, social_setting","setting:school, activity:arguing",False,"The top keywords 'daughter', 'school', 'shouts', and 'melee' indicate a conflict in a school setting. The snippets confirm this, with phrases like 'lillieâs right behind her' and 'tres ?â lillieâs voice is pouty' suggesting an argument among girls at school.",5.1,Family & Kinship,Social World Outside Couple,4.4,"Conflict, Distance & Breakup Threats",Relationship Trajectory (Main Couple),high,False,R7,Hero and heroine are physically or emotionally separated,,I,Initial Conflict & Isolation,False,medium,"The topic's keywords and representative snippets suggest physical separation or distance between the heroine and hero, as indicated by phrases like 'lillieâs right behind her'. The secondary category 'Conflict, Distance & Breakup Threats' also supports this interpretation. Therefore, the topic typically realizes Radway's function R7 in the heroine–hero romance arc."
274,"clubs, members, exclusive, cluba, stag, wilder, restaurants, member, strip, whores",27,"['clubs', 'members', 'exclusive', 'cluba', 'stag', 'wilder', 'restaurants', 'member', 'strip', 'whores', 'frequent', 'voyeur', 'nightclub', 'guys', 'joining', 'mission', 'mile', 'miracle', 'alliances', 'congregated', 'bound', 'demographic', 'high', 'lives', 'moulin', 'masquerading', 'crannies']",Exclusive Club Nights,"The couple frequents exclusive clubs, engaging in wild nights out.","social_setting, sexual_content","setting:club, activity:partying",False,"The top keywords 'clubs', 'exclusive', and 'wilder' indicate frequenting exclusive clubs. The snippets confirm these are not casual clubs but specific, exclusive ones, with the couple engaging in wild nights out.",5.3,"Community, Norms & Social Events",Social World Outside Couple,2.1,Attraction & Sexual Tension,"Sexuality, Attraction & Intimacy",high,False,none,None of the above,,NA,Not a narrative function,True,high,"The topic keywords and snippets focus on clubs and social events, not on the heroine–hero relationship. It belongs to the 'Community, Norms & Social Events' main category, which is not part of the main couple's relationship trajectory."
329,"remya, dependable, coos, wails, parenting, competent, guardian, having, raise, formula",27,"['remya', 'dependable', 'coos', 'wails', 'parenting', 'competent', 'guardian', 'having', 'raise', 'formula', 'squeals', 'faking', 'grandmothera', 'diaper', 'rights', 'grow', 'sake', 'suspicion', 'fans', 'hours', 'parent', 'loves', 'waves', 'daisya', 'teammatesa', 'temporary', 'slugger']",Parenting And Care Routine,"The couple ensures their child is safe and cared for, preparing formula and putting them to sleep.","domestic_life, relationship_conflict","setting:bedroom, activity:parenting, relationship:family",False,"The top keywords 'parenting', 'diaper', 'formula', and 'sleeping' indicate a scene focused on caring for a child. The snippets confirm this, showing the couple's actions to ensure their child is safe and cared for.",5.1,Family & Kinship,Social World Outside Couple,,,,high,False,none,None of the above,,NA,Not a narrative function,True,high,"The topic keywords and snippets do not contain any information about the heroine or hero, their relationship, or any narrative events involving them. The topic is about a character named Remya and her safety and sleep status, which is not part of the heroine–hero romance arc."
336,"alternatives, automatically, beg, thanks, answer, hear, looking, make, say, way",27,"['alternatives', 'automatically', 'beg', 'thanks', 'answer', 'hear', 'looking', 'make', 'say', 'way', 'want', 'dona', 'just', 'ia', '', '', '', '', '', '', '', '', '', '', '', '', '']",Polite Conversations,"She asks, he answers politely.","social_setting, romance_core","setting:restaurant, activity:dinner",False,"Top keywords 'thanks', 'answer', and 'way' suggest a polite conversation. Snippets show a back-and-forth exchange ('âfine, thanks.', 'âfine, but iâm looking into alternatives, anyway.') in a social setting, likely a restaurant (implied by 'dinner' in one snippet).",5.2,Friends & Social Circles,Social World Outside Couple,,,,medium,False,none,None of the above,,NA,Not a narrative function,True,high,"The topic's keywords and snippets do not indicate any direct interaction or conflict between the heroine and hero. The topic's main category, 'Friends & Social Circles', further supports that this topic is not a central part of the heroine–hero narrative arc."
362,"adorable, cutest, nephew, cutes, absolutely, schnoodle, easter, whitea, beinga, incredibly",27,"['adorable', 'cutest', 'nephew', 'cutes', 'absolutely', 'schnoodle', 'easter', 'whitea', 'beinga', 'incredibly', 'sincea', 'juvenile', 'amazingly', 'human', 'cuddled', 'littlea', 'girly', 'immature', 'clarified', 'puke', 'shops', 'olivera', 'lethal', 'omg', 'innocently', 'whistle', 'carefree']",Adorable Nephew And Schnoodle,"The couple coos over their adorable nephew and his schnoodle, finding them absolutely adorable.","domestic_life, social_setting","setting:home, activity:cooing",False,"The top keywords 'adorable', 'cutest', 'nephew', and 'schnoodle' are all about finding something adorable. The snippets 'it was adorable.' and 'they were adorable, smart, and sweet.' confirm this. The label and scene_summary reflect this cuteness, with the scene_summary including the nephew and his schnoodle as the focus of the couple's adoration.",5.2,Friends & Social Circles,Social World Outside Couple,,,,high,False,none,None of the above,,NA,Not a narrative function,True,high,"The topic keywords and representative snippets focus on the couple's adorableness and sweetness, which is more descriptive than narrative-functional. The Stage 2 taxonomy group 'Friends & Social Circles' further confirms that this topic is about the couple's social circle, not their relationship progression."
