topic,mean_trash,mean_middle,mean_top,H,p,q,significant,max_group,max_mean,eta2_kw
Reading and Rereading,0.0222906714544347,0.0023187407144245,0.0341618046273221,15.739161171544058,0.0003821946264533,0.0821718446874664,False,top,0.0341618046273221,0.15097979309389076
Comfort in Silence,0.2136470605233426,0.3028557930972409,0.3930837527293139,10.655257029607055,0.0048555712847322,0.1876362098257769,False,top,0.3930837527293139,0.09511271461106655
Fathers and Sons,0.7750764661992173,0.926344414737556,1.2179669576439462,10.862064621353326,0.004378573420728,0.1876362098257769,False,top,1.2179669576439462,0.09738532550937722
Guilt and Regret,0.4344870528135821,0.4050518095193536,0.5787683530225946,10.504257607611924,0.0052363593439751,0.1876362098257769,False,top,0.5787683530225946,0.09345338030342774
Heartfelt Emotions and Vulnerability,0.4473677175528545,0.4580004144623084,0.6462038252032348,11.518024148394318,0.003154226201145,0.1876362098257769,False,top,0.6462038252032348,0.10459367196037712
Urban Romance,0.267068668705932,0.4670459159129577,0.2657462453033704,10.854413608800275,0.0043953557608382,0.1876362098257769,False,middle,0.4670459159129577,0.09730124844835467
Connecting Through Dance,0.1790430098126264,0.2140846070436988,0.3725970397924097,10.107578849847805,0.006385091718462,0.1961135313527622,False,top,0.3725970397924097,0.0890942730752506
Addiction and Drugs,0.0833874035774176,0.1574605073402867,0.1126568050334924,9.332461483729496,0.0094076626912491,0.2082192485990255,False,middle,0.1574605073402867,0.08057649982120325
Air Travel,0.20175547356039,0.2955041230248488,0.3957066475904271,8.601488746284499,0.0135584626994714,0.2082192485990255,False,top,0.3957066475904271,0.07254383237675273
Emphasis on Hips and Body Language,0.1169363313084183,0.0952108460524094,0.0510757833013207,9.101639949666202,0.0105585430937069,0.2082192485990255,False,trash,0.1169363313084183,0.07803999944688134
Hockey and Sports,0.0795636488431771,0.1678211924719685,0.0038517963692072,8.917044040529643,0.0115794648608745,0.2082192485990255,False,middle,0.1678211924719685,0.07601147297285321
Legs and Thighs and Desire,0.5415370720042915,0.4191936362405747,0.3585869863736298,8.790227305566589,0.0123374780570261,0.2082192485990255,False,trash,0.5415370720042915,0.07461788247875373
Shrugging off Feelings and Indifference,0.2817444999345618,0.296677382742059,0.1807119626026266,8.635834477401641,0.0133276128919536,0.2082192485990255,False,middle,0.296677382742059,0.07292125799342462
Sleep and Rest,0.9903943945834424,1.3078535545974634,1.029447297567937,9.546843279268842,0.0084514129410366,0.2082192485990255,False,middle,1.3078535545974634,0.08293234372822902
Shivering and Electric Touches,0.4121425119414623,0.2569322503953618,0.2482335951061974,8.08024140163853,0.0175953485144667,0.2455535503298944,False,trash,0.4121425119414623,0.06681583957844538
Tattoos and Brutal Appearance,0.0527969534540367,0.1325248244643108,0.0176438769725768,8.004579067610269,0.0182737525826898,0.2455535503298944,False,middle,0.1325248244643108,0.0659843853583546
Actions with Objects.,0.4612426504412105,0.3968665293025525,0.3334701347213922,7.555897381710999,0.0228695558710153,0.2594312260418805,False,trash,0.4612426504412105,0.06105381738143954
Anger or Frustration,0.4699594853058214,0.4113238562998418,0.5392096468556873,7.520957356500389,0.0232725976219058,0.2594312260418805,False,top,0.5392096468556873,0.060669861060443836
Fancy Underwear,0.4066766950077033,0.3717403608414424,0.2376274517296755,7.448338781923894,0.0241331373062214,0.2594312260418805,False,trash,0.4066766950077033,0.05987185474641642
Physical Intimacy Focusing on Touch,1.256379703212413,1.487484149329221,1.0131242632544435,7.449250442509822,0.0241221391979988,0.2594312260418805,False,middle,1.487484149329221,0.05988187299461343
Bedroom and Cozy Blankets,1.8799320168915823,2.318761062476692,2.1488176280965408,6.787864393309974,0.0335763880164318,0.277568672994215,False,middle,2.318761062476692,0.05261389443197773
Departures and Goodbyes,0.3982039467745129,0.2594315560611439,0.2767034385027338,7.0911412238558,0.0288521544282277,0.277568672994215,False,trash,0.3982039467745129,0.055946606855558245
Expensive Jewellery,0.0774843016707714,0.1381648186755081,0.1776591364407174,6.878184155683272,0.0320938107859945,0.277568672994215,False,top,0.1776591364407174,0.05360641929322277
Gatherings and Shared Meals,0.1643099566297065,0.1036405811718994,0.0826798587035951,6.640240848228789,0.0361484783434326,0.277568672994215,False,trash,0.1643099566297065,0.05099165767284383
Grumpiness and Gloomy Mood,0.0290604540666966,0.0375862395276364,0.0431573382065671,6.934476812593832,0.0312030820217525,0.277568672994215,False,top,0.0431573382065671,0.05422501991861354
Kitchen and Cooking,0.365588433211614,0.5418125569388615,0.5069530290187193,6.904648379637995,0.0316719391695264,0.277568672994215,False,middle,0.5418125569388615,0.053897234941076864
Partings and Letting Go,0.7069692144556359,0.5332450016950816,0.6236895472238404,6.700220351840471,0.035080488862778,0.277568672994215,False,trash,0.7069692144556359,0.05165077309714804
Walls and Renovation,0.0746425100403863,0.110658268639091,0.0947200985934348,6.693832995077723,0.0351927037554268,0.277568672994215,False,middle,0.110658268639091,0.05158058236349146
Rings and Engagements,0.1334610972052978,0.1135474756860804,0.2085058155102287,6.541239488916043,0.0379828800999326,0.2815972145339834,False,top,0.2085058155102287,0.04990373064742904
"Blushing, Embarrassment and Innocence",0.4541032780876722,0.2798986377064891,0.3147226888861192,6.198403352237847,0.0450851806068746,0.2861372115888589,False,trash,0.4541032780876722,0.04613630057404227
Ice Cream and Milkshakes,0.0739100891353616,0.0563917028388989,0.1338305361792909,6.191122651843994,0.0452496055535869,0.2861372115888589,False,top,0.1338305361792909,0.04605629287740653
Manicure and Figernails,0.0370141296957233,0.0677693773956833,0.0560134657285719,6.197386156821043,0.0451081166585314,0.2861372115888589,False,middle,0.0677693773956833,0.04612512260242904
Startling and Sudden Realizations,0.1977393736609031,0.0848362864907725,0.0660127660486213,6.327038234390036,0.0422767023218031,0.2861372115888589,False,trash,0.1977393736609031,0.04754987070758281
Whispered Secrets and Soft Conversations,1.1353040872530116,1.3731456673887614,1.595656590144643,6.273115436299788,0.0434320462216225,0.2861372115888589,False,top,1.595656590144643,0.04695731248681086
Frozen Feelings,0.1024744234363699,0.1508117318494876,0.1866539250561086,6.04917561349696,0.0485778406018792,0.2984067351258299,False,top,0.1866539250561086,0.04449643531315341
Her Beautiful Skin and Sensory Connection Through Touch,0.0852465318597941,0.1239827430778317,0.0946784210355393,5.829289772727312,0.0542232830416612,0.3238334959432544,False,middle,0.1239827430778317,0.04208010739260782
Reading Emotions Through Faces,0.3086454617403397,0.3547513554723215,0.1929878785774339,5.644646211929618,0.0594676325047273,0.3455551618517938,False,middle,0.3547513554723215,0.04005105727395184
Friendships and Relationships,0.3981873858990966,0.486231199646124,0.5210458153958497,5.50320234947329,0.0638255834345194,0.3468869179573184,False,top,0.5210458153958497,0.038496729115091104
Pounding Heartbit,0.1568497405471349,0.1353110071279256,0.2075588038674362,5.488773094520952,0.0642877263322969,0.3468869179573184,False,top,0.2075588038674362,0.03833816587385662
Weekends and Leisure,0.1244528378682583,0.1570438857293712,0.0959927942369609,5.481030022020475,0.064537101015315,0.3468869179573184,False,middle,0.1570438857293712,0.03825307716506016
Marriage and Commitment,1.7973535181010776,2.480056359066632,3.3603208259762285,5.378629483798761,0.0679274712767051,0.3547309689096968,False,top,3.3603208259762285,0.03712779652526111
Moments in Bathrooms or Showers,0.532991576620298,0.6599702076217729,0.6194945346762326,5.338728041419195,0.0692962822986384,0.3547309689096968,False,middle,0.6599702076217729,0.03668931913647467
Blame and Guilt,0.1171949250937893,0.0769530858602476,0.1245543033847905,5.280851370145794,0.0713308985938442,0.356654492969221,False,top,0.1245543033847905,0.036053311759843894
Passage of Time,0.2638557534052476,0.3443917801197623,0.3489197635287078,5.179071481208558,0.0750548769298444,0.3667454213617397,False,top,0.3489197635287078,0.03493485144185229
Condoms and Protection,0.1626587866776577,0.1891162215272663,0.1067995277417604,5.123761900128037,0.0771594707521614,0.3684712963231815,False,middle,0.1891162215272663,0.034327053847560844
Gifts and Giving,0.0584592081893848,0.0969376464433455,0.0844070892139859,5.080778190627341,0.0788357192133318,0.3684712963231815,False,middle,0.0969376464433455,0.03385470539150924
Gently Touching Face,0.2386744479838627,0.1125960449845094,0.1831914680704799,4.944632171842068,0.0843891798927856,0.38539379286724,False,trash,0.2386744479838627,0.03235859529496778
Intimacy and Gentle Touches,0.061659876437542,0.0919124352725822,0.0862187114315427,4.88834770025719,0.086797813291397,0.38539379286724,False,middle,0.0919124352725822,0.03174008461821087
Sports and Games,0.4756315432016394,0.7092480009573856,0.4465751207276688,4.864614717676349,0.0878339341883477,0.38539379286724,False,middle,0.7092480009573856,0.03147928261182801
Grasps and Holding,0.3635123346934563,0.2697794544015433,0.2598619553995874,4.786810424704091,0.0913181959883423,0.392668242749872,False,trash,0.3635123346934563,0.030624290381363634
Business and Big Money,1.939475134457241,1.6420073864582772,1.4268440582156594,4.7191764801502245,0.0944591096657089,0.3982099721201456,False,trash,1.939475134457241,0.029881060221431038
Beliefs and Convictions,0.1223850316815175,0.0848107478553052,0.0958232283779087,4.575863058177941,0.1014761453718576,0.4195648318259497,False,trash,0.1223850316815175,0.028306187452504843
Crossroads and Decisions,0.1970783584537112,0.1689412809582069,0.2236592600584903,4.495980139097682,0.1056112827125172,0.4284231279847397,False,top,0.2236592600584903,0.027428353176897607
Letting Go of Resentment,0.1000012269115072,0.086293262513633,0.1696662595599198,4.341882775379907,0.1140701820846539,0.4541683175592704,False,top,0.1696662595599198,0.02573497555362535
Expressing Gratitude,0.4291392491433481,0.5116071302779248,0.5228782668638965,4.278068218762428,0.1177685396313135,0.4595379428560638,False,top,0.5228782668638965,0.02503371668969701
Mirrors and Reflections,0.1363512539014077,0.1402017035711304,0.1853235056583392,4.245640207527354,0.1196936037206491,0.4595379428560638,False,top,0.1853235056583392,0.024677364917883013
Moments of Calm and Piece,0.1071728354630522,0.1353830583087031,0.1439545329422269,4.1650960818601295,0.124612290115748,0.4675414683818299,False,top,0.1439545329422269,0.023792264635825598
Slow Walking and Running Fast,0.1220711657652447,0.0997504879999992,0.0742255670862147,4.137106470566847,0.1263684749669592,0.4675414683818299,False,trash,0.1220711657652447,0.02348468648974557
What's in a name?,0.3616106083431238,0.3481655466394,0.2763099511687417,4.106735631976278,0.1283020773698975,0.4675414683818299,False,trash,0.3616106083431238,0.02315094101072833
Closet and Clothing,0.0944164755582816,0.0978762762344233,0.0581876693442174,4.06963985893493,0.1307040163269119,0.4683560585047677,False,middle,0.0978762762344233,0.022743295153131098
Inner Conflicts and Doubts,8.291985353355182,7.316875465816348,7.768447898284244,3.987893291911973,0.1361570001833057,0.4798976235968973,False,trash,8.291985353355182,0.0218449812298019
Bars and Nightlive,0.1501969809455052,0.18126846085018,0.15286722081428,3.8533579959603146,0.1456310372544598,0.4826138359992371,False,middle,0.18126846085018,0.020366571384179282
Flirting and Teasing,0.1595970970144155,0.2320525114525543,0.1734720150463041,3.84957842946004,0.1459065085579088,0.4826138359992371,False,middle,0.2320525114525543,0.020325037686374066
Renting and Leasing,0.0802717141500007,0.0943504217969367,0.0482214046349461,3.895637335933493,0.1425847573075321,0.4826138359992371,False,middle,0.0943504217969367,0.020831179515752668
Stairs and Elevators,0.2363826977906641,0.3324378439680154,0.2876977095805136,3.9369387059184566,0.1396704788880802,0.4826138359992371,False,middle,0.3324378439680154,0.021285040724378645
Kicking and Martial Arts,0.0415443306861527,0.0574761286430737,0.0345795764459419,3.793361331445841,0.1500659123516636,0.4888510781152679,False,middle,0.0574761286430737,0.019707267378525725
Office Environment,0.999886310146865,0.7261142037670221,0.5910492525610087,3.754284669291565,0.1530267808539832,0.4910560878150208,False,trash,0.999886310146865,0.019277853508698515
Breaking and Ending,0.2431111207251457,0.222029510979284,0.3185320406533027,3.6811880230994714,0.1587231147353091,0.4945720241752385,False,top,0.3185320406533027,0.01847459366043375
Fancy Footwear,0.2389342520443016,0.2478809177385631,0.1885063940261864,3.68771359570528,0.1582060790777142,0.4945720241752385,False,middle,0.2478809177385631,0.01854630324950857
Clothing and Fashion,1.010127183884532,0.8899468146366999,0.763639645929437,3.528714373442142,0.171296863000003,0.4951019811557935,False,trash,1.010127183884532,0.01679905904881475
Conversations,1.007437162225309,1.1000110513532062,1.185255005538434,3.5624092396722777,0.1684351247183123,0.4951019811557935,False,top,1.185255005538434,0.017169332304090963
Fists and Anger,0.120271531428953,0.0554551946176142,0.0624234814716564,3.493237860359681,0.1743624796665339,0.4951019811557935,False,trash,0.120271531428953,0.016409207256699792
Gritted Teeth and Suppressed Emotions,0.1190566399173666,0.0842096756941821,0.1249770774154252,3.6231642849370793,0.1633954173621917,0.4951019811557935,False,top,0.1249770774154252,0.01783697016414373
Makeup and Cosmetics,0.0971846057397303,0.1284759480445772,0.1418206951201295,3.549597535288327,0.1695175584850888,0.4951019811557935,False,top,0.1418206951201295,0.017028544343827768
Racing Pulse or Flushed Skin,0.2646118868076457,0.1616773567519495,0.2672589295153441,3.4857924058751,0.1750127933387921,0.4951019811557935,False,top,0.2672589295153441,0.016327389075550553
Seduction and Desire,0.3140509478174983,0.381845557865029,0.3312161331255198,3.555841598151872,0.1689891446307996,0.4951019811557935,False,middle,0.381845557865029,0.017097160419251342
Blowjob,0.5535076225740277,0.3431611097528039,0.434142863087368,3.3906946501463158,0.1835354714850016,0.5058990560163507,False,trash,0.5535076225740277,0.015282358792816657
Memories and Remembering,0.2117599193955039,0.2376880728402721,0.255865968378464,3.400727728898685,0.1826170641047907,0.5058990560163507,False,top,0.255865968378464,0.015392612405480052
Deep Kisses and Oral Sex,0.3048631150592754,0.3140185149663106,0.2248345075294281,3.319781303509084,0.1901597726021788,0.5175234317654234,False,middle,0.3140185149663106,0.014503091247352572
Sitting on a Lap,0.0424724764098939,0.034734461791337,0.019914270597402,3.1374922948220965,0.2083062039546437,0.5598229231281051,False,trash,0.0424724764098939,0.012499915327715347
Deep Expressions of Affection,1.006188995362927,1.1791148983449886,0.9766955759221174,3.026798680046792,0.2201603047487128,0.5686429610110261,False,middle,1.1791148983449886,0.011283501978536177
Luxury Romance by the Sea,0.1267372782609035,0.1827064304429352,0.161766619938243,3.002903026260393,0.2228065187329366,0.5686429610110261,False,middle,0.1827064304429352,0.011020912376487833
Push-Pull Actions,0.1142414948134006,0.094351458921183,0.0878006832842443,3.038983938926682,0.218823027498522,0.5686429610110261,False,trash,0.1142414948134006,0.011417405922271232
Sun on the Sky and Bright Moments,0.1712265440966873,0.1555361991570203,0.1190596231946013,3.077131052478938,0.2146888461648334,0.5686429610110261,False,trash,0.1712265440966873,0.011836604972296024
Tender Kisses and Affectionate Touches,3.980942306672377,3.5185238598451902,3.164488059874045,2.9849785969728373,0.2248123334229637,0.5686429610110261,False,trash,3.980942306672377,0.010823940626075135
Charity and Giving,0.0577661811671136,0.0602441953360368,0.0614981870481435,2.837138807815452,0.2420600594896298,0.5796084155401292,False,top,0.0614981870481435,0.009199327558411559
Gym and Fitness,0.0255031707577698,0.048087437126159,0.054348384746826,2.766882168099968,0.2507143378848001,0.5796084155401292,False,top,0.054348384746826,0.00842727657252712
Hesitation Before Action,0.0843068282978916,0.0801080229306343,0.1273593245797291,2.838888646548887,0.241848369075199,0.5796084155401292,False,top,0.1273593245797291,0.009218556555482276
Moments of Comfort and Relaxation,0.0927113018375981,0.1023728473628866,0.0811341170112157,2.798310882796429,0.2468053174996878,0.5796084155401292,False,middle,0.1023728473628866,0.008772647063697023
Smoking and Cigarettes,0.0961926113462133,0.0741885246557735,0.1323998985280899,2.773808035602666,0.2498476322803579,0.5796084155401292,False,top,0.1323998985280899,0.008503385006622703
Towels or Post-Shower Moments,0.0828434080081817,0.1620154297996976,0.094195021204992,2.895607996171265,0.2350859709084927,0.5796084155401292,False,middle,0.1620154297996976,0.009841846111772143
Trip in Transport,0.0755780926527054,0.067791937526157,0.0939179096967137,2.828659624840656,0.2430884737450382,0.5796084155401292,False,top,0.0939179096967137,0.009106149723523693
Working on the Сomputer,0.1079814191564892,0.0692536697504428,0.0365851507214332,2.7776736124787798,0.2493651960391903,0.5796084155401292,False,trash,0.1079814191564892,0.008545863873393185
Birthdays and Celebrations,0.0818801277710749,0.0840425953496003,0.084632458575168,2.740250348133157,0.2540751539419874,0.5811293414630562,False,top,0.084632458575168,0.008134619210254473
Jeans and Casual Wear,0.1673712855004888,0.1249261830166537,0.1325140739710875,2.689217913012971,0.2606416101403496,0.5898731176860544,False,trash,0.1673712855004888,0.00757382321992276
Appoitments and Timing,0.4351915567278814,0.4870401748570785,0.4059417364453702,2.616433308769326,0.2703016681116112,0.5912658796918172,False,middle,0.4870401748570785,0.006773992404058527
Change Your Mind,0.2510415524350444,0.2001958334448945,0.2176060928172058,2.556975977030948,0.278458014026331,0.5912658796918172,False,trash,0.2510415524350444,0.006120615132208221
Cozy Romantic Settings (like Fireplaces),0.0667775059967134,0.050459762262093,0.0386708258017952,2.5502514842979505,0.2793958341799343,0.5912658796918172,False,trash,0.0667775059967134,0.006046719607669785
Healing and Time to Rest and Recover,0.0239861456859041,0.0257495054476272,0.0292497532141254,2.6297451640220952,0.2685085338770682,0.5912658796918172,False,top,0.0292497532141254,0.006920276527715332
Lost and Found,0.0907995453625319,0.075583116787894,0.1095611481960468,2.542309393100679,0.2805075336212342,0.5912658796918172,False,top,0.1095611481960468,0.005959443880227243
Trust and Betrayal,0.2618374561936315,0.3464854906829979,0.2923293875375442,2.632810975940155,0.2680972508550713,0.5912658796918172,False,middle,0.3464854906829979,0.006953966768573132
Weight Lifting,0.1932628451671911,0.1852060424048078,0.1538466464862722,2.5493900594248995,0.2795161993599581,0.5912658796918172,False,trash,0.1932628451671911,0.006037253400273621
Heartfelt Apologies and Reconciliation,0.9049823233393888,0.9948951165185104,1.0841070460377522,2.493718166383701,0.2874060993092969,0.5999253529271732,False,top,1.0841070460377522,0.005425474355864845
Control and Manipulation,0.1597803410632908,0.1147040206711013,0.1257497374363611,2.437908246095988,0.2955391028774726,0.6109702607563137,False,trash,0.1597803410632908,0.004812178528527343
Lessons and Learning,0.1068042410534731,0.086150120200268,0.1335956072416135,2.379433657323664,0.3043074230074445,0.6226696822907205,False,top,0.1335956072416135,0.004169600629930374
Сoffee and Tea,0.1782770454058369,0.2464773684202959,0.1934266864792159,2.3618760796189333,0.3069906340596111,0.6226696822907205,False,middle,0.2464773684202959,0.003976660215592674
Dealing with Doubts and Uncertainty,0.0911817742854457,0.0616214332322289,0.0874838549340567,2.275945333110485,0.3204680593009016,0.6439311471934004,False,trash,0.0911817742854457,0.0030323662979174185
Academic Settings,0.2136668345433678,0.2302137150735421,0.1945565156716274,2.245936675223253,0.3253127220457734,0.6476132892577895,False,middle,0.2302137150735421,0.0027026008266291517
Expecting a Child,0.3118431515281245,0.2708422191150806,0.2877871508453542,2.17226789014928,0.337518840989164,0.6657481725933052,False,trash,0.3118431515281245,0.0018930537379041735
Clenching Jaws and Suppressing Emotions,0.1769043786275615,0.1386294803035319,0.1908563130829026,2.02202311102417,0.3638507381348593,0.6900357612744539,False,top,0.1908563130829026,0.00024201220905681545
Distance and Separation,0.0542812476634311,0.0548721804689736,0.0667983467442853,2.0286424025901835,0.3626485116430746,0.6900357612744539,False,top,0.0667983467442853,0.00031475167681520294
Gym Activities,0.254678736592174,0.1223351378781192,0.1166849449647161,1.9967302215189824,0.3684813752252981,0.6900357612744539,False,trash,0.254678736592174,0.0
Irritation and Disgust,0.2326611762039126,0.2403807929847236,0.1970060858878531,1.9530585082364125,0.376615971432816,0.6900357612744539,False,middle,0.2403807929847236,0.0
Keeping Promises,0.1840152482655832,0.1406669267927164,0.1984071489415457,1.9928581112838168,0.3691954665145315,0.6900357612744539,False,top,0.1984071489415457,0.0
Luxury Apartments,0.5921618077996518,0.5963674917892571,0.4608046418778893,1.9606267746060568,0.375193499546361,0.6900357612744539,False,middle,0.5963674917892571,0.0
Mundane Tasks like Washing Dishes,0.0571917747018325,0.0731794284467245,0.0524460753846361,2.0139418118001253,0.365323905751469,0.6900357612744539,False,middle,0.0731794284467245,0.00015320672307830028
Nervous Gestures and Reactions,1.0908332359367026,0.9534418537202524,1.0238292090292938,1.941930516923719,0.378717301536677,0.6900357612744539,False,trash,1.0908332359367026,0.0
Suffering and Terrible Feelings,0.1951988834485493,0.2151922602913952,0.1766154052334824,2.039868142354184,0.3606187145567305,0.6900357612744539,False,middle,0.2151922602913952,0.0004381114544415801
Overwhelming Desire,0.0832456983654635,0.0988786115960879,0.0994997275013504,1.8897410958903649,0.3887298895277265,0.7017457124997575,False,top,0.0994997275013504,0.0
Taste and Flavors,0.209479346264786,0.1662613456322146,0.1805482024853922,1.874660917660916,0.3916720255812599,0.7017457124997575,False,trash,0.209479346264786,0.0
Pets and Animals,0.1997713758818093,0.3109362463385179,0.2957173902246345,1.8230397032100456,0.4019129116154329,0.7141427768373395,False,middle,0.3109362463385179,0.0
Figuring Out and Planning,0.0250811603697801,0.0133300339214896,0.0104697305230993,1.7463477067608706,0.417623966347991,0.7154772932767081,False,trash,0.0250811603697801,0.0
Jacuzzi and Swimming Pools,0.315937546848625,0.1286408868685439,0.1770854680124001,1.7539381252107586,0.4160419998640816,0.7154772932767081,False,trash,0.315937546848625,0.0
Morning Sickness (Find out Pregnancy),0.2018514678329352,0.2152343953949322,0.274990426254216,1.7405196134244258,0.4188427169613439,0.7154772932767081,False,top,0.274990426254216,0.0
Suitcases and Wallets,0.5475278885094297,0.6659693444896111,0.567480664046177,1.7383230742554392,0.4193029718737917,0.7154772932767081,False,middle,0.6659693444896111,0.0
Surprise and Unforeseen Revelations,0.2151135584847361,0.1946148246025237,0.1777311426097018,1.7469850571556462,0.4174909011514963,0.7154772932767081,False,trash,0.2151135584847361,0.0
Siblings and Family,2.296920583628785,2.479211517320916,2.556553819073029,1.7027311408166272,0.4268316651021977,0.7169438124763478,False,top,2.556553819073029,0.0
Spending Money,0.0255159484705236,0.0423471723227757,0.0244939833809156,1.7106122802959791,0.4251530147503363,0.7169438124763478,False,middle,0.0423471723227757,0.0
Woman Pleasure and Arousal,2.432842311979366,2.235347995127438,1.9903843674930295,1.6665272524816643,0.4346285041404976,0.7188086799246691,False,trash,2.432842311979366,0.0
Yoga and Meditation,0.0701292941480758,0.1509802604723793,0.0955743093332849,1.6803938896603705,0.4316255086452395,0.7188086799246691,False,middle,0.1509802604723793,0.0
Dress like a Billionaire,0.1704975648126375,0.220157444171891,0.1369257578958402,1.5680387139534786,0.4565672117768796,0.7198568009791367,False,middle,0.220157444171891,0.0
Mental Healthcare,0.0779066776396703,0.0707369488365816,0.0970846776531885,1.5725810500754935,0.4555314475503276,0.7198568009791367,False,top,0.0970846776531885,0.0
Missing and Dealing with Absence,0.3045712020666416,0.2766217755992372,0.2475645835407459,1.5965628725210197,0.4501018285001896,0.7198568009791367,False,trash,0.3045712020666416,0.0
Nighttime Rendezvous and Events,1.340007823724617,1.6010199504266405,1.5057753646743808,1.5805358104007636,0.4537232241870249,0.7198568009791367,False,middle,1.6010199504266405,0.0
Romantic Meals and Dates,3.0023536262327672,3.4863846553746485,3.2547693140771625,1.5587201531625965,0.4586994499262405,0.7198568009791367,False,middle,3.4863846553746485,0.0
Sex Frictions,0.0565619927733496,0.0316533954448749,0.0278897178674637,1.569221048771156,0.4562973838859189,0.7198568009791367,False,trash,0.0565619927733496,0.0
Shopping and Stores,0.1412368142240785,0.1970475285976931,0.1313830330350795,1.6005276151657664,0.4492104433633026,0.7198568009791367,False,middle,0.1970475285976931,0.0
News and Reporting,0.1516989290555025,0.1384693964930217,0.1641963024175324,1.461166427745986,0.4816280160236125,0.7503624887324398,False,top,0.1641963024175324,0.0
Romantic Gestures with Flowers,0.5401645137586291,0.2570738530761227,0.4093394387892177,1.3959710220904726,0.4975866776906801,0.7595434588327076,False,trash,0.5401645137586291,0.0
Sensual Lips and Subtle Seduction,0.3406376860349646,0.261103103766267,0.2976349362029133,1.4158579339792323,0.4926634639262005,0.7595434588327076,False,trash,0.3406376860349646,0.0
Tears and Emotional Release,0.5347536279005459,0.4960501080754547,0.5223264532182866,1.3938317520265238,0.4981191985833105,0.7595434588327076,False,trash,0.5347536279005459,0.0
Yelling and Shouting,0.1493762017837509,0.2392411254252219,0.1703462061895124,1.3184696667221631,0.5172469632317869,0.7831556133439026,False,middle,0.2392411254252219,0.0
Relationships and Partners,0.3580402420786421,0.3489996306050213,0.4025292042497501,1.3033143084203402,0.521181382818999,0.7835943867558376,False,top,0.4025292042497501,0.0
Alcohol and Drinking,1.397869715579049,1.36006150546244,1.2905424226416775,0.9959469417833412,0.6077610580475703,0.8104034799415034,False,trash,1.397869715579049,0.0
Art and Paintings,0.0818868587328511,0.126962600909261,0.0811074304841696,0.9619892645136274,0.6181682358623561,0.8104034799415034,False,middle,0.126962600909261,0.0
Avoiding Difficult Truths,0.1020807853333792,0.0848805806411596,0.1038064859230939,0.967268999324078,0.6165385057676879,0.8104034799415034,False,top,0.1038064859230939,0.0
Bits and Pieces,0.0069641260278905,0.0102665838939182,0.0019140309117639,1.0478953840331269,0.592178190444336,0.8104034799415034,False,middle,0.0102665838939182,0.0
Cameras and Paparazzos,0.2739062639652365,0.3142747126833506,0.3306882254464007,1.1368880929121663,0.5664060549313665,0.8104034799415034,False,top,0.3306882254464007,0.0
Eyeglasses,0.0659331715508254,0.0702905917888432,0.0643444186010296,0.994204913349808,0.6082906571802313,0.8104034799415034,False,middle,0.0702905917888432,0.0
Fear and Anxiety,0.4712766610545301,0.4392955062567219,0.5574537125500466,1.0554378020850788,0.5899491684033314,0.8104034799415034,False,top,0.5574537125500466,0.0
Frowns and Displeased Expressions,0.4056175256694904,0.1501939906602851,0.215379927528413,0.9780698016031514,0.6132179248233363,0.8104034799415034,False,trash,0.4056175256694904,0.0
Goosebumps and Sensations,0.0688181245935236,0.0371810699658247,0.049990868991889,1.00498943449388,0.6050194230529095,0.8104034799415034,False,trash,0.0688181245935236,0.0
Hugs and Kisses,0.4437332790446414,0.4813677048079381,0.4697544371351064,1.1644509406562595,0.558653714845279,0.8104034799415034,False,middle,0.4813677048079381,0.0
Laughter and Joy,5.459565564573414,6.422885693123633,5.584116427866727,0.9802897987934216,0.6125376314204805,0.8104034799415034,False,middle,6.422885693123633,0.0
Law enforcement or Security,0.1808945829543428,0.2029759633234012,0.1900244941639878,1.0884369863013394,0.5802951107812317,0.8104034799415034,False,middle,0.2029759633234012,0.0
Meetings and Interviews,0.1917014356004354,0.1924714072258065,0.1383342124080944,1.033579712726412,0.5964321108783992,0.8104034799415034,False,middle,0.1924714072258065,0.0
Need for Space and Personal Boundaries,0.1030465780720211,0.0867986220390623,0.0738391129290731,1.1971793276069231,0.549586191072567,0.8104034799415034,False,trash,0.1030465780720211,0.0
Office Furniture,0.2689875760615366,0.2631968534620268,0.2145706688265063,0.9833539241823126,0.6115999038785502,0.8104034799415034,False,trash,0.2689875760615366,0.0
Planning and Making Deals,0.0997743539649239,0.0778039626957756,0.0901783246091657,1.0761739726027677,0.5838641247629031,0.8104034799415034,False,trash,0.0997743539649239,0.0
Shooting and Dramatic Conflicts,0.1261957416504153,0.1336005291858734,0.1281391777114985,1.0626963169715211,0.5878119715574037,0.8104034799415034,False,middle,0.1336005291858734,0.0
Tiredness and Fatigue,0.136063118412722,0.1289524978377919,0.1048993725203597,1.139269239118628,0.5657321083877799,0.8104034799415034,False,trash,0.136063118412722,0.0
Trusting Instincts and Weakness,0.0655423362988563,0.0404809481381402,0.0531401058450792,1.1849186966588667,0.5529656758743692,0.8104034799415034,False,trash,0.0655423362988563,0.0
Waves and Ocean,0.057323694244204,0.046100416203033,0.0295727374327584,1.1185712629349884,0.5716172634146135,0.8104034799415034,False,trash,0.057323694244204,0.0
Yearning and Hope,0.0916438304779663,0.0950147535323658,0.1191498046764474,0.9884778223616758,0.6100350214919981,0.8104034799415034,False,top,0.1191498046764474,0.0
Distance and Travel,0.0797020608973652,0.0668520446207326,0.0748678755827786,0.9203045219116476,0.6311875329729439,0.8175019252360418,False,trash,0.0797020608973652,0.0
Healing and Care in Medical Settings,0.4223952769273472,0.4148048761464175,0.2924642322087645,0.9307803212887512,0.6278900793950644,0.8175019252360418,False,trash,0.4223952769273472,0.0
Tone and Speech,0.0736063046831234,0.0529602501680943,0.0619563084868778,0.9058080367637416,0.635779153809915,0.8185180722702499,False,trash,0.0736063046831234,0.0
Head Tilts,0.1829723833165907,0.1289212465047352,0.1325243052143066,0.8753866410487608,0.645523721380275,0.8225539395361432,False,trash,0.1829723833165907,0.0
Horse Races,0.0584292857356323,0.0483378704905231,0.1025345831458716,0.8652373937403495,0.6488078371041538,0.8225539395361432,False,top,0.1025345831458716,0.0
Revenge and Punishment,0.1146348838329887,0.0725282029873804,0.1022189213685634,0.8574372759856966,0.651343166622502,0.8225539395361432,False,trash,0.1146348838329887,0.0
Touching Hair or Grooming,1.2478953931520764,1.2996754982430614,1.418189625473026,0.8486313802694667,0.6542173193520022,0.8225539395361432,False,top,1.418189625473026,0.0
Creating Atmosphere with Light,0.1256559562303252,0.0836332951731567,0.0925180465637275,0.8302623227303869,0.6602536752520423,0.8253170940650528,False,trash,0.1256559562303252,0.0
Money and Transactions,0.148676160313195,0.1571807842288519,0.1586623698393655,0.8090558689702768,0.6672917419382958,0.829293205299038,False,top,0.1586623698393655,0.0
Rooms and Interiors,0.2662994305322307,0.2190995628882389,0.2265103846126159,0.7942361537627344,0.6722546432143801,0.8306594729373087,False,trash,0.2662994305322307,0.0
Providing Safety and Security,0.2358761469624066,0.1951550905834163,0.2168265049825821,0.7624242008109191,0.6830330026783429,0.8391548318619642,False,trash,0.2358761469624066,0.0
Dramatic Realizations,0.0294948132860351,0.0343180190856156,0.0384562397370917,0.7480612252748158,0.6879558513635924,0.8404006138816612,False,top,0.0384562397370917,0.0
Hopes and Fears in Dreams,0.2706910686930642,0.3015850652924905,0.338988656347347,0.6860243714100336,0.7096295641709813,0.8591466889981523,False,top,0.338988656347347,0.0
Seeing and Noticing Unseen,0.0060818030553149,0.0069939111474221,0.0051876527943202,0.6813401644870689,0.7112935378682377,0.8591466889981523,False,middle,0.0069939111474221,0.0
Cozy Moments at Home,0.412497503478422,0.4359492409484821,0.3811691766865443,0.6672970025648721,0.7163055184532565,0.8603669635053082,False,middle,0.4359492409484821,0.0
Fighting and Combat,0.3360326912597967,0.295524212157889,0.2129362824114347,0.6241902706022401,0.7319118942575873,0.8742280959187848,False,trash,0.3360326912597967,0.0
Facial Features,0.1791306380831546,0.1390118460341606,0.1474232275235251,0.553676726103803,0.7581770366291037,0.8959190214514055,False,trash,0.1791306380831546,0.0
Falling and Navigating Downfalls,0.0506974104576273,0.0584664605528815,0.0535036334745299,0.5530731779736221,0.7584058693216549,0.8959190214514055,False,middle,0.0584664605528815,0.0
Clean Up the Mess and Sorting out Personal Issues,0.0154522989063521,0.0090775560276311,0.0092880272813418,0.5167025596849463,0.7723238826380878,0.8978539246274241,False,trash,0.0154522989063521,0.0
Jail and Imprisonment,0.1034803950060852,0.0706977106713848,0.0761227922044021,0.516060188827635,0.7725719816561556,0.8978539246274241,False,trash,0.1034803950060852,0.0
"Movies, Shows, or Performances",0.1310632702865286,0.0761449179027739,0.0788627608317011,0.5320632519004669,0.7664148885186083,0.8978539246274241,False,trash,0.1310632702865286,0.0
Expressive Gazes and Eye Contact,1.6216511997112162,1.519793546791833,1.4285637578823374,0.4939588375537482,0.7811567705277243,0.9029500304487136,False,trash,1.6216511997112162,0.0
Traveling and Adventure,0.0983170031175054,0.0942174559919271,0.0950247577349117,0.4402790930613491,0.8024068170618764,0.9225532923438688,False,trash,0.0983170031175054,0.0
Expressive Hands and Touch,0.3856586831996724,0.3025863291815716,0.3187186913957024,0.3955727755499852,0.8205451128856347,0.9296537773086578,False,trash,0.3856586831996724,0.0
Looking at the Windows,0.0787703174455712,0.0938011941960209,0.0802895925764424,0.4126625386996883,0.8135635229786978,0.9296537773086578,False,middle,0.0938011941960209,0.0
Typing on a Keyboard,0.0430409369375136,0.05177270292294,0.0428711439811967,0.3931140011602818,0.8215545008774185,0.9296537773086578,False,middle,0.05177270292294,0.0
Gasping in Surprise or Sighing in Contentment,0.8748117051427444,0.8772144959654758,0.8904282902524615,0.3745580513892673,0.8292123325560079,0.932731174867614,False,top,0.8904282902524615,0.0
TV and Viewing,0.1113532721609904,0.0930351684809586,0.0985450466441938,0.3655618111662338,0.8329506305794505,0.932731174867614,False,trash,0.1113532721609904,0.0
Luxury Cars and Driving,1.3631830183646212,1.262717358994523,1.357709618989668,0.354550140339798,0.8375493679871379,0.9330213166696096,False,trash,1.3631830183646212,0.0
Guns and Weapons,0.1612247270530276,0.0680446951523538,0.1322094714767981,0.3093998515904598,0.8566722041485573,0.949127221800948,False,trash,0.1612247270530276,0.0
Slapping and Spanking,0.1006712992083176,0.0973329489465047,0.0762291632172682,0.2997018002429376,0.8608363174473713,0.949127221800948,False,trash,0.1006712992083176,0.0
Feelings On Fire,0.2867910611486774,0.2763759408522765,0.2909078897991218,0.261938827577425,0.8772446055695662,0.9521793408012909,False,top,0.2909078897991218,0.0
"Furrowed Brows, Confusion or Frustration",0.0827905142173492,0.0557729474060316,0.0789294773869806,0.1642036543287383,0.9211781529612488,0.9521793408012909,False,trash,0.0827905142173492,0.0
Gossip and Rumors,0.1051681569584219,0.1440474015848938,0.1033757505763154,0.1885823546736721,0.9100177471153617,0.9521793408012909,False,middle,0.1440474015848938,0.0
Hatred and Despise,0.8059027814612227,0.8052770734493224,0.7402357218428278,0.1651717660657823,0.9207323591736076,0.9521793408012909,False,trash,0.8059027814612227,0.0
Kneeling or Bending,0.2220225646512812,0.2218910246840373,0.2232674645234356,0.1819899164703702,0.9130223141314402,0.9521793408012909,False,top,0.2232674645234356,0.0
Meetings at the Office Doors,0.106801915915505,0.0690498880957999,0.0757897645150453,0.2229022130499365,0.89453512726497,0.9521793408012909,False,trash,0.106801915915505,0.0
Messaging,1.1417927309818203,1.1388351646912402,1.0138297087190986,0.2101668894266595,0.9002493983989764,0.9521793408012909,False,trash,1.1417927309818203,0.0
Non-Verbal Agreements and Understanding,0.6808048037481719,0.56306174720097,0.5510199826999715,0.2819418781698171,0.8685145511585521,0.9521793408012909,False,trash,0.6808048037481719,0.0
Panic and Anxiety,0.1745618430312433,0.1576750360618944,0.1601131691548195,0.1895587852353353,0.9095735709810026,0.9521793408012909,False,trash,0.1745618430312433,0.0
Scents and Smells,0.4244246891811576,0.3948757260162894,0.383908435157843,0.1753243058716299,0.916070316115674,0.9521793408012909,False,trash,0.4244246891811576,0.0
Secrets and Deception,0.690019106021974,0.6133240920735461,0.6921191422104792,0.1716879425258046,0.917737413459198,0.9521793408012909,False,top,0.6921191422104792,0.0
Sweat and Exercise,0.1826118346333645,0.1796650517123969,0.1502377625479186,0.2300607927445782,0.8913390500214553,0.9521793408012909,False,trash,0.1826118346333645,0.0
Walking and Strolling,0.1265059428417743,0.102578572583696,0.1224968908207858,0.2308494233651185,0.8909876506730148,0.9521793408012909,False,trash,0.1265059428417743,0.0
Affirmations and Mutual Agreements,7.732248039397247,7.365349779995115,9.0508590960703,0.1406422714301243,0.9320944430227508,0.954872293178884,False,top,9.0508590960703,0.0
Doors and Entrances,2.2098900092436926,2.276478081125536,2.211894857393307,0.1394163385470506,0.9326659607793748,0.954872293178884,False,middle,2.276478081125536,0.0
Happiness and Gratitude,0.2197479024606451,0.2074515884717272,0.1940028211780306,0.1176823149981198,0.9428565229512844,0.9592912756550374,False,trash,0.2197479024606451,0.0
Navigating Jealousy,0.3456373265584856,0.3478545192275358,0.3556822643189444,0.101812768217127,0.9503676358815022,0.9592912756550374,False,top,0.3556822643189444,0.0
Timekeeping and Clocks,0.1530646329324964,0.1326396863326337,0.115351993980807,0.1049240785719767,0.9488903409269872,0.9592912756550374,False,trash,0.1530646329324964,0.0
Romantic Courtship,1.8437968083255047,1.7502709752679326,1.8900269307378352,0.0871888884875033,0.957342134367331,0.9618156957428792,False,top,1.8900269307378352,0.0
Torture and Suffering,0.0810687398251357,0.0777475349278834,0.0693021764695418,0.0108912371994374,0.9945691819030962,0.9945691819030962,False,trash,0.0810687398251357,0.0
