topic_id,label,top_n,top_mean,top_median,top_q1,top_q3,top_std,middle_n,middle_mean,middle_median,middle_q1,middle_q3,middle_std,trash_n,trash_mean,trash_median,trash_q1,trash_q3,trash_std,cliffs_top_trash,cliffs_top_middle,cliffs_middle_trash,kruskal_stat,kruskal_p,mw_top_trash_stat,mw_top_trash_p,mw_top_middle_stat,mw_top_middle_p,mw_middle_trash_stat,mw_middle_trash_p,kruskal_p_adj,mw_top_trash_p_adj,mw_top_middle_p_adj,mw_middle_trash_p_adj,prevalence,mass,concentration_ratio,scene_summary,label_is_noise,middle_relative,abs_cliffs_top_trash,direction,tier
136,Excited Diversion,30,0.0011845130535662,0.0010429246543411,0.0009593421828578,0.0012859827114546,0.0004178186235631,32,0.0010116294452914,0.0009327382663937,0.0007161568502206,0.0013264338520694,0.0003298709579656,30,0.0008983213664667,0.0008246786773936,0.0006323027374545,0.0010639923681637,0.0003802141086367,0.4622222222222222,0.2416666666666666,0.2020833333333333,9.27253097241703,0.0096938318624252,658.0,0.0021566378212297,596.0,0.1037536775209856,577.0,0.174054787707623,0.526834887246048,0.2012115775538827,0.803254353877682,0.8836075805125092,0.4456521739130434,0.001031056248373,2.547247759343248,"The couple, excited and thrill-seeking, plans a fun activity together.",False,0.8943485735775488,0.4622222222222222,Top ↑,Tier 1
82,Frightened Admissions,30,0.0016069397981183,0.0014963746461461,0.0013114822215912,0.0018640920681594,0.0004096596502071,32,0.0015267238725146,0.0014729221182368,0.0013420975877514,0.0017644516431889,0.0004848582905859,30,0.0013782127285954,0.0012449979141322,0.0010396364387918,0.0015252462929468,0.0005212828535266,0.3911111111111111,0.0770833333333333,0.25625,6.624766245909257,0.0364292548322275,626.0,0.0094682697086152,517.0,0.6071572556153206,603.0,0.0844332138720946,0.526834887246048,0.3151573199952485,0.9557176373752148,0.8836075805125092,0.8586956521739131,0.0015044536926291,2.0174887101936294,"She admits her fears and insecurities to him in a quiet, intimate setting.",False,0.9843270357443704,0.3911111111111111,Top ↑,Tier 1
150,Deflecting Blame,30,0.0015027909353892,0.0014963670820074,0.0012979376751808,0.0016277499786191,0.0003183320709956,32,0.001630097763579,0.0014364445920776,0.0013158001218535,0.0018348838118245,0.0006256023484821,30,0.001763548812603,0.0016581600374506,0.00150516249728,0.0020331414031574,0.0005099647066892,-0.3866666666666666,-0.0895833333333333,-0.24375,6.400362318840564,0.0407548201899656,276.0,0.0103146724023379,437.0,0.549405685546141,363.0,0.1007957868132683,0.526834887246048,0.3151573199952485,0.944204746013971,0.8836075805125092,0.967391304347826,0.001632101313851,2.670228038501349,"He tries to deflect blame for a past mistake, but she insists it's not his fault.",False,0.8662882188726012,0.3866666666666666,Trash ↑,Tier 1
321,Emotional Relationship Delusion,30,0.00216803994762,0.0016685826124324,0.0013974891321275,0.0021756246161733,0.001382457644235,32,0.0016056519720034,0.0015628909583317,0.0012056911839102,0.0019394423822114,0.0006249219866861,30,0.0018616798639171,0.001419963358771,0.0010826546207155,0.0017626802458136,0.0024076696480687,0.3822222222222222,0.2416666666666666,0.1291666666666666,6.565392706872387,0.0375269343895478,622.0,0.0112277644666888,596.0,0.1037536775209856,542.0,0.3863349256489309,0.526834887246048,0.3151573199952485,0.803254353877682,0.8836075805125092,0.8804347826086957,0.0018725267114154,7.687276731400323,"She struggles to understand her confusing feelings about their relationship, sitting alone in her room.",False,0.9366577675093783,0.3822222222222222,Top ↑,Tier 1
313,Adrenaline-fueled Racing,30,0.0011102044572389,0.0009858485960928,0.0005284976441716,0.0013633892527736,0.0008293946252545,32,0.0007334561105578,0.0006719962623106,0.0003838173876179,0.001080548677235,0.0004442034675234,30,0.0006844107598874,0.0005249137127184,0.0003870713539889,0.0009645975347764,0.0005172074344556,0.38,0.2895833333333333,0.1041666666666666,7.123278985507227,0.0283922376671425,621.0,0.0117106837928731,619.0,0.0510692117960022,530.0,0.4856449387719904,0.526834887246048,0.3151573199952485,0.803254353877682,0.8836075805125092,0.3478260869565217,0.00084031578317,4.352154751202041,The couple's hearts race as they watch thoroughbreds compete in a thrilling race.,False,0.6816423909408518,0.38,Top ↑,Tier 1
330,Smiling And Laughing Together,30,0.0008965224234659,0.0008816580008463,0.0006942890152289,0.0010471519040129,0.0003051637756599,32,0.0012389107338763,0.0008238192692753,0.0006193966889391,0.0009962631941608,0.0022217483156146,30,0.0007164357735852,0.0006880849239172,0.0005013770430713,0.0008992760071892,0.0002657909182229,0.3688888888888889,0.1395833333333333,0.2416666666666666,6.361100397381961,0.0415627810413833,616.0,0.0144121833498758,547.0,0.3489063965375663,596.0,0.1037536775209856,0.526834887246048,0.3151573199952485,0.8750103185323755,0.8836075805125092,0.2717391304347826,0.0009568901021258,13.863483880725576,"The couple, smiling and laughing, shares playful moments together.",False,0.9343976633170692,0.3688888888888889,Top ↑,Tier 1
70,Kitten Rescue And Bonding,30,0.0009654840785162,0.0006706491275487,0.0005621547353534,0.0008823214184235,0.0007438368440165,32,0.0008497089031422,0.000618214266749,0.0004916986766775,0.0009430218494114,0.0009066922395523,30,0.0008898255102547,0.0005162330473281,0.0004407733010639,0.000791201666269,0.0011577436524572,0.3688888888888889,0.1458333333333333,0.2333333333333333,6.294237961664294,0.0429757626789818,616.0,0.0144121833498758,550.0,0.3275946323054062,592.0,0.1162806282741636,0.526834887246048,0.3151573199952485,0.8750103185323755,0.8836075805125092,0.1847826086956521,0.00090054318004,6.287898007409056,"She rescued two hairless kittens, cradling them in her lap, their tiny paws kneading her pasty skin as they purr contentedly.",False,0.9218146258196864,0.3688888888888889,Top ↑,Tier 1
76,Whispered Secrets,30,0.0012856127927963,0.0009015872285638,0.0008166005610971,0.0014313487882509,0.0010196297577174,32,0.0012161276089145,0.0008578294196525,0.000742478116049,0.0013488320006738,0.0009617142901352,30,0.0009916899021629,0.0007655709296723,0.0006814521175679,0.0009825087060906,0.0005937776677932,0.3666666666666666,0.1333333333333333,0.2145833333333333,5.876154160822807,0.0529674830850659,615.0,0.0150141327981897,544.0,0.3710785394037494,583.0,0.1487937830497453,0.526834887246048,0.3151573199952485,0.8750103185323755,0.8836075805125092,0.3478260869565217,0.0011655996123265,5.190180985312351,She whispers secrets to him in the dimly lit bedroom.,False,0.9514657010752936,0.3666666666666666,Top ↑,Tier 1
250,Protective Conversations By Firelight,30,0.00304800739483,0.0023704001033793,0.0019652301638043,0.0028623000861551,0.0023887672271675,32,0.0038623493531856,0.0030189592487232,0.0019782005039805,0.0051557222172688,0.002507629412958,30,0.0049695890820621,0.0036287712051225,0.0023809006541491,0.0080878685833462,0.0032142824855004,-0.3622222222222222,-0.2270833333333333,-0.16875,6.27653108929411,0.04335793512472,287.0,0.0162848089481173,371.0,0.1264329550680756,399.0,0.2568300820631954,0.526834887246048,0.3151573199952485,0.803254353877682,0.8836075805125092,0.9782608695652174,0.0039578594957467,3.1357462180222,"She loved him, their conversations bolder and headstrong, as he protectively pampered her by the firelight.",False,0.8319508160962099,0.3622222222222222,Trash ↑,Tier 1
39,Lip Biting During Intimacy,30,0.0018494802465974,0.0018082148876089,0.0012917170380079,0.0021737556949955,0.0009478906379855,32,0.0014299860064301,0.0014913174698318,0.0009623963622534,0.001812539047935,0.000542131191487,30,0.0014424049795049,0.0012343663838798,0.0007422084913114,0.0017550898269779,0.0009177893850675,0.3555555555555555,0.2875,0.08125,6.432605773726039,0.0401030500340324,610.0,0.0183679594713855,618.0,0.0527683488419325,519.0,0.5876068182859993,0.526834887246048,0.3151573199952485,0.803254353877682,0.8836075805125092,0.717391304347826,0.0015708272716177,3.4547573727017498,She bites her lower lip as he leans in for a kiss.,False,0.824745663569482,0.3555555555555555,Top ↑,Tier 1
55,Dominatrix Session,30,0.0051333274362202,0.004008409379597,0.0034061257458778,0.0047845202679669,0.0040518147599108,32,0.0060498217689597,0.0050313631022426,0.0034973835345221,0.0077202265287304,0.0035605370589576,30,0.0077284561135101,0.005743392782548,0.0038364898382587,0.0117875074618742,0.0046518786003829,-0.3555555555555555,-0.2020833333333333,-0.1833333333333333,5.966757246376801,0.0506215135948861,290.0,0.0183679594713855,383.0,0.174054787707623,392.0,0.2177561615654968,0.526834887246048,0.3151573199952485,0.803254353877682,0.8836075805125092,0.9891304347826086,0.0062983456858546,3.207053789805143,"A dominatrix guides her client through a BDSM session, focusing on her desires and means of gratification.",False,0.876026280133307,0.3555555555555555,Trash ↑,Tier 1
259,Work At Desk,30,0.0016600409645414,0.0015826455512684,0.0013117358574459,0.0018322917329755,0.0005796551174427,32,0.0019479756378205,0.0019064227727747,0.0014160953617286,0.0024024679378858,0.000680986098064,30,0.002192879971836,0.0022482779423601,0.001431386845311,0.0025746228287117,0.0009276653112546,-0.3511111111111111,-0.2375,-0.13125,5.85616818606826,0.0534994399673946,292.0,0.0198830764139107,366.0,0.1098761335896392,417.0,0.3786594360900338,0.526834887246048,0.3151573199952485,0.803254353877682,0.8836075805125092,0.9456521739130436,0.0019339440054519,2.62252833027804,"She sits behind her desk, worried, as she waits for news on her computer.",False,0.8479479569944365,0.3511111111111111,Trash ↑,Tier 1
176,Emotional Throat Tightness,30,0.0013681546514811,0.0012790489326535,0.0009953440729218,0.0015763396612285,0.0005395897443989,32,0.001221762715393,0.0010752692902863,0.0008932297189454,0.0015137693938246,0.0004861184669352,30,0.0011003686716491,0.0009877559250653,0.0007283550059237,0.001237061563349,0.0004634168474579,0.3466666666666667,0.16875,0.1833333333333333,5.411451028517945,0.0668218260681832,606.0,0.0215061799325118,561.0,0.2568300820631954,568.0,0.2177561615654968,0.5642347558174883,0.3151573199952485,0.8734726646103013,0.8836075805125092,0.5869565217391305,0.001229914202027,2.320108123621833,"She struggles to hold back tears, feeling a lump in her throat as she tries to express her emotions.",False,0.8406787096000669,0.3466666666666667,Top ↑,Tier 2
262,Clever Insults During Argument,30,0.0007062055726454,0.000451878413995,0.0001647078665834,0.0011099429693878,0.0007400548354717,32,0.0006786751164652,0.0004544662134461,0.0001831272655803,0.0009414321725787,0.0006831318764872,30,0.0005048139117306,7.483715808362101e-05,4.859314571698945e-05,0.0004565989014617,0.0008903871057691,0.3444444444444444,0.025,0.325,6.734455352968666,0.0344851088215394,605.0,0.0223601480626597,492.0,0.871315383351688,636.0,0.0284982755152688,0.526834887246048,0.3151573199952485,0.958056123853404,0.8638351192387718,0.2391304347826087,0.0006309585680235,6.535295680597758,"She glares at him, retorting with a clever insult as they argue in the kitchen.",False,1.0057265379320333,0.3444444444444444,Top ↑,Tier 2
60,Boss's Boss Interaction,30,0.0010250560879157,0.0008351681805123,0.0006458754580066,0.0010132274985405,0.0008284709473483,32,0.0013504458188289,0.0009685476414878,0.0007838089269717,0.0013942547050352,0.0013377325990075,30,0.001492329888744,0.0009735275302801,0.0008130661147409,0.0014716046797362,0.0012288225331343,-0.3444444444444444,-0.2708333333333333,-0.08125,5.919796049555828,0.051824201687753,295.0,0.0223601480626597,350.0,0.0681332372939536,441.0,0.5876068182859993,0.526834887246048,0.3151573199952485,0.803254353877682,0.8836075805125092,0.391304347826087,0.0012906070163295,6.244105578683415,The employee interacts with their boss's boss in a professional setting.,False,0.9948845942966632,0.3444444444444444,Trash ↑,Tier 2
97,Eyes Closed In Intimacy,30,0.0019562089019612,0.0019068068612623,0.0015665289612724,0.0021901773695782,0.000767902026435,32,0.0015926273122491,0.0016560450110687,0.0011028846735766,0.0019709584488144,0.0006259270692973,30,0.001552970894497,0.0013984014415269,0.0007839518696697,0.0019960769726598,0.0009110993809942,0.34,0.2854166666666666,0.0875,6.104999415614714,0.0472406887569279,603.0,0.0241568846428126,617.0,0.0545144786438286,522.0,0.5588402297835617,0.526834887246048,0.3151573199952485,0.803254353877682,0.8836075805125092,0.7391304347826086,0.0016982550857143,2.491648325147421,She closed her eyes as he leaned in for a kiss.,False,0.8684911712155865,0.34,Top ↑,Tier 2
239,Tearful Emotional Moment,30,0.0014713061245664,0.0013270539423551,0.0011799783936678,0.0016754570804684,0.00046065962548,32,0.0012737309625464,0.0013166699084438,0.0010117110286057,0.00144448960049,0.0004180036153142,30,0.0012348786640161,0.0010814569645171,0.0007781438806365,0.0014932118364065,0.0005330860962961,0.3377777777777778,0.20625,0.0791666666666666,4.796140135577389,0.09089320184413,602.0,0.0251012827293351,579.0,0.1653010622924956,518.0,0.5973456715788438,0.5662475925234756,0.3151573199952485,0.803254353877682,0.8836075805125092,0.7282608695652174,0.0013254884180322,1.9802010337408396,"She struggles to hold back tears, her eyes welling up as she grapples with her emotions.",False,0.9921750482046792,0.3377777777777778,Top ↑,Tier 2
36,Kneeling For Intimacy,30,0.0025988350785548,0.0022496644735633,0.0017335172111047,0.0030774797043436,0.0014922811670316,32,0.0019392912203006,0.0019928663768576,0.0013877288344098,0.0024179620221983,0.0008322638172947,30,0.0020010560642775,0.0015573150002204,0.0009955098690724,0.0025945873000399,0.0014412520198757,0.3311111111111111,0.2479166666666666,0.0375,5.108762856474982,0.0777403051550199,599.0,0.0281286698972873,599.0,0.0950817812253839,498.0,0.8052926314065638,0.5662475925234756,0.3151573199952485,0.803254353877682,0.949034512363937,0.8152173913043478,0.0021745005797238,3.689920680682045,"She kneels in front of him, her hands on his knees, looking up at him.",False,0.8858504508968005,0.3311111111111111,Top ↑,Tier 2
310,Feminist Identity Affirmation,30,0.001897795585858,0.0017123729277982,0.0014545201010798,0.0020235869825927,0.0006730360397767,32,0.0017510266388401,0.0016980889716696,0.0014294795805365,0.0019562080740213,0.0004550600693442,30,0.0015361794751579,0.0014598738672286,0.0012451776527566,0.0016925154470899,0.0004008410051006,0.3288888888888889,0.1041666666666666,0.2895833333333333,6.030805867227628,0.0490260772521772,598.0,0.029205409568445,530.0,0.4856449387719904,619.0,0.0510692117960022,0.526834887246048,0.3151573199952485,0.9075987380329,0.8836075805125092,0.9891304347826086,0.0017288272203626,1.9941986847674724,She asserts her identity and purpose as a woman.,False,0.9916583268383972,0.3288888888888889,Top ↑,Tier 2
139,Awkward Questions At Door,30,0.0025780830010705,0.0024182332801837,0.0019473746334353,0.0027964982858563,0.0011628035681539,32,0.0030674960812378,0.0029555383856675,0.0021995748066857,0.0039240741245704,0.0012009955156701,30,0.0035914212871382,0.0040903484077099,0.0019571570964272,0.0049824406281983,0.0015764767155593,-0.3244444444444444,-0.25,-0.2020833333333333,6.091675432445015,0.0475564564809797,304.0,0.031465632577256,360.0,0.0923236948533557,383.0,0.174054787707623,0.526834887246048,0.3151573199952485,0.803254353877682,0.8836075805125092,0.9565217391304348,0.0030787500352812,1.9146142465497065,"She hesitates at the door, asking him 'What is it?' with a stammer.",False,0.7225639527039401,0.3244444444444444,Trash ↑,Tier 2
226,Disco Night Adventure,30,0.002782455956763,0.0015194963393711,0.0012885199671026,0.0018807850623374,0.0066922770591569,32,0.001345365073556,0.0013072712547171,0.0011169320817136,0.001523149424374,0.0004012601876724,30,0.0013293106196661,0.0012971295818937,0.0011019953389399,0.0015361789293426,0.0003421852453459,0.32,0.3083333333333333,0.025,5.934548854604941,0.051443331966743,594.0,0.0338742801295202,628.0,0.0377396832394534,492.0,0.871315383351688,0.526834887246048,0.3151573199952485,0.803254353877682,0.952044284684592,0.8586956521739131,0.0018087465178986,21.083004822580957,She and her girlfriend dance the night away at a lively disco in Maine.,False,0.8603318973608255,0.32,Top ↑,Tier 2
27,Exiting Through Doorways,30,0.0025444435948924,0.0023233733660333,0.0016689335351025,0.0028483636494819,0.0013134631900162,32,0.0030073483277152,0.0023837862305209,0.0019925026362236,0.0040349497600941,0.0016310752610242,30,0.0034238951338218,0.0033924878247967,0.0020316480636135,0.0047970645072795,0.0016019786139194,-0.32,-0.1520833333333333,-0.1416666666666666,4.303713768115927,0.11626806089344,306.0,0.0338742801295202,407.0,0.3071464020316433,412.0,0.3417066556295937,0.5662475925234756,0.3151573199952485,0.8750103185323755,0.8836075805125092,0.9891304347826086,0.0029922316124817,2.369601187743508,"She opened the door and stepped out into the hallway, leaving him behind in the car.",False,0.7026660914832276,0.32,Trash ↑,Tier 2
245,Midnight Clock Glance,30,0.0018828686861504,0.0017578098457868,0.0015197597682922,0.0020475346104327,0.0007170789225893,32,0.0017637626583465,0.0016630537308095,0.0015083588447793,0.0019280519290312,0.0005092863407712,30,0.0015847313516087,0.0015259630353134,0.0012466654710168,0.0018192884444118,0.0004656212929864,0.3133333333333333,0.0791666666666666,0.225,4.611302010285158,0.0996938782960628,591.0,0.0377820178941672,518.0,0.5973456715788438,588.0,0.1299663221148585,0.5662475925234756,0.3151573199952485,0.9557176373752148,0.8836075805125092,0.9565217391304348,0.0017442218065202,2.865575959381859,"She glances at the digital clock on the nightstand, watching the hour hand tick towards midnight.",False,0.946094163817604,0.3133333333333333,Top ↑,Tier 2
272,Reluctant Relationship Talk,30,0.0012866338538931,0.001307446650216,0.0009877372810284,0.0014518906700774,0.000396920949118,32,0.0014511464266244,0.0014113308604169,0.0011506069332874,0.0016837144605225,0.0004432316193284,30,0.0016120771568048,0.0016124137172481,0.0011494205777537,0.0020385231160562,0.0005685715452864,-0.3133333333333333,-0.2,-0.1708333333333333,4.959408602150575,0.0837679920354804,309.0,0.0377820178941672,384.0,0.1785594115121441,398.0,0.2509680700975065,0.5662475925234756,0.3151573199952485,0.803254353877682,0.8836075805125092,0.8043478260869565,0.0014499784344882,1.819359518497054,"She hesitates, then says 'no' to his advances, sparking a conversation about their relationship.",False,0.8752907258172791,0.3133333333333333,Trash ↑,Tier 2
339,Prolonged Waiting,30,0.0012185040299361,0.0011533908842369,0.0008992753289618,0.001416022701351,0.0004469397829986,32,0.0011075437730853,0.0010888837600264,0.0008569292781105,0.0012700354327963,0.0003731894480693,30,0.0009884676085307,0.0009048561501245,0.0006086562061101,0.0011572440794433,0.0004416937223877,0.3133333333333333,0.1333333333333333,0.2375,5.11424731182791,0.0775274155679134,591.0,0.0377820178941672,544.0,0.3710785394037494,594.0,0.1098761335896392,0.5662475925234756,0.3151573199952485,0.8750103185323755,0.8836075805125092,0.5869565217391305,0.0011048972814427,2.3799432332990227,"She waits patiently, her mind racing with anticipation.",False,0.944071676394098,0.3133333333333333,Top ↑,Tier 2
54,Phone Ringing And Answering,30,0.0037004410819417,0.003641069482812,0.0028160011456463,0.0039667406518815,0.0015291746005041,32,0.0043672727604576,0.0044409839915353,0.0028467140752086,0.0057512768812504,0.0017719294053941,30,0.0050488617626502,0.0051139357580521,0.0030318537021497,0.0067471042978688,0.0024011104864898,-0.3066666666666666,-0.25,-0.1645833333333333,5.387047101449298,0.0676421783289971,312.0,0.0420668213238356,360.0,0.0923236948533557,401.0,0.2688375633590584,0.5642347558174883,0.3303519167305191,0.803254353877682,0.8836075805125092,0.9782608695652174,0.0043720849312217,2.194563663068463,"The phone rings, and someone picks it up.",False,0.8684082309211582,0.3066666666666666,Trash ↑,Tier 2
308,Clitoral Stimulation During game,30,0.0011547841454466,0.0011529965543723,0.0009222550306466,0.0013904910114689,0.00033500661332,32,0.0010940494639841,0.0010503739344541,0.0008430406622932,0.0013450754332913,0.0003429747199495,30,0.0014017253233072,0.0012909248701571,0.0011903446864276,0.0015912854034104,0.0005983718190426,-0.3022222222222222,0.1125,-0.3666666666666666,7.183812529219267,0.0275457708148552,314.0,0.045146208380795,534.0,0.4510919207309779,304.0,0.0134330882049781,0.526834887246048,0.3303519167305191,0.9021838414619558,0.8638351192387718,0.7065217391304348,0.0012141833359794,3.0984507609212613,"He gently caresses her clitoris as they lie on the bed, building anticipation before going further.",False,0.8136599405357611,0.3022222222222222,Trash ↑,Tier 2
1,Intimate Breast And Nipple Kissing,30,0.0080379405526671,0.0031262891610535,0.0025822655305402,0.0041811094095184,0.0151862783484355,32,0.013307917593782,0.0033795606365599,0.0027850596842224,0.0161866856594773,0.017930785277915,30,0.0200730489150101,0.004122404981173,0.0031429183763712,0.0428595677380082,0.0220238114286251,-0.2977777777777777,-0.1854166666666666,-0.1708333333333333,4.508225222066358,0.1049666486659438,316.0,0.0484134994648136,391.0,0.2125432751706885,398.0,0.2509680700975065,0.5662475925234756,0.3303519167305191,0.8076644456486163,0.8836075805125092,0.9891304347826086,0.0137954679025145,4.604132488617969,He gently kisses her breasts and nipples while she responds with soft moans.,False,0.8198031416161202,0.2977777777777777,Trash ↑,Tier 2
69,Painful Emotional Burden,30,0.0013706320368011,0.0013722037323352,0.001147221934614,0.0014902836278926,0.0002734071849742,32,0.0013012941413217,0.0013801841085258,0.0010716762061741,0.0015064943870862,0.0002729026694594,30,0.0012117755431701,0.0011790193865033,0.0008771883700198,0.001490474929217,0.0003489094863171,0.2977777777777777,0.0708333333333333,0.16875,3.5773696820944,0.1671798932830094,584.0,0.0484134994648136,514.0,0.637014020321811,561.0,0.2568300820631954,0.5878891810726522,0.3303519167305191,0.9557176373752148,0.8836075805125092,0.8152173913043478,0.0012947134774068,1.4783127509165794,She struggles with the emotional pain and guilt that weigh heavily on her heart.,False,1.0058156638266902,0.2977777777777777,Top ↑,Tier 2
142,Kitchen Conversation,30,0.0018260647969467,0.0017069118380278,0.0014044029862877,0.0020160870540951,0.0005449240246455,32,0.0017974631397743,0.0017003685410443,0.0014093626196868,0.0019996400167392,0.000557996459599,30,0.0016326098834238,0.0015082962584908,0.001254698203337,0.0017924989185163,0.0007560421459414,0.2933333333333333,0.0333333333333333,0.2458333333333333,4.401951846657312,0.1106950757239618,582.0,0.051877131053959,496.0,0.8271708206522327,598.0,0.0979054827222475,0.5662475925234756,0.3303519167305191,0.9557176373752148,0.8836075805125092,0.967391304347826,0.0017530332704771,2.939997587686975,"The couple stands in the kitchen, discussing their day while she leans against the counter.",False,0.99616652925225,0.2933333333333333,Top ↑,Tier 2
178,Pursuit Of Happiness,30,0.0016478730500809,0.0015983759660383,0.0014947840052133,0.0017796802750853,0.0004030288208069,32,0.0016866416410146,0.0016389517718234,0.0014290592000777,0.0018790218641294,0.0003094281871858,30,0.0015167594047543,0.001395937852943,0.0011939375289625,0.0015982081446489,0.0004680122454708,0.2933333333333333,-0.0708333333333333,0.34375,6.308505726975227,0.0426702696024829,582.0,0.051877131053959,446.0,0.637014020321811,645.0,0.0204965832588883,0.526834887246048,0.3303519167305191,0.9557176373752148,0.8638351192387718,0.9565217391304348,0.0016186033277992,1.676149235549724,"The couple reflects on their journey together, finding happiness in each other's company.",False,1.025385581433124,0.2933333333333333,Top ↑,Tier 2
365,Morning Grooming In Bathroom,30,0.0020753925318731,0.0020281713032034,0.0017970906640032,0.0023086003854629,0.0003889851968254,32,0.001952683967768,0.001933070033337,0.0015971113419827,0.0022372729793404,0.0006081940680652,30,0.0019233853008765,0.0018092483559486,0.0013545512894511,0.0022004153031958,0.0007216691147172,0.2911111111111111,0.1729166666666666,0.0854166666666666,3.601390836839641,0.1651839762905091,581.0,0.0536852532867982,563.0,0.2452000867324996,521.0,0.5683527786758931,0.5878891810726522,0.3303519167305191,0.8556982618623966,0.8836075805125092,1.0,0.0019831437168594,2.0020153920695463,"She looks at her reflection in the bathroom mirror, her eyes meeting her own as she prepares for the day.",False,0.9531097964816236,0.2911111111111111,Top ↑,Tier 2
75,Bedroom Encounter,30,0.0025129161890571,0.002424161624552,0.0020023336171795,0.0029125439518816,0.0008992334539632,32,0.0023500917778765,0.002133453226192,0.0018102882581898,0.002965263595643,0.0007731743079635,30,0.0020895640377066,0.0018398953810021,0.0014182724220457,0.002604118693626,0.0008245709570095,0.2911111111111111,0.125,0.23125,4.557430458158024,0.102415702943179,581.0,0.0536852532867982,540.0,0.4019681956154475,591.0,0.119591043939614,0.5662475925234756,0.3303519167305191,0.8878722574664448,0.8836075805125092,0.9891304347826086,0.0023182319966843,2.418321188374706,"The couple finds themselves in the bedroom, surrounded by pillows and sheets, as they share an intimate moment.",False,0.8800787524134174,0.2911111111111111,Top ↑,Tier 2
202,Hatred-fueled Argument,30,0.0041940489214687,0.0040928521960878,0.0036373338012062,0.0045119450831014,0.0008268457840343,32,0.0045779925620923,0.0045428745242771,0.0041753975627712,0.0051964324761608,0.0007872102606233,30,0.0045067108350789,0.0045138199870954,0.0041175682312238,0.0048707910974001,0.0007326087901504,-0.2911111111111111,-0.30625,0.0604166666666666,5.457129499766268,0.0653129628674006,319.0,0.0536852532867982,333.0,0.0390570836696214,509.0,0.6880901161436235,0.5642347558174883,0.3303519167305191,0.803254353877682,0.9121194562834078,1.0,0.0044295495074281,1.461340625809809,"She and he argue heatedly in the kitchen, fueled by long-standing hatred.",False,1.0064367734249602,0.2911111111111111,Trash ↑,Tier 2
22,Resisting Temptation,30,0.001538814982416,0.001509901851681,0.0012649778469865,0.0018309399745003,0.0003819425054127,32,0.0014619902364863,0.0013430084398509,0.0010251103223286,0.0016547081404604,0.0006119816870718,30,0.001394734114513,0.0012970422537866,0.0010427915450108,0.0015981751961189,0.0005274965740082,0.2866666666666667,0.2083333333333333,0.05,3.799205236091609,0.1496280669037636,579.0,0.0574595460285452,580.0,0.1610504220084861,504.0,0.7406303229269524,0.5843354567918143,0.3303519167305191,0.803254353877682,0.9176526394995788,0.8043478260869565,0.0014651104399503,2.5272151197365305,"She struggles with her desire, trying to make the right choice.",False,0.8894673182955678,0.2866666666666667,Top ↑,Tier 2
9,Marriage Ceremony Planning,30,0.004863123317793,0.0037596111741784,0.0022935037946545,0.0059511060048221,0.0036963815286838,32,0.0040816653577519,0.0032167957856828,0.0018645966799499,0.0042839956779912,0.0031479594548185,30,0.0040653875765982,0.0022168807014418,0.0017740276696053,0.0040473098200124,0.0042686803777617,0.2866666666666667,0.1604166666666666,0.175,4.107103202431006,0.1282784995101343,579.0,0.0574595460285452,557.0,0.2812249485360865,564.0,0.2395257496720907,0.5697564523696877,0.3303519167305191,0.8734726646103013,0.8836075805125092,0.9891304347826086,0.0043311806334761,4.472238740390678,"The couple plans their wedding ceremony, discussing details and arrangements.",False,0.85561925185624,0.2866666666666667,Top ↑,Tier 2
33,Business Discussion,30,0.0023105002926826,0.0021845509735314,0.0015881221362913,0.0026530455744886,0.0010191646965732,32,0.0024347847524483,0.0021366685590091,0.0018895593104697,0.0030429361391582,0.0009464934237137,30,0.0027978889391733,0.00249598408222,0.0019456350083276,0.0031864195702349,0.0012913340948129,-0.2844444444444444,-0.1083333333333333,-0.1708333333333333,3.615883590462829,0.163991317401798,322.0,0.0594279151689524,428.0,0.4681919118125999,398.0,0.2509680700975065,0.5878891810726522,0.3303519167305191,0.904641999095532,0.8836075805125092,0.9891304347826086,0.0025126607503698,2.823964871994185,The couple discusses business matters at the dinner table.,False,0.856042507893096,0.2844444444444444,Trash ↑,Tier 2
303,Living Life To Fullest,30,0.0015590112538724,0.0016079340977494,0.0013461318426057,0.0018296210575552,0.0004082128289541,32,0.0015250705580118,0.0015288099872966,0.001181522124178,0.0017864131773041,0.000496913116334,30,0.0013167218495278,0.0014360247891411,0.000813062206355,0.0016104506707089,0.0005543209760831,0.28,0.1041666666666666,0.2041666666666666,3.8949041608227617,0.1426370366870453,576.0,0.0635326507348074,530.0,0.4856449387719904,578.0,0.1696355912946409,0.5843354567918143,0.3303519167305191,0.9075987380329,0.8836075805125092,0.8369565217391305,0.0014681983799824,1.887072085372756,She contemplates the meaning of living life to the fullest.,False,0.9507913877548676,0.28,Top ↑,Tier 2
160,Emotional Panic Attack,30,0.0024706666583471,0.0021811726310039,0.001584926665657,0.0028439724239171,0.0013514291706878,32,0.002914853343642,0.0025614588614512,0.0018048104694566,0.0039482754835545,0.0015297463585522,30,0.0035016313212429,0.0032871679462139,0.0018311099518915,0.0051583930351183,0.0019869097285879,-0.2777777777777778,-0.1625,-0.1583333333333333,3.815509583917674,0.1484132313832607,325.0,0.0656712576891265,402.0,0.2749836375168771,404.0,0.2875617147663595,0.5843354567918143,0.3303519167305191,0.8734726646103013,0.8836075805125092,0.9347826086956522,0.0029613505041766,2.6261956761551404,"She gasps repeatedly, tears streaming down her cheeks, as panic surges through her body.",False,0.7792296668256417,0.2777777777777778,Trash ↑,Tier 2
352,Wrongful Termination Discussion,30,0.0009058520259539,0.000738465939433,0.0006209502976437,0.0011002897603374,0.0004257221555542,32,0.0009880916436325,0.0008708710078013,0.0007323076882913,0.0011426323033996,0.0003995949635183,30,0.0010500366876187,0.0009859351720582,0.0007930416020724,0.0011647845417319,0.0004350887815008,-0.2777777777777778,-0.1854166666666666,-0.1166666666666666,3.7203336839644408,0.1556466598043197,325.0,0.0656712576891265,391.0,0.2125432751706885,424.0,0.4343511151453348,0.5843354567918143,0.3303519167305191,0.8076644456486163,0.8836075805125092,0.4021739130434782,0.0009814738478632,2.9495739842568063,A lawyer and a client discuss the details of a wrongful termination case in a law office.,False,0.8832943018493369,0.2777777777777778,Trash ↑,Tier 2
338,Freshman Roommate Awakening,30,0.0013584722516482,0.0012045292611322,0.0010760189146229,0.0015079137934406,0.0004785953791254,32,0.0015305175739099,0.0011819322964903,0.0010059345411961,0.0013856706869916,0.0018551063385676,30,0.001579463085193,0.001048253823838,0.0009213477554296,0.0014022866096774,0.002454333197725,0.2777777777777778,0.1104166666666666,0.1916666666666666,3.7493659420289873,0.1534035925219569,575.0,0.0656712576891265,533.0,0.4595973861839423,572.0,0.1974466794044651,0.5843354567918143,0.3303519167305191,0.904641999095532,0.8836075805125092,0.7391304347826086,0.0014903763311995,9.628838455200697,"A freshman roommate, Paige, is sexually awakened by her new roommate's advances in their dorm room.",False,0.9812399221047946,0.2777777777777778,Top ↑,Tier 2
233,Admiring Intelligence,30,0.0022261400820443,0.0019511633790651,0.0015784158503964,0.0024893970961332,0.0010175389010706,32,0.0024613405839819,0.0024594328179076,0.0018287030680697,0.0032746194476171,0.0009392301454312,30,0.002873647747125,0.0028342916095474,0.0018235909374706,0.0040614074343069,0.0012828297293907,-0.2777777777777778,-0.19375,-0.1645833333333333,4.175958391771815,0.1239373360080181,325.0,0.0656712576891265,387.0,0.1925931491753506,401.0,0.2688375633590584,0.5662475925234756,0.3303519167305191,0.803254353877682,0.8836075805125092,0.9456521739130436,0.0025190927561141,2.0824731264464327,He admired her intelligence as they discussed their shared interests over dinner.,False,0.8677415982352751,0.2777777777777778,Trash ↑,Tier 2
217,Snarky Banter In Morning,30,0.0009761762269246,0.0009984169699103,0.0007466086128697,0.001188215576861,0.0003976274818609,32,0.0010863892046044,0.0010345261607822,0.0007779625510885,0.0012034077304075,0.0005019261065043,30,0.0008177918483872,0.0007627170252731,0.0005345706712944,0.0009938256762288,0.0003589007503487,0.2777777777777778,-0.0833333333333333,0.3416666666666667,6.06643291257592,0.0481604826471828,575.0,0.0656712576891265,440.0,0.5779420743689889,644.0,0.0212762919731166,0.526834887246048,0.3303519167305191,0.9557176373752148,0.8638351192387718,0.4239130434782608,0.0009628640957249,2.6833242740502525,She teases him with snarky remarks as they wake up together in the morning.,False,1.0361663396591223,0.2777777777777778,Top ↑,Tier 2
85,Pride In Accomplishments,30,0.0058688032217811,0.0058354786633142,0.0050445671294127,0.006424187826006,0.0012176779237119,32,0.0062341575947063,0.006213606766373,0.0057225664396514,0.0067968761378008,0.0009552521230673,30,0.0064300655638933,0.0062444511028175,0.0057346272232447,0.0067652158597414,0.0012242410355161,-0.2777777777777778,-0.2270833333333333,-0.0625,3.956612318840541,0.1383033027666829,325.0,0.0656712576891265,371.0,0.1264329550680756,450.0,0.6777509024772345,0.5839472783482167,0.3303519167305191,0.803254353877682,0.9121194562834078,1.0,0.0061789033326177,1.8229383977115423,She proudly reflects on her achievements.,False,0.9950605048477844,0.2777777777777778,Trash ↑,Tier 2
44,Mother-player Relationship Struggles,30,0.0022352918734602,0.0019043529414152,0.0015043912698555,0.0025343829478072,0.0010439363227677,32,0.0020180854607392,0.0018660316457968,0.0015116454873685,0.0021983717690301,0.0008770929891273,30,0.0017562240648916,0.0016085164505515,0.0013366042741391,0.0020304468565302,0.000630556292982,0.2777777777777778,0.1354166666666666,0.15625,3.562120149602606,0.1684594729389471,575.0,0.0656712576891265,545.0,0.3635925552629117,555.0,0.293994119732533,0.5878891810726522,0.3303519167305191,0.8750103185323755,0.8836075805125092,0.9456521739130436,0.0020035240531979,2.492343192585203,the player struggles with his mother's expectations and emotional state in their home.,False,0.9798769478216746,0.2777777777777778,Top ↑,Tier 2
37,Insane Arguments,30,0.0028477273654072,0.0026029015212974,0.0022872087960628,0.0032065109383784,0.0009784751672559,32,0.0023662485507426,0.002382305193013,0.0018602548314129,0.0028208713122973,0.0007492825170739,30,0.0024521628102575,0.0022311038825973,0.001896153090042,0.0027265233281906,0.0008433341295967,0.2755555555555555,0.2583333333333333,-0.0125,4.267028985507238,0.1184203741041601,574.0,0.0678688608194432,604.0,0.0819276672138918,474.0,0.9382476885285456,0.5662475925234756,0.3303519167305191,0.803254353877682,0.9753213054004942,0.9891304347826086,0.0025512680314533,2.4175051209725744,"The couple, exasperated, argues ridiculously in the kitchen.",False,0.915249801806046,0.2755555555555555,Top ↑,Tier 2
19,Adrenaline-fueled game,30,0.0033082702437427,0.0027537800542741,0.0022718211760052,0.0042222830571044,0.0017718122602057,32,0.0027815594876949,0.0024858780527538,0.0014777405000598,0.0040034831747843,0.0017501899790937,30,0.0025952475111479,0.0022765319114891,0.0008622714717987,0.0038177314956981,0.0019506761782572,0.2755555555555555,0.2041666666666666,0.0770833333333333,3.6789825853202274,0.1588982382504056,574.0,0.0678688608194432,578.0,0.1696355912946409,517.0,0.6071572556153206,0.5843354567918143,0.3303519167305191,0.803254353877682,0.8836075805125092,0.8152173913043478,0.002892559089706,3.020010039940141,She feels her heart race and stomach flutter as he traces her veins with his fingers during intense foreplay.,False,0.902714782403913,0.2755555555555555,Top ↑,Tier 2
229,Fascinated Gaze,30,0.0037893007053993,0.0035710956618923,0.0027479718886708,0.0047612416202683,0.0019145963772379,32,0.0039298491408066,0.0040576600006741,0.0028383466489473,0.004718299825109,0.0015370733671645,30,0.0047817722957034,0.0047701313600513,0.0029209998102298,0.0066527089889438,0.0021548650218543,-0.2733333333333333,-0.0895833333333333,-0.2416666666666666,4.192283193080868,0.1229298272542697,327.0,0.0701265940712882,437.0,0.549405685546141,364.0,0.1037536775209856,0.5662475925234756,0.3303519167305191,0.944204746013971,0.8836075805125092,0.9565217391304348,0.0041618191580314,2.195318456170376,"She looks at him, her gaze widening with fascination.",False,0.8506390305290414,0.2733333333333333,Trash ↑,Tier 2
264,Schoolyard Argument,30,0.0042512343713448,0.0041699254151364,0.0037852183931179,0.0050662489399381,0.0009228121447304,32,0.0050208271688769,0.0037993111580583,0.0034116191990795,0.004135262160106,0.0066364889669253,30,0.0038155122043964,0.0035996925986873,0.0031068553687805,0.0044020814031303,0.0008926917543859,0.2711111111111111,0.2979166666666666,0.00625,4.87260402057035,0.0874837680974276,572.0,0.0724455957742366,623.0,0.0447239701840211,483.0,0.971908492263774,0.5662475925234756,0.3303519167305191,0.803254353877682,0.9947776927930492,1.0,0.0043768355073511,9.363098351229617,The daughter and her friends argue loudly in the schoolyard.,False,0.9111220678324466,0.2711111111111111,Top ↑,Tier 2
42,Exploring Virginity,30,0.0012186660562305,0.0010354589764618,0.0007573957025139,0.001507081387529,0.000647484566309,32,0.0010490678318602,0.0008873980776806,0.000675335252979,0.0013369467778096,0.00057739583399,30,0.0009032643087202,0.0008726941148567,0.0006462359010799,0.0011621658719861,0.0003894143140581,0.2711111111111111,0.14375,0.1083333333333333,3.1336109163160586,0.2087108540890773,572.0,0.0724455957742366,549.0,0.3346026954191381,532.0,0.4681919118125999,0.6373135008791468,0.3303519167305191,0.8750103185323755,0.8836075805125092,0.4565217391304347,0.0010568269735658,2.729258150026845,She tentatively explores her virginity with him.,False,0.857009318719676,0.2711111111111111,Top ↑,Tier 2
167,Intense Orgasmic Waves,30,0.0014918778964166,0.0014974489024362,0.0011588759861973,0.001736787012495,0.0005773317165552,32,0.0012487429686386,0.0012801115982945,0.0009488227856452,0.0015381193300458,0.0003976577988282,30,0.0012784329363602,0.0011688824803075,0.0007681968678583,0.0015938278322593,0.0006262912908382,0.2688888888888889,0.2583333333333333,0.0541666666666666,4.237388966806861,0.1201884341284881,571.0,0.0748270080049043,604.0,0.0819276672138918,506.0,0.7194525394032845,0.5662475925234756,0.3358861933995321,0.803254353877682,0.9176526394995788,0.717391304347826,0.0013377076084754,2.6627877395587745,She experiences intense orgasmic waves throughout their passionate encounter.,False,0.8548615653768121,0.2688888888888889,Top ↑,Tier 2
209,Clan Heir's Obsession,30,0.0026656951017186,0.0020821901450695,0.0017011732142292,0.0024682198022485,0.0024897337779054,32,0.0020415187023959,0.0019980358822511,0.0017497944080885,0.00235868178451,0.0005637681742683,30,0.0021003981164622,0.0018876256700184,0.0014289078931544,0.0022145711037565,0.0019021894405775,0.2666666666666666,0.0979166666666666,0.1958333333333333,3.5416520570360035,0.1701923470141535,570.0,0.0772719759293395,527.0,0.5124712646622136,574.0,0.187827882736697,0.5879371987761668,0.3388078944594117,0.9176187042642776,0.8836075805125092,0.9565217391304348,0.0022642542937184,6.019987337449924,"The eldest son of a powerful clan is consumed by an unwarranted obsession with his adoptive sister, leading to intense, often inappropriate interactions.",False,0.9595837301525744,0.2666666666666666,Top ↑,Tier 2
231,Sweaty Forehead During Intimacy,30,0.0015492521420148,0.0014216962206676,0.0012149480157636,0.0016850466661644,0.0007734062513805,32,0.0012987643164814,0.0012889019583585,0.0008936169536942,0.001546469658477,0.0005191551828772,30,0.0013241437549052,0.0011440766159595,0.0007874237764011,0.0017890367075223,0.0007556636734363,0.2622222222222222,0.2104166666666666,0.0479166666666666,3.4383239831697097,0.1792162697432044,568.0,0.0823571708823861,581.0,0.1568828738571886,503.0,0.7512945586546258,0.5899772703024327,0.3565335752123553,0.803254353877682,0.9176526394995788,0.6956521739130435,0.0013887210329892,3.3746048034653837,She notices beads of sweat trickling down his forehead as they grow closer.,False,0.906594424998779,0.2622222222222222,Top ↑,Tier 2
318,Mutual Clitoral Stimulation,30,0.001502856014496,0.0015423962377685,0.0013423206196185,0.0016242864600676,0.0002456234183906,32,0.0016173489292229,0.0015671709963317,0.0014126486144581,0.0017616537028683,0.0003411103837896,30,0.0013874779032262,0.0013022308646074,0.0011075456755602,0.0015967702964062,0.0004422916356354,0.26,-0.1458333333333333,0.36875,6.81818314633,0.033071229526547,567.0,0.084999697486964,410.0,0.3275946323054062,657.0,0.0129129132565913,0.526834887246048,0.3588876116116261,0.8750103185323755,0.8638351192387718,0.9130434782608696,0.0015050563398565,1.6686686513193747,"She and he mutually stimulate each other's clitoris, expressing mutual pleasure.",False,1.016062446439015,0.26,Top ↑,Tier 2
156,Trust Assurance Conversation,30,0.0025436856314136,0.002571371503376,0.0022044919247769,0.0027244778312691,0.0005847168300507,32,0.0023874067678217,0.00240683916736,0.0020587804201725,0.0026281992798369,0.0004655844590937,30,0.0022414767812104,0.002400792032308,0.0018708958720685,0.0026554099388181,0.0005798556370177,0.2577777777777778,0.2125,0.0770833333333333,3.501352851799936,0.1736564380007008,566.0,0.0877103774809813,582.0,0.1527976041779375,517.0,0.6071572556153206,0.5899772703024327,0.3658164524206783,0.803254353877682,0.8836075805125092,0.9782608695652174,0.0023907814016197,1.8077223165284868,"The couple, sitting at a table, reassures each other about their trust and commitment.",False,0.9360137462045368,0.2577777777777778,Top ↑,Tier 2
31,Clothing Shopping Together,30,0.0010365561436276,0.0010678925380832,0.0009222516164242,0.0011402925576298,0.0001398598461196,32,0.0010491014190904,0.0010550831763302,0.0009500678588928,0.0011414932766705,0.0001567220861511,30,0.0009821755861674,0.0009659807682974,0.0008973055025413,0.0010573167857317,0.0001631512172358,0.2555555555555555,-0.0208333333333333,0.26875,4.145602501168753,0.1258327983385501,565.0,0.090490360906144,470.0,0.8935480033872298,609.0,0.0702897866364608,0.5662475925234756,0.3684250408321577,0.9609855885485302,0.8836075805125092,0.5543478260869565,0.0010231869272255,1.5007336904691382,"The couple browses clothing racks, trying on outfits and discussing their choices.",False,0.988004916134616,0.2555555555555555,Top ↑,Tier 2
281,Sleeping Together,30,0.0011407405773403,0.0010542509517809,0.0008942480391545,0.0013237745624231,0.0003773649953779,32,0.0011258458255189,0.0011268707058168,0.0009827571040561,0.0012818331420265,0.0002442986541678,30,0.000961842682538,0.0009539023986823,0.0006399751375534,0.0011788239462853,0.0004233713461056,0.2555555555555555,-0.0020833333333333,0.30625,4.77676484338474,0.0917780220084068,565.0,0.090490360906144,479.0,0.994380583695647,627.0,0.0390570836696214,0.5662475925234756,0.3684250408321577,1.0,0.8638351192387718,0.6086956521739131,0.0010772235240538,1.931303633989475,"She watches him sleep, exhausted from the night's activities.",False,1.0688826953629371,0.2555555555555555,Top ↑,Tier 2
24,Phone Notifications During Night,30,0.0015438510913257,0.0015353556043921,0.001100612310005,0.0021060778136974,0.0007281644892002,32,0.0013262837886623,0.0012405479254948,0.0007311840076187,0.0018818800557806,0.0007321262823088,30,0.0014099884423955,0.0011379554365834,0.0004615756397112,0.0018303102205535,0.0013004524898339,0.2488888888888888,0.19375,0.0770833333333333,3.1400654511453467,0.2080383740706889,562.0,0.0992576082398256,573.0,0.1925931491753506,517.0,0.6071572556153206,0.6373135008791468,0.3814168766069706,0.803254353877682,0.8836075805125092,0.6413043478260869,0.001424524644009,4.659316462252575,"She's about to fall asleep when her phone buzzes on the nightstand, lighting up the screen with an incoming message.",False,0.8079873100064312,0.2488888888888888,Top ↑,Tier 2
93,Family Apologies And Reconciliation,30,0.0012500964051789,0.0011966713604792,0.0010256605441868,0.0013361120893957,0.0003577965853668,32,0.0013598286822736,0.0013904536575391,0.0011998415073289,0.0015644785670736,0.0003437987701578,30,0.001450611115187,0.001491285249765,0.0010391075086199,0.0017405197062794,0.0004661549101616,-0.2488888888888888,-0.275,-0.11875,4.365144343150973,0.1127511420532244,338.0,0.0992576082398256,348.0,0.0639832712003089,423.0,0.4261171391212993,0.5662475925234756,0.3814168766069706,0.803254353877682,0.8836075805125092,0.8043478260869565,0.0013536493852579,1.877904598810043,"The family gathers around the table, with parents and siblings present, as apologies are exchanged and past faults are addressed.",False,0.9323860505692306,0.2488888888888888,Trash ↑,Tier 2
328,Intense Moaning During Foreplay,30,0.0009891967757901,0.0009672632712737,0.0008060789347895,0.0010989760127713,0.0002211770034063,32,0.0010104592197245,0.0009137162305054,0.0007483980611421,0.0012989942100218,0.0003299101065907,30,0.0009161769985656,0.0008663058985253,0.0006668539842918,0.0010685591528573,0.0002938343213944,0.2444444444444444,0.0395833333333333,0.1666666666666666,2.628772206638644,0.2686391893353173,560.0,0.1054699465217777,499.0,0.7944092971383729,560.0,0.262786473545053,0.688075175389118,0.3878572226929892,0.9557176373752148,0.8836075805125092,0.3804347826086957,0.0009727816115419,1.868499299398637,"She moans loudly, her body tensing as he stimulates her clitoris with his fingers.",False,0.9446405784003136,0.2444444444444444,Top ↑,Tier 2
10,Knocking On Door,30,0.005419246884148,0.0050031797704713,0.0041333899513827,0.0063727579155211,0.0020446609922769,32,0.0047912437370745,0.0046922880926326,0.0033341775515614,0.0057340645464958,0.0018680085436054,30,0.0048133921819697,0.0040651765275327,0.0030134446021922,0.0058598168838914,0.0026239522055139,0.2444444444444444,0.19375,0.0666666666666666,3.0323252688172038,0.2195527767906332,560.0,0.1054699465217777,573.0,0.1925931491753506,512.0,0.65725516871927,0.6419271916626931,0.3878572226929892,0.803254353877682,0.8991250708079613,1.0,0.0050032496909773,2.5744567748706872,Someone hesitates before knocking on a door in a hallway.,False,0.9378611631227536,0.2444444444444444,Top ↑,Tier 2
285,Size Comparison Conversation,30,0.0020185139508592,0.0020693781156562,0.0016992935480427,0.0022503439776811,0.0003979363928496,32,0.0018929410917113,0.0019292359714068,0.00147427290751,0.0023580842112021,0.0006041152320482,30,0.0017900080338492,0.0017971266080471,0.0013543122245594,0.0022249849985727,0.0005989945544692,0.2444444444444444,0.1229166666666666,0.1166666666666666,2.6239101215521146,0.2692930571015301,560.0,0.1054699465217777,539.0,0.4099251267284276,536.0,0.4343511151453348,0.688075175389118,0.3878572226929892,0.8878722574664448,0.8836075805125092,0.967391304347826,0.0019003236356088,1.5861955239833574,"The couple compares the size of objects, leading to flirtatious banter.",False,0.9322780904963746,0.2444444444444444,Top ↑,Tier 2
350,Sisters Reflecting On Childhood,30,0.0043586874291172,0.0040900577350829,0.0031675796504989,0.0044748855776984,0.0028386849560199,32,0.003541304665257,0.0036528132847395,0.0030461053596269,0.0040018816296109,0.0006540777588879,30,0.0035654462211838,0.0033427482706425,0.0027774936116493,0.0039184696207215,0.0010880774795391,0.2444444444444444,0.2458333333333333,0.1104166666666666,3.857594086021493,0.1453229105879717,560.0,0.1054699465217777,598.0,0.0979054827222475,533.0,0.4595973861839423,0.5843354567918143,0.3878572226929892,0.803254353877682,0.8836075805125092,1.0,0.0038157147695354,4.831730730700012,"The sisters sit together, reflecting on their shared childhood experiences and its lasting impact on their lives.",False,0.8930957536607749,0.2444444444444444,Top ↑,Tier 2
280,Growling During Intimacy,30,0.0029239651771842,0.0023411449120732,0.0020648210017906,0.0033977017669444,0.0013460671414813,32,0.0025790727556512,0.0025308451776082,0.0019116288034467,0.0029727965392347,0.0008927580241683,30,0.0026368492070871,0.0020448341681965,0.0015440123086148,0.0035714406323981,0.0016435231902981,0.2422222222222222,0.06875,0.1208333333333333,2.273910121552092,0.320794335432177,559.0,0.1086897732144474,513.0,0.6471019643535434,538.0,0.4179749516143205,0.6991579250998526,0.3954457706312874,0.9557176373752148,0.8836075805125092,0.9782608695652174,0.0027103778229237,3.088708356995309,He growls deeply as they make out in the bedroom.,False,1.0810287976852155,0.2422222222222222,Top ↑,Tier 2
16,Intergenerational Family Bonding,30,0.0021626843834425,0.0020868728552165,0.0012509438327463,0.0028963129341594,0.0011455127533376,32,0.0020708322063207,0.002093426914987,0.001625230768691,0.0024756464520285,0.0008157889738073,30,0.0017637549587952,0.001437658706085,0.0010082940434772,0.002046104536899,0.0013018974541561,0.24,0.0125,0.3041666666666666,4.482795698924747,0.1063097953767553,558.0,0.1119868720826897,486.0,0.9382476885285456,626.0,0.0404133389117554,0.5662475925234756,0.3989532317945823,0.97236578629322,0.8638351192387718,0.8260869565217391,0.0020006501181456,3.4943519746817646,"The youngest grandson sits with his older uncles, reminiscing about their fathers' shared history.",False,1.0031405648121408,0.24,Top ↑,Tier 2
81,Family Discussion Around Table,30,0.0016153725433107,0.0014974974359919,0.0013493431572155,0.0016040150693528,0.0005115644365837,32,0.0015436627139063,0.0015531652528164,0.0013136852509072,0.0017072503984481,0.0003072168883153,30,0.0018119593994637,0.001779091318416,0.0014197676746066,0.0020305123855819,0.0005954082963653,-0.24,-0.0354166666666666,-0.2375,3.4469348994857683,0.1784463202745746,342.0,0.1119868720826897,463.0,0.8162138200853785,366.0,0.1098761335896392,0.5899772703024327,0.3989532317945823,0.9557176373752148,0.8836075805125092,0.967391304347826,0.0016545344035677,2.0236010691029747,"The family sits around the table, discussing their wants and needs.",False,0.8730103673925987,0.24,Trash ↑,Tier 2
96,Whispered Love Confessions,30,0.0030247513565111,0.0027802456780549,0.0022047197734966,0.0036472046604798,0.0013980027416013,32,0.0035102516708029,0.0031920116685617,0.0025614659096723,0.0045929692134444,0.0014279671641636,30,0.0037146024842079,0.0039165208357601,0.0020240987040136,0.0048352114739492,0.0016969083178284,-0.2355555555555555,-0.1854166666666666,-0.0770833333333333,2.852220663861601,0.2402415671810247,344.0,0.118817344483297,391.0,0.2125432751706885,443.0,0.6071572556153206,0.6702124434257785,0.406355318132876,0.8076644456486163,0.8836075805125092,0.967391304347826,0.0034185724857311,2.2413612437964647,She whispers her love in his ear.,False,0.8150120274901951,0.2355555555555555,Trash ↑,Tier 2
53,Dress Shopping Together,30,0.0016169352260184,0.0015404553275595,0.0012273093365285,0.0018578167365963,0.0005719049047461,32,0.0014874607687711,0.0015240664181583,0.0011380665371219,0.0016946700136838,0.0004418869451508,30,0.0015508284675135,0.0012354019853344,0.0010585023965241,0.0016645514836628,0.0010087070135201,0.2355555555555555,0.11875,0.15625,2.7879266012154744,0.2480900979501837,556.0,0.118817344483297,537.0,0.4261171391212993,555.0,0.293994119732533,0.6702124434257785,0.406355318132876,0.8886101315822218,0.8836075805125092,0.8586956521739131,0.0015503440805069,3.822561106106175,She tries on various dresses while he waits patiently in the fitting room.,False,0.9893609324177896,0.2355555555555555,Top ↑,Tier 2
270,Tearful Sobbing,30,0.0014075423298584,0.0013562936839229,0.0011961882135496,0.0016289587007662,0.0004041561086275,32,0.001235755805265,0.001157018637817,0.0009772125742772,0.001516904330696,0.0004171052883292,30,0.0012953136448713,0.0011462688561299,0.0008094103706811,0.0017075284187578,0.0005799713530146,0.2333333333333333,0.2916666666666667,0.0041666666666666,4.1761453950443865,0.1239257482060521,555.0,0.1223529258447414,620.0,0.0494161308318507,482.0,0.9831428659767562,0.5662475925234756,0.4142481352353129,0.803254353877682,0.9947776927930492,0.7391304347826086,0.0013111941848954,2.177049519846691,"She sat alone, tears streaming down her face, sobbing uncontrollably.",False,0.853073759927169,0.2333333333333333,Top ↑,Tier 2
289,Classical Music Appreciation,30,0.0010990940987757,0.0010702699091097,0.0008779542240668,0.0012689683317185,0.000456501470895,32,0.000959124173757,0.0008845960027164,0.0007441704918123,0.0011721249027578,0.0003512198948421,30,0.0010680397623559,0.0008835108666984,0.0007300097915305,0.0011570626172816,0.0007325307671496,0.2311111111111111,0.2166666666666666,0.03125,3.031834385226716,0.2196066708319739,554.0,0.1259701931709723,584.0,0.144870565102909,495.0,0.8381615696541467,0.6419271916626931,0.4142481352353129,0.803254353877682,0.949034512363937,0.4347826086956521,0.0010402824934149,4.025871079677275,The couple enjoys listening to classical music together.,False,0.8265166688659024,0.2311111111111111,Top ↑,Tier 2
102,Hair Tugging During game,30,0.0033209431978008,0.0032747136950363,0.0023787193624833,0.0041773921637737,0.0012426575744573,32,0.0028718896404283,0.0028447711391007,0.0020797442827764,0.003801693857655,0.0012168967052055,30,0.0030382726615286,0.0025371657569947,0.0012992160401229,0.003849437185665,0.0021428616247234,0.2311111111111111,0.1875,0.0625,2.7567554932210783,0.2519870084396577,554.0,0.1259701931709723,570.0,0.2074211241123643,510.0,0.6777509024772345,0.6732777881747105,0.4142481352353129,0.8076644456486163,0.9121194562834078,0.9456521739130436,0.0030725754812346,3.1554540719038524,"He grips her hair, tugging gently as they kiss passionately.",False,0.8687083260261484,0.2311111111111111,Top ↑,Tier 2
11,Wine Tasting At Dinner,30,0.007550722817174,0.0069587562164179,0.0058511463868618,0.0099671445468403,0.0032884513039669,32,0.009063106209312,0.0087449571565952,0.0065499018446725,0.0113547271396586,0.0036523937308651,30,0.0095947755589906,0.0091598371024904,0.0060287746188929,0.01330417228652,0.0047760620301023,-0.2311111111111111,-0.2395833333333333,-0.0416666666666666,3.3566123188405754,0.1866899313564543,346.0,0.1259701931709723,365.0,0.1067801347477102,460.0,0.7835658377298897,0.6009679043761496,0.4142481352353129,0.803254353877682,0.9402790052758676,1.0,0.0087433081519883,2.091516721648476,"The couple sits at a dinner table, sipping wine and waiting for their food.",False,0.9547066135867164,0.2311111111111111,Trash ↑,Tier 2
58,Compliments And Flirting,30,0.0009906921684269,0.0009715658084582,0.0007782284859953,0.0011740796439265,0.0003453606024771,32,0.0010858098969084,0.0010711146248508,0.0007958909066829,0.0013489897425294,0.0003279779795363,30,0.0011911291645876,0.001102529878037,0.0008561529023241,0.0012944305756719,0.0005560432905701,-0.2288888888888889,-0.1416666666666666,-0.0666666666666666,2.2758765778401084,0.320479076424304,347.0,0.1296702249082816,412.0,0.3417066556295937,448.0,0.65725516871927,0.6991579250998526,0.4223544468441173,0.8750103185323755,0.8991250708079613,0.532608695652174,0.0010891364857772,3.242266275226771,She receives compliments about her appearance from him.,False,0.9715061233598792,0.2288888888888889,Trash ↑,Tier 2
254,Regretful Mistake Admission,30,0.001498991105413,0.0014399061258546,0.001234178421105,0.001816995384066,0.0003822794190819,32,0.0014632405523256,0.0014953281664705,0.0011945181023517,0.0016829435118991,0.0003456184490969,30,0.0013587939896272,0.0013042314324992,0.0010710822874235,0.0015601800300126,0.0003876604930962,0.2244444444444444,0.0229166666666666,0.2,2.7174585086488605,0.2569871348409783,551.0,0.1373228348469929,491.0,0.8824201140755036,576.0,0.1785594115121441,0.6813147295784076,0.431400957166501,0.958056123853404,0.8836075805125092,0.8804347826086957,0.0014408396796263,1.605152204008504,"She admits her mistake, wishing she could take it back.",False,1.038489965263553,0.2244444444444444,Top ↑,Tier 2
342,Mistaken Accusations,30,0.0013053510596006,0.0012790627864683,0.00111234606909,0.0014777606950333,0.0002481831081313,32,0.0011547508185702,0.0011260669629658,0.00099918710701,0.0012477755215846,0.0002748992505462,30,0.0012043980897108,0.0011597636247621,0.0009238094734893,0.0013358335112925,0.000335619728747,0.2222222222222222,0.3333333333333333,-0.0791666666666666,5.05833333333328,0.0797254304698718,550.0,0.1412775064404915,640.0,0.0246590958043104,442.0,0.5973456715788438,0.5662475925234756,0.431400957166501,0.803254353877682,0.8836075805125092,0.7934782608695652,0.0012200489203651,1.6527862477122093,"A couple argues heatedly, each convinced the other has done something wrong.",False,0.8803843617690025,0.2222222222222222,Top ↑,Tier 2
363,Goofball's Webcam Connection,30,0.0025518133172472,0.002276671310348,0.0018884285547472,0.0028312753359142,0.0011455588666086,32,0.0029682921404609,0.0022359236077544,0.0019364400393307,0.0025741584089851,0.0041269825708158,30,0.0021023776603228,0.0019913406276525,0.0016594717129623,0.0027054688498772,0.0008071096451383,0.2222222222222222,0.09375,0.11875,2.14160822814398,0.3427328103078775,550.0,0.1412775064404915,525.0,0.530775436380949,537.0,0.4261171391212993,0.6991579250998526,0.431400957166501,0.9308984576527414,0.8836075805125092,0.9782608695652174,0.002550120411107,9.949782891345516,"She watches him on webcam, feeling a connection despite his goofball antics.",False,0.9821020273683791,0.2222222222222222,Top ↑,Tier 2
123,Police Involvement,30,0.0021665625123685,0.0020511696409063,0.0017180855025436,0.002405618166721,0.0007418178318658,32,0.0018930201455091,0.0018175560383794,0.00151817847224,0.0022766331127612,0.0005356693332354,30,0.0019857250124492,0.0018654736108837,0.0015747486006425,0.0021330649115611,0.0008968663842307,0.2222222222222222,0.25,-0.0479166666666666,3.436182211313678,0.1794082927235467,550.0,0.1412775064404915,600.0,0.0923236948533557,457.0,0.7512945586546258,0.5899772703024327,0.431400957166501,0.803254353877682,0.9176526394995788,0.9782608695652174,0.0020124485913133,2.549877614572623,The couple considers or involves the police in their situation.,False,0.8861070842320107,0.2222222222222222,Top ↑,Tier 2
312,Stubble And Tousled Hair,30,0.0043543794770322,0.0040798362371461,0.0028326200955357,0.0055264115680193,0.0018048770279735,32,0.0037574497999607,0.0037145871833873,0.0025451353598045,0.004962153241588,0.0015967797178667,30,0.004155498569204,0.0030469251986938,0.0020419684711499,0.0053071675720129,0.00339525241206,0.2177777777777777,0.1625,0.0666666666666666,2.330984104721836,0.3117692175048367,548.0,0.1494487062304631,558.0,0.2749836375168771,512.0,0.65725516871927,0.6991579250998526,0.4444474567897252,0.8734726646103013,0.8991250708079613,0.9891304347826086,0.0040818992933242,4.280541619950137,"He runs a hand through his tousled hair, dark stubble dappling his chin.",False,0.910474557414638,0.2177777777777777,Top ↑,Tier 2
360,Relaxing Moment,30,0.0044249173634022,0.0043009151848476,0.0035782512005712,0.0050400597265203,0.0010089088223812,32,0.0041061543771963,0.0040790136133265,0.003398962933026,0.0045918606788544,0.0010914746898704,30,0.0038941610652096,0.0039926254139694,0.0034466427551039,0.0047318568804735,0.0013281380580604,0.2155555555555555,0.20625,0.0208333333333333,2.6783982000934543,0.2620554647657199,547.0,0.1536672354850899,579.0,0.1653010622924956,490.0,0.8935480033872298,0.6862750687444568,0.4491811498794935,0.803254353877682,0.9579143512804108,0.9782608695652174,0.0041409705753112,1.6698866344056509,She finds herself relaxing for the first time all day.,False,0.9484059422646862,0.2155555555555555,Top ↑,Tier 2
225,Early Morning Hesitation,30,0.0008341300844551,0.0008011998859728,0.0005801538674522,0.0010159966507222,0.0003148313448582,32,0.0009177100488145,0.0008702982577293,0.0007322254401865,0.0010937565419096,0.0003127008839043,30,0.0010276767577324,0.0009423400572982,0.0006972576386795,0.0012268256421059,0.0004794562464654,-0.2155555555555555,-0.1541666666666666,-0.0979166666666666,2.3684169004207547,0.3059882886308469,353.0,0.1536672354850899,406.0,0.300522311495472,433.0,0.5124712646622136,0.6991579250998526,0.4491811498794935,0.8750103185323755,0.8836075805125092,0.3369565217391304,0.0009263144220401,2.4648931619833307,"She hesitates, unsure if it's too early to share her feelings.",False,0.9235500057904278,0.2155555555555555,Trash ↑,Tier 2
220,Evening Boat Ride,30,0.0028515807595906,0.0027210645231143,0.0021476923047052,0.0032364277332574,0.0011067722886357,32,0.0060095329726112,0.0031154890903796,0.0023136775878398,0.0040614467910093,0.0163939749683935,30,0.0034396475353312,0.0031197447913192,0.0022085058899977,0.0047164831865836,0.0014482673962473,-0.2133333333333333,-0.1541666666666666,-0.0583333333333333,2.162681159420345,0.339140575790001,354.0,0.1579756891505133,406.0,0.300522311495472,452.0,0.6984879602465006,0.6991579250998526,0.4493561440821639,0.8750103185323755,0.9176526394995788,0.9782608695652174,0.004141759825774,23.089131705813976,"The couple relaxes on a boat, enjoying the evening and each other's company.",False,0.9986358496967308,0.2133333333333333,Trash ↑,Tier 2
165,Emotional Voice Cracks,30,0.0012653682679105,0.0011701814238353,0.0009645385780884,0.0013982882346082,0.0005378881811583,32,0.0011586681066841,0.0010904634483736,0.0008432152348993,0.0013007523293134,0.0005195620796909,30,0.001088964049545,0.0009783492638439,0.0006814036913458,0.0013560924031474,0.0004989948722303,0.2133333333333333,0.1583333333333333,0.08125,2.2951116175783,0.3174116367640682,546.0,0.1579756891505133,556.0,0.2875617147663595,519.0,0.5876068182859993,0.6991579250998526,0.4493561440821639,0.8750103185323755,0.8836075805125092,0.5869565217391305,0.0011707320536691,2.6502737846001585,"She struggles to hold back tears, her voice cracking with emotion.",False,0.9318754621929052,0.2133333333333333,Top ↑,Tier 2
212,Office Work At Desk,60,0.0022912571190019,0.0020556598920946,0.0016574886132669,0.0028384784514013,0.0008278279023186,64,0.0020717072521633,0.0019425697003842,0.0016343589497724,0.0023502803889682,0.0006812035005017,60,0.0020706168515177,0.0018548485925502,0.0014991131241868,0.002363052936694,0.0009359419869705,0.2116666666666666,0.1302083333333333,0.0890625,4.164018434194986,0.1246794522801561,2181.0,0.0458135533531116,2170.0,0.2122142202406703,2091.0,0.3939366390094608,0.5662475925234756,0.3303519167305191,0.8076644456486163,0.8836075805125092,0.9836956521739132,0.0021429440346176,2.5245353525425025,"She sits at her desk in the office, staring at her computer screen.",False,0.9449858964297144,0.2116666666666666,Top ↑,Tier 2
317,Scent-induced Intimacy,30,0.0022056193053394,0.0021951503899734,0.001383650665574,0.0026725247645666,0.0013113557902752,32,0.0022459335207728,0.0021590434762281,0.0017917664729864,0.0028505835054427,0.0007708746229637,30,0.0025232047369205,0.0026136300759999,0.0016316171070248,0.0031038646531944,0.0012625839682335,-0.2111111111111111,-0.1125,-0.1041666666666666,2.021552127162181,0.3639364321375036,355.0,0.1623750224127674,426.0,0.4510919207309779,430.0,0.4856449387719904,0.7112357702344356,0.4493561440821639,0.9021838414619558,0.8836075805125092,0.9130434782608696,0.0023232021079623,3.3761787292692413,"She notices his scent, triggering intimate thoughts and actions.",False,0.8260707639718564,0.2111111111111111,Trash ↑,Tier 2
355,Blushing Cheeks Conversation,30,0.0016338060536875,0.0014897451249766,0.0011915782157007,0.001869802962536,0.0007106345878416,32,0.001360225986053,0.0012602268459945,0.0010048216606398,0.0015955935577888,0.0005601521321573,30,0.0014190734001046,0.0011503300885775,0.0007845110626144,0.0019085748076668,0.0007514271338075,0.2111111111111111,0.2229166666666666,-0.0083333333333333,2.83477968676948,0.2423457524429349,545.0,0.1623750224127674,587.0,0.1335758618476084,476.0,0.9606796896828408,0.6702124434257785,0.4493561440821639,0.803254353877682,0.9926056008203368,0.717391304347826,0.0014686262518202,2.4802727385731096,She felt her cheeks heat as she struggled to express her feelings.,False,0.845934475819059,0.2111111111111111,Top ↑,Tier 2
144,Dates And Calendar Confusion,30,0.0017081474499271,0.0015457321450511,0.0013630894899561,0.0018716236402975,0.0006341016736431,32,0.0016334452753108,0.0015758569101648,0.0013340284648697,0.001888100850588,0.0004515274913961,30,0.0017614391121891,0.0017137086353347,0.001523936532438,0.0018692695142903,0.0004607699992086,-0.2111111111111111,0.0229166666666666,-0.2041666666666666,2.592026063581102,0.2736205375816375,355.0,0.1623750224127674,491.0,0.8824201140755036,382.0,0.1696355912946409,0.688075175389118,0.4493561440821639,0.958056123853404,0.8836075805125092,0.9782608695652174,0.0016995418007982,2.5278538854567096,"She struggles to manage her calendar, trying to fit in dates with him.",False,0.919559361326929,0.2111111111111111,Trash ↑,Tier 2
267,Cocky Smirk During Argument,30,0.0009898576652281,0.0007560062529803,0.0005259799527979,0.0011098586523124,0.0007302885736153,32,0.0008401023864977,0.0007131229545204,0.0005433361957301,0.0009837001936213,0.0005134412958844,30,0.0007617058544526,0.0006183427597152,0.000315451992196,0.000985526999754,0.0005971133199167,0.2088888888888889,0.06875,0.1520833333333333,2.128003740065424,0.3450721097466472,544.0,0.1668661704632597,513.0,0.6471019643535434,553.0,0.3071464020316433,0.6991579250998526,0.4493561440821639,0.9557176373752148,0.8836075805125092,0.2717391304347826,0.0008633715430255,3.567761215218085,He smirks cockily at her during an intense argument.,False,0.9432764046349555,0.2088888888888889,Top ↑,Tier 2
100,Gifting White Roses,30,0.0010320588897346,0.0008880384833297,0.00079457463643,0.0010686995957271,0.0003923666120604,32,0.000953802049713,0.0009420927205885,0.0007804810928113,0.0010670268207061,0.0003080456277452,30,0.0010731146529501,0.0007802883902314,0.0006706974519855,0.0011372272467503,0.000770493511719,0.2088888888888889,-0.0145833333333333,0.15,1.915658602150529,0.383724933887028,544.0,0.1668661704632597,473.0,0.9270489223554538,552.0,0.3138664666322961,0.7126217961633412,0.4493561440821639,0.97236578629322,0.8836075805125092,0.3804347826086957,0.0010182268681669,3.6942562808527706,"He presents her with a bouquet of white roses, her favorite.",False,1.0608691314470955,0.2088888888888889,Top ↑,Tier 2
211,Hair Play During Intimacy,30,0.0023216285642045,0.0020982955489182,0.001523278203897,0.0027783322548455,0.0012608213436248,32,0.0023948950146213,0.0024365431088513,0.0018591808969801,0.00310740403584,0.0008063634361689,30,0.002666850709485,0.0027742117170054,0.0016305227139792,0.0034221011585833,0.001175960589968,-0.2088888888888889,-0.13125,-0.11875,2.219904160822807,0.329574753783409,356.0,0.1668661704632597,417.0,0.3786594360900338,423.0,0.4261171391212993,0.6991579250998526,0.4493561440821639,0.8750103185323755,0.8836075805125092,0.9239130434782608,0.0024596849856366,2.872844128020884,"She runs her fingers through his hair, playing with the strands as they sit close together.",False,0.8782830113821054,0.2088888888888889,Trash ↑,Tier 2
116,Important Conversation,30,0.0020451224881335,0.0020001543705335,0.0015866660070065,0.0024469040546076,0.0005781874143483,32,0.0017344708493368,0.0016820983732559,0.0014230228369111,0.0019468074348091,0.0004967575806216,30,0.0018808856989639,0.001699882930429,0.001546594539762,0.00212964060069,0.0007771844368703,0.2088888888888889,0.3145833333333333,-0.0979166666666666,4.62775829827018,0.0988769482283874,544.0,0.1668661704632597,631.0,0.0340120680035908,433.0,0.5124712646622136,0.5662475925234756,0.4493561440821639,0.803254353877682,0.8836075805125092,0.9565217391304348,0.001883514269475,2.5213444229009614,"The couple discusses a crucial matter, emphasizing its importance.",False,0.8409842329863768,0.2088888888888889,Top ↑,Tier 2
221,Quick Shower Hygiene,30,0.0018266622648494,0.0015728256218168,0.0013791439358693,0.0018996500866648,0.0009749401891408,32,0.0020617031852173,0.0017903801096497,0.0014515471317048,0.0025853739432986,0.0008433338230148,30,0.0020754033151535,0.0020386114765247,0.0013633045760664,0.0027210769210233,0.0008564850413821,-0.2044444444444444,-0.20625,-0.0020833333333333,2.5307971014492523,0.282126831877374,358.0,0.1761275454839878,381.0,0.1653010622924956,479.0,0.994380583695647,0.6991579250998526,0.4561522660648683,0.803254353877682,0.997296655788596,0.9130434782608696,0.0019895268405113,2.803938374370275,She leads her into the bathroom and turns on the hot water for a quick shower.,False,0.878235035190883,0.2044444444444444,Trash ↑,Tier 2
41,Confused About Feelings,30,0.0013731905132764,0.0013309490070278,0.0010664666629383,0.0015236581086277,0.0003819755170955,32,0.0012709911899575,0.0012719288894257,0.0010949936628814,0.0014509510176729,0.0002724619359123,30,0.0012388505059145,0.0012309928700704,0.0010693198617959,0.0013745574946267,0.0002258531274398,0.2022222222222222,0.1166666666666666,0.0833333333333333,1.8237494156147136,0.4017703156279797,541.0,0.1808995334979229,536.0,0.4343511151453348,520.0,0.5779420743689889,0.7141982884180058,0.4561522660648683,0.9002914023012395,0.8836075805125092,0.8586956521739131,0.001293836398417,2.1480733211284333,"She sits alone, confused about her feelings for him.",False,0.9556555413798468,0.2022222222222222,Top ↑,Tier 2
166,Angry Shouting Match,30,0.001101626830513,0.0009693887462899,0.0008815473408612,0.0010992694817369,0.0004905613564001,32,0.0010379457695783,0.0010037623757298,0.0008150050149733,0.0012090166499436,0.0002878169913561,30,0.0009871446543226,0.0008667995899296,0.0007599527518764,0.001034273979901,0.0003833825734669,0.2022222222222222,-0.01875,0.1979166666666666,2.4057971014492523,0.3003224492455151,541.0,0.1808995334979229,471.0,0.904696887320388,575.0,0.183150203156622,0.6991579250998526,0.4561522660648683,0.9668947983236648,0.8836075805125092,0.4239130434782608,0.0010421457518649,2.6622409293113884,"She shouts in exasperation, her voice echoing in the bathroom as he stands there, unmoved.",False,1.0354589694026997,0.2022222222222222,Top ↑,Tier 2
133,Breast And Nipple Play,60,0.0029861647118317,0.0027368316469617,0.0022263603120776,0.0035670173446433,0.0011914065720119,64,0.0027220568720418,0.0026388718451784,0.0021006101261434,0.0033807713635865,0.0010065974824299,60,0.0028926661709002,0.0024769336131563,0.001785118009165,0.0031555965714263,0.0020951581560944,0.2016666666666666,0.1119791666666666,0.0984375,3.756884547591085,0.152827984590107,2163.0,0.0570886368736907,2135.0,0.2834955139524662,2109.0,0.3459367111278012,0.5843354567918143,0.3303519167305191,0.8734726646103013,0.8836075805125092,0.967391304347826,0.0028638124607315,4.198643136565891,He teases her nipples with his thumbs and tongue.,False,0.9642068234950842,0.2016666666666666,Top ↑,Tier 2
